NOMBRE_PROYECTO,ETAPA,FEC_OPCION,FECHA_DESISTIMIENTO,Entidad Financiera compra,MEDIO,VLR_VIVIENDA,PERIODO,PERIODO_AFILIADO,SEGMENTO_POBLACIONAL,CATEGORIA,RANGO_EDAD,NO_GRUPO_FAMILAR,NO_BENEFICIARIOS_CUOTA_MONETARIA,PIRAMIDE_NUEVA,EMPRESA_FOCO
Los Nogales,ETAPA 1,2/10/2024,No,Banco,Ferias empresariales,"5,523,620,000,000",2024-2,2024-2,NU,TAU,20 - 35 años,,,RHO,X
Agrupacion De Vivienda Bosque De Arrayan,ETAPA 3,2/13/2024,No,Colsubsidio,Banderas y/o señalización,"1,770,600,000,000",2024-2,2024-2,KAPPA,OMEGA,20 - 35 años,,,NU,
Agrupacion De Vivienda Reserva De Guayacan,ETAPA 1,12/21/2024,No,Banco,Referido,"2,360,000,000,000",2024-12,2024-12,SIGMA,OMEGA,36 - 45 años,1,1,ALPHA,
Agrupación De Vivienda La Macarena,ETAPA 3,2/18/2024,No,Banco,Banderas y/o señalización,"1,495,000,000,000",2024-2,2024-2,KAPPA,OMEGA,36 - 45 años,1,,RHO,
Los Nogales,ETAPA 2,1/7/2025,No,Banco,Referido,"5,634,980,000,000",2025-1,2025-1,SIGMA,TAU,46 - 55 años,1,,RHO,X
Agrupacion De Vivienda Reserva De Guayacan,ETAPA 1,1/8/2025,No,Banco,Referido,"2,360,000,000,000",2025-1,2025-1,SIGMA,TAU,Mayor de 55 años,,,GAMMA,
Agrupación De Vivienda Pamplona I,ETAPA 5,2/3/2024,No,Banco,Banderas y/o señalización,"2,293,000,000,000",2024-2,2024-2,KAPPA,OMEGA,20 - 35 años,2,1,TAU,
Los Nogales,2,2/29/2024,Si,Banco,Sin Informacion,"5,537,395,700,000",2024-2,2024-2,KAPPA,OMEGA,36 - 45 años,3,2,TAU,
Agrupación De Vivienda Pamplona I,ETAPA 2,3/15/2026,No,Banco,Banderas y/o señalización,"1,786,000,000,000",2026-3,2026-3,KAPPA,OMEGA,20 a 35 años,2,2,NU,
VERDE ESPERANZA EL DORADO,ETAPA 1,3/28/2026,No,Colsubsidio,Banderas y/o señalización,"1,753,000,000,000",2026-3,2026-3,SIGMA,ETA,36 a 45 años,1,1,GAMMA,
VERDE ESPERANZA EL DORADO,ETAPA 1,3/15/2026,No,Banco,Banderas y/o señalización,"1,753,000,000,000",2026-3,2026-3,KAPPA,OMEGA,20 a 35 años,,,TAU,
Agrupación De Vivienda La Macarena,ETAPA 4,3/2/2026,No,Banco,Banderas y/o señalización,"1,479,515,000,000",2026-3,2026-3,SIGMA,ETA,46 a 55 años,6,,GAMMA,
Agrupación De Vivienda Monguí,ETAPA 2,3/1/2026,No,Colsubsidio,Banderas y/o señalización,"1,952,259,000,000",2026-3,2026-3,SIGMA,OMEGA,36 a 45 años,2,2,GAMMA,
Agrupacion De Vivienda Bosque De Arrayan,ETAPA 3,3/19/2026,No,Colsubsidio,Banderas y/o señalización,"2,034,180,000,000",2026-3,2026-3,NU,ETA,20 a 35 años,,,GAMMA,
Proyecto Karakalí,ETAPA 1,3/31/2026,No,Banco,Banderas y/o señalización,"2,363,721,750,000",2026-3,2026-3,SIGMA,ETA,Mayor de 55 años,1,,TAU,
Agrupacion De Vivienda Payande,,12/19/2025,Si,Banco,Sin Informacion,"2,020,544,370,000",2025-12,2025-12,KAPPA,OMEGA,36 a 45 años,2,,TAU,
ARAUCARIA,ETAPA 1,12/21/2025,No,Banco,Banderas y/o señalización,"6,082,000,000,000",2025-12,2025-12,SIGMA,TAU,20 a 35 años,1,,TAU,
Agrupación De Vivienda Pamplona I,ETAPA 1,3/25/2024,No,Banco,Referido,"2,078,310,000,000",2024-3,2024-3,SIGMA,OMEGA,36 - 45 años,2,,TAU,
Agrupación De Vivienda La Macarena,ETAPA 4,4/26/2026,No,Colsubsidio,Activación,"1,567,060,000,000",2026-4,2026-4,KAPPA,OMEGA,20 a 35 años,3,2,GAMMA,
AGRUPACIÓN DE VIVIENDA SAMÁN ,ETAPA 1,4/26/2026,No,Banco,Ferias empresariales,"2,532,490,950,000",2026-4,2026-4,NU,OMEGA,20 a 35 años,,,GAMMA,
Agrupación De Vivienda La Macarena,ETAPA 4,4/25/2026,No,Colsubsidio,Banderas y/o señalización,"1,497,024,000,000",2026-4,2026-4,KAPPA,OMEGA,20 a 35 años,,,NU,
Agrupacion De Vivienda Bosque De Arrayan,ETAPA 4,4/26/2026,No,Colsubsidio,Banderas y/o señalización,"2,155,000,000,000",2026-4,2026-4,SIGMA,OMEGA,36 a 45 años,1,1,ZETA,
AGRUPACIÓN DE VIVIENDA SAMÁN ,ETAPA 1,4/13/2026,No,Banco,Referido,"2,550,000,000,000",2026-4,2026-4,KAPPA,OMEGA,20 a 35 años,,,TAU,
La Arboleda,ETAPA 1,8/29/2025,No,Banco,Banderas y/o señalización,"1,642,719,000,000",2025-8,2025-8,SIGMA,OMEGA,20 a 35 años,1,1,GAMMA,
AGRUPACIÓN DE VIVIENDA BOSQUE DE TURPIAL,,7/31/2024,Si,Banco,Sin Informacion,"2,263,000,000,000",2024-7,2024-7,NU,ETA,20 - 35 años,,,GAMMA,
VILLA FIORITA,ETAPA 2,11/19/2024,No,Banco,Banderas y/o señalización,"1,987,206,000,000",2024-11,2024-11,SIGMA,OMEGA,Mayor de 55 años,,,GAMMA,
Agrupación De Vivienda La Macarena,ETAPA 3,3/16/2025,No,Colsubsidio,Referido,"1,477,593,000,000",2025-3,2025-3,SIGMA,ETA,20 a 35 años,1,,GAMMA,
Agrupación De Vivienda La Macarena,ETAPA 3,7/31/2024,No,Banco,Redes Sociales,"1,362,400,000,000",2024-7,2024-7,NU,OMEGA,20 - 35 años,,,RHO,X
INARI,ETAPA 1,11/23/2024,No,Banco,Banderas y/o señalización,"2,808,000,000,000",2024-11,2024-11,KAPPA,OMEGA,36 - 45 años,5,4,NU,
Agrupacion De Vivienda Fuentevida,ETAPA 2,3/21/2025,No,Colsubsidio,Referido Alcaldía,"1,281,150,000,000",2025-3,2025-3,SIGMA,OMEGA,20 a 35 años,1,1,NU,
VERDE ESPERANZA EL DORADO,ETAPA 1,9/28/2025,No,Colsubsidio,Valla ,"1,578,000,000,000",2025-9,2025-9,KAPPA,OMEGA,46 a 55 años,3,2,GAMMA,
Versalles,ETAPA 2,9/1/2025,No,Banco,Referido,"2,312,000,000,000",2025-9,2025-9,KAPPA,OMEGA,20 a 35 años,1,1,TAU,
Agrupación De Vivienda La Macarena,ETAPA 4,4/26/2026,No,Colsubsidio,Banderas y/o señalización,"1,575,815,000,000",2026-4,2026-4,KAPPA,OMEGA,Mayor de 55 años,,,ZETA,
Agrupación De Vivienda La Macarena,ETAPA 3,9/13/2025,No,Banco,Banderas y/o señalización,"1,561,331,000,000",2025-9,2025-9,KAPPA,OMEGA,20 a 35 años,3,3,ZETA,
AGRUPACIÓN DE VIVIENDA SAMÁN ,ETAPA 1,8/22/2025,No,Banco,Ferias empresariales,"2,550,000,000,000",2025-8,2025-8,SIGMA,ETA,20 a 35 años,2,2,NU,
Agrupación De Vivienda Monguí,ETAPA 3,4/28/2026,No,Banco,Banderas y/o señalización,"1,969,768,000,000",2026-4,2026-4,KAPPA,OMEGA,20 a 35 años,,,TAU,
Agrupación De Vivienda Monguí,ETAPA 3,4/26/2026,No,Banco,Activación,"1,961,014,000,000",2026-4,2026-4,KAPPA,OMEGA,36 a 45 años,4,4,TAU,
Agrupación De Vivienda Monguí,ETAPA 1,9/21/2025,No,Banco,Banderas y/o señalización,"1,644,142,500,000",2025-9,2025-9,NU,ETA,20 a 35 años,,,TAU,
VERDE ESPERANZA EL DORADO,ETAPA 1,9/18/2025,No,Colsubsidio,Banderas y/o señalización,"1,578,000,000,000",2025-9,2025-9,KAPPA,OMEGA,20 a 35 años,2,1,TAU,
INARI,ETAPA 1,8/23/2025,No,Colsubsidio,Activación,"2,506,000,000,000",2025-8,2025-8,NU,ETA,20 a 35 años,,,TAU,
Agrupación De Vivienda La Macarena,ETAPA 2,7/25/2024,No,Banco,Referido,"1,492,400,000,000",2024-7,2024-7,KAPPA,OMEGA,20 - 35 años,3,,TAU,
CONJUNTO RESIDENCIAL VIBO ONCE,ETAPA 1,4/25/2026,No,Banco,Banderas y/o señalización,"2,813,000,000,000",2026-4,2026-4,SIGMA,OMEGA,20 a 35 años,1,1,TAU,
VERDE ESPERANZA EL DORADO,ETAPA 1,1/6/2026,No,Colsubsidio,Banderas y/o señalización,"1,753,000,000,000",2026-1,2026-1,KAPPA,OMEGA,36 a 45 años,2,2,GAMMA,
VERDE ESPERANZA EL DORADO,ETAPA 1,10/16/2025,No,Colsubsidio,Banderas y/o señalización,"1,578,000,000,000",2025-10,2025-10,NU,OMEGA,20 a 35 años,,,GAMMA,
INARI,ETAPA 1,10/23/2025,No,Colsubsidio,Activación,"2,506,000,000,000",2025-10,2025-10,NU,OMEGA,20 a 35 años,,,TAU,
Agrupacion De Vivienda Reserva De Guayacan,ETAPA 1,10/13/2025,No,Banco,Ferias empresariales,"2,360,000,000,000",2025-10,2025-10,SIGMA,OMEGA,Mayor de 55 años,1,,GAMMA,
La Arboleda,ETAPA 3,7/20/2025,No,Colsubsidio,Ferias empresariales,"2,233,450,000,000",2025-7,2025-7,SIGMA,OMEGA,36 a 45 años,1,,NU,
AGRUPACIÓN DE VIVIENDA BOSQUE DE TURPIAL,ETAPA 1,11/19/2025,No,Colsubsidio,Activación,"2,101,090,000,000",2025-11,2025-11,KAPPA,OMEGA,46 a 55 años,,,TAU,
Agrupación De Vivienda Monguí,ETAPA 2,10/12/2025,No,Banco,Banderas y/o señalización,"1,793,610,000,000",2025-10,2025-10,KAPPA,OMEGA,20 a 35 años,2,1,TAU,
INARI,ETAPA 1,7/4/2025,No,Colsubsidio,Banderas y/o señalización,"2,506,000,000,000",2025-7,2025-7,KAPPA,OMEGA,Mayor de 55 años,,,TAU,
La Arboleda,ETAPA 2,6/14/2025,No,Banco,Banderas y/o señalización,"1,789,339,500,000",2025-6,2025-6,NU,OMEGA,20 a 35 años,,,RHO,X
INARI,ETAPA 1,5/31/2025,No,Colsubsidio,Activación,"2,916,000,000,000",2025-5,2025-5,SIGMA,OMEGA,46 a 55 años,3,3,RHO,X
Agrupación De Vivienda Pamplona I,ETAPA 3,5/31/2026,No,Colsubsidio,Banderas y/o señalización,"2,100,000,000,000",2026-5,2026-5,NU,OMEGA,20 a 35 años,,,RHO,X
Agrupación De Vivienda Monguí,ETAPA 2,6/13/2025,No,Banco,Ferias empresariales,"1,991,476,500,000",2025-6,2025-6,KAPPA,OMEGA,20 a 35 años,2,2,NU,
INARI,ETAPA 1,5/19/2026,No,Colsubsidio,Activación,"2,506,000,000,000",2026-5,2026-5,NU,ETA,20 a 35 años,,,GAMMA,
Proyecto Karakalí,ETAPA 1,6/15/2025,No,Banco,Ferias empresariales,"2,451,267,000,000",2025-6,2025-6,SIGMA,ETA,36 a 45 años,,,NU,
Agrupacion De Vivienda Reserva De Guayacan,ETAPA 1,5/11/2026,No,Banco,Ferias empresariales,"2,360,000,000,000",2026-5,2026-5,KAPPA,OMEGA,36 a 45 años,1,1,TAU,
AGRUPACIÓN DE VIVIENDA SAMÁN ,ETAPA 1,6/14/2025,No,Colsubsidio,Ferias empresariales,"2,550,000,000,000",2025-6,2025-6,SIGMA,OMEGA,20 a 35 años,1,1,ALPHA,
Agrupación De Vivienda Pamplona I,ETAPA 4,6/18/2025,No,Banco,Ferias empresariales,"2,361,000,000,000",2025-6,2025-6,SIGMA,OMEGA,46 a 55 años,1,1,ALPHA,
INARI,ETAPA 1,6/13/2025,No,Colsubsidio,Banderas y/o señalización,"2,549,000,000,000",2025-6,2025-6,KAPPA,OMEGA,20 a 35 años,,,GAMMA,X
AGRUPACIÓN DE VIVIENDA SAMÁN ,ETAPA 1,6/14/2025,No,Banco,Ferias empresariales,"2,550,000,000,000",2025-6,2025-6,KAPPA,OMEGA,Mayor de 55 años,1,,GAMMA,
Agrupación De Vivienda La Macarena,ETAPA 1,4/18/2024,No,Colsubsidio,Banderas y/o señalización,"1,340,300,000,000",2024-4,2024-4,KAPPA,OMEGA,20 - 35 años,1,1,RHO,X
Agrupación De Vivienda Pamplona I,ETAPA 4,6/29/2025,No,Banco,Banderas y/o señalización,"2,361,000,000,000",2025-6,2025-6,KAPPA,OMEGA,20 a 35 años,1,1,TAU,
Agrupacion De Vivienda Bosque De Arrayan,ETAPA 4,4/30/2024,No,Colsubsidio,Banderas y/o señalización,"1,773,200,000,000",2024-4,2024-4,SIGMA,OMEGA,36 - 45 años,,,TAU,
VILLA FIORITA,ETAPA 2,6/28/2025,No,Banco,Ferias empresariales,"2,135,250,000,000",2025-6,2025-6,NU,OMEGA,20 a 35 años,,,TAU,
La Arboleda,ETAPA 2,4/26/2024,No,Colsubsidio,Banderas y/o señalización,"1,945,924,500,000",2024-4,2024-4,KAPPA,OMEGA,20 - 35 años,,,TAU,
Versalles,ETAPA 1,5/18/2026,No,Banco,Banderas y/o señalización,"1,987,000,000,000",2026-5,2026-5,KAPPA,OMEGA,36 a 45 años,4,4,GAMMA,
INARI,1,6/4/2025,Si,Colsubsidio,Sin Informacion,"2,808,000,000,000",2025-6,2025-6,KAPPA,OMEGA,20 a 35 años,1,1,TAU,
AGRUPACIÓN DE VIVIENDA SAMÁN ,ETAPA 1,5/5/2026,No,Banco,Ferias empresariales,"2,532,490,950,000",2026-5,2026-5,SIGMA,OMEGA,Mayor de 55 años,1,,TAU,
Agrupacion De Vivienda Fuentevida,ETAPA 2,4/24/2025,No,Colsubsidio,Referido Alcaldía,"1,281,150,000,000",2025-4,2025-4,KAPPA,OMEGA,36 a 45 años,1,1,GAMMA,
La Arboleda,ETAPA 3,4/28/2025,No,Colsubsidio,Banderas y/o señalización,"2,412,130,000,000",2025-4,2025-4,KAPPA,OMEGA,20 a 35 años,3,2,TAU,
VERDE ESPERANZA EL DORADO,ETAPA 1,2/28/2026,No,Colsubsidio,Banderas y/o señalización,"1,753,000,000,000",2026-2,2026-2,SIGMA,OMEGA,20 a 35 años,1,1,GAMMA,
VILLA MERCEDES EL DORADO,ETAPA 1,2/20/2026,No,Banco,Referido Alcaldía,"1,715,000,000,000",2026-2,2026-2,KAPPA,OMEGA,20 a 35 años,,,TAU,
VILLA MERCEDES EL DORADO,ETAPA 1,2/13/2026,No,Banco,Referido Alcaldía,"1,715,000,000,000",2026-2,2026-2,KAPPA,ETA,46 a 55 años,1,,IOTA,
VILLA MERCEDES EL DORADO,ETAPA 1,2/11/2026,No,Banco,Referido Alcaldía,"1,715,000,000,000",2026-2,2026-2,KAPPA,OMEGA,36 a 45 años,1,1,TAU,
VILLA MERCEDES EL DORADO,ETAPA 1,2/20/2026,No,Colsubsidio,Referido Alcaldía,"1,715,000,000,000",2026-2,2026-2,SIGMA,OMEGA,20 a 35 años,2,2,NU,
Agrupación De Vivienda Monguí,ETAPA 2,2/10/2026,No,Banco,Banderas y/o señalización,"1,584,569,000,000",2026-2,2026-2,KAPPA,OMEGA,20 a 35 años,,,RHO,
Agrupación De Vivienda Monguí,ETAPA 2,2/21/2026,No,Colsubsidio,Banderas y/o señalización,"1,575,815,000,000",2026-2,2026-2,KAPPA,OMEGA,20 a 35 años,3,2,GAMMA,
Agrupación De Vivienda La Macarena,ETAPA 3,10/4/2024,No,Contado,Banderas y/o señalización,"1,368,900,000,000",2024-10,2024-10,KAPPA,OMEGA,Menor de 19 años,2,1,TAU,
La Arboleda,ETAPA 1,10/31/2024,No,Banco,Banderas y/o señalización,"1,776,528,000,000",2024-10,2024-10,KAPPA,OMEGA,Mayor de 55 años,2,,TAU,
VILLA MERCEDES EL DORADO,ETAPA 1,2/19/2026,No,Banco,Referido Alcaldía,"1,715,000,000,000",2026-2,2026-2,KAPPA,ETA,46 a 55 años,1,,IOTA,
Agrupación De Vivienda Monguí,ETAPA 1,2/21/2026,No,Colsubsidio,Activación,"1,584,569,000,000",2026-2,2026-2,SIGMA,ETA,36 a 45 años,2,,NU,
Agrupacion De Vivienda Reserva De Guayacan,ETAPA 1,7/8/2026,No,Banco,Contact Center,"2,395,000,000,000",2026-7,2026-6,NU,ETA,20 a 35 años,,,RHO,X
Agrupación De Vivienda La Macarena,ETAPA 4,7/3/2026,No,Banco,Activación,"1,567,060,000,000",2026-7,2026-6,KAPPA,OMEGA,46 a 55 años,2,,TAU,
VERDE ESPERANZA EL DORADO,ETAPA 1,7/1/2026,No,Colsubsidio,Banderas y/o señalización,"1,793,000,000,000",2026-7,2026-6,KAPPA,OMEGA,46 a 55 años,,,NU,
Agrupación De Vivienda Pamplona I,ETAPA 5,7/1/2026,No,Banco,Banderas y/o señalización,"2,293,000,000,000",2026-7,2026-6,KAPPA,OMEGA,36 a 45 años,3,2,GAMMA,
Los Nogales,ETAPA 1,7/4/2026,No,Colsubsidio,Banderas y/o señalización,"5,389,330,000,000",2026-7,2026-6,SIGMA,TAU,36 a 45 años,,,ZETA,
Versalles,ETAPA 1,7/2/2026,No,Banco,Banderas y/o señalización,"2,022,000,000,000",2026-7,2026-6,KAPPA,OMEGA,Mayor de 55 años,,,TAU,
Agrupación De Vivienda Pamplona I,ETAPA 2,2/21/2026,No,Banco,Activación,"1,786,000,000,000",2026-2,2026-2,KAPPA,OMEGA,36 a 45 años,2,2,TAU,
VILLA MERCEDES EL DORADO,ETAPA 1,2/13/2026,No,Colsubsidio,Referido Alcaldía,"1,715,000,000,000",2026-2,2026-2,KAPPA,OMEGA,46 a 55 años,1,1,TAU,
VILLA MERCEDES EL DORADO,ETAPA 1,2/28/2026,No,Banco,Referido Alcaldía,"1,715,000,000,000",2026-2,2026-2,KAPPA,OMEGA,Mayor de 55 años,1,,TAU,
La Arboleda,ETAPA 3,7/10/2026,No,Colsubsidio,Banderas y/o señalización,"2,233,450,000,000",2026-7,2026-6,KAPPA,OMEGA,20 a 35 años,2,2,GAMMA,
Agrupación De Vivienda La Macarena,3,3/26/2025,Si,Banco,Sin Informacion,"1,619,569,000,000",2025-3,,PI,CHI,,,,XI,
AGRUPACIÓN DE VIVIENDA BOSQUE DE TURPIAL,ETAPA 2,6/15/2025,No,Colsubsidio,Banderas y/o señalización,"2,807,000,000,000",2025-6,,PI,CHI,,,,XI,
Agrupación De Vivienda La Macarena,ETAPA 3,6/14/2025,No,Banco,Referido,"1,477,593,000,000",2025-6,,PI,CHI,,,,XI,
VERDE ESPERANZA EL DORADO,ETAPA 1,9/19/2025,No,Banco,Banderas y/o señalización,"1,618,000,000,000",2025-9,,PI,CHI,,,,XI,
Agrupación De Vivienda Monguí,ETAPA 3,4/26/2026,No,Banco,Activación,"1,820,923,000,000",2026-4,,PI,CHI,,,,XI,
Proyecto Karakalí,ETAPA 1,7/3/2025,No,Banco,Activación,"2,451,267,000,000",2025-7,,PI,CHI,,,,XI,
Proyecto Karakalí,ETAPA 1,7/27/2025,No,Banco,Valla ,"2,451,267,000,000",2025-7,,PI,CHI,,,,XI,
La Arboleda,ETAPA 2,2/25/2025,No,Banco,Banderas y/o señalización,"1,769,410,500,000",2025-2,,PI,CHI,,,,XI,
ARAUCARIA,ETAPA 2,6/20/2026,No,Banco,Banderas y/o señalización,"7,294,000,000,000",2026-6,,PI,CHI,,,,XI,
La Arboleda,ETAPA 2,10/19/2024,No,Banco,Banderas y/o señalización,"1,807,845,000,000",2024-10,,PI,CHI,,,,XI,
ARAUCARIA,ETAPA 1,12/21/2025,No,Banco,Banderas y/o señalización,"5,707,000,000,000",2025-12,,PI,CHI,,,,XI,
Agrupación De Vivienda Monguí,ETAPA 3,4/25/2026,No,Banco,Activación,"1,829,678,000,000",2026-4,,PI,CHI,,,,XI,
INARI,ETAPA 1,6/21/2024,No,Banco,Ferias empresariales,"2,808,000,000,000",2024-6,,PI,CHI,,,,XI,
VERDE ESPERANZA EL DORADO,ETAPA 1,5/19/2026,No,Colsubsidio,Banderas y/o señalización,"1,793,000,000,000",2026-5,,PI,CHI,,,,XI,
Agrupación De Vivienda La Macarena,ETAPA 3,1/30/2025,No,Banco,Banderas y/o señalización,"1,400,724,000,000",2025-1,,PI,CHI,,,,XI,
VERDE ESPERANZA EL DORADO,ETAPA 1,10/15/2025,No,Banco,Valla ,"1,618,000,000,000",2025-10,,PI,CHI,,,,XI,
VILLA MERCEDES EL DORADO,ETAPA 1,2/28/2026,No,Banco,Referido Alcaldía,"1,715,000,000,000",2026-2,,PI,CHI,,,,XI,
AGRUPACIÓN DE VIVIENDA BOSQUE DE TURPIAL,,9/4/2024,Si,Colsubsidio,Sin Informacion,"2,311,000,000,000",2024-9,,PI,CHI,,,,XI,
VERDE ESPERANZA EL DORADO,ETAPA 1,2/21/2026,No,Banco,Banderas y/o señalización,"1,793,000,000,000",2026-2,,PI,CHI,,,,XI,
La Arboleda,ETAPA 3,5/24/2024,No,Banco,Banderas y/o señalización,"2,233,450,000,000",2024-5,,PI,CHI,,,,XI,
Conjunto Residencial Campo Alegre El Dorado,ETAPA 2,3/30/2025,No,Banco,Valla ,"1,184,494,350,000",2025-3,,PI,CHI,,,,XI,
La Arboleda,,10/26/2024,Si,Banco,Sin Informacion,"1,945,924,500,000",2024-10,,PI,CHI,,,,XI,
ARAUCARIA,ETAPA 1,12/20/2025,No,Banco,Banderas y/o señalización,"6,194,000,000,000",2025-12,,PI,CHI,,,,XI,
Los Nogales,ETAPA 1,2/25/2026,No,Banco,Banderas y/o señalización,"5,756,570,000,000",2026-2,,PI,CHI,,,,XI,
Agrupacion De Vivienda Bosque De Arrayan,,6/29/2024,Si,Colsubsidio,Sin Informacion,"1,773,200,000,000",2024-6,,PI,CHI,,,,XI,
Agrupación De Vivienda Monguí,ETAPA 2,6/28/2025,No,Banco,Referido,"2,019,946,500,000",2025-6,,PI,CHI,,,,XI,
VERDE ESPERANZA EL DORADO,ETAPA 1,11/29/2025,No,Banco,Banderas y/o señalización,"1,793,000,000,000",2025-11,,PI,CHI,,,,XI,
Conjunto Residencial Campo Alegre El Dorado,2,1/15/2025,Si,Banco,Sin Informacion,"1,118,728,650,000",2025-1,,PI,CHI,,,,XI,
Agrupacion De Vivienda Payande,ETAPA 3,6/14/2025,No,Banco,Ferias empresariales,"1,699,375,000,000",2025-6,,PI,CHI,,,,XI,
Agrupacion De Vivienda Bosque De Arrayan,ETAPA 1,4/24/2026,No,Banco,Activación,"2,190,000,000,000",2026-4,,PI,CHI,,,,XI,
Conjunto Residencial Campo Alegre El Dorado,ETAPA 2,8/21/2024,No,Banco,Referido Alcaldía,"1,118,728,650,000",2024-8,,PI,CHI,,,,XI,
La Arboleda,ETAPA 1,2/28/2024,No,Banco,Banderas y/o señalización,"1,582,100,000,000",2024-2,,PI,CHI,,,,XI,
VILLA MERCEDES EL DORADO,ETAPA 1,2/16/2026,No,Banco,Referido Alcaldía,"1,715,000,000,000",2026-2,,PI,CHI,,,,XI,
Los Nogales,ETAPA 1,10/22/2025,No,Contado,Whatsapp,"5,732,810,000,000",2025-10,,PI,CHI,,,,XI,
VERDE ESPERANZA EL DORADO,ETAPA 1,11/21/2025,No,Banco,Banderas y/o señalización,"1,618,000,000,000",2025-11,,PI,CHI,,,,XI,
Conjunto Residencial Campo Alegre El Dorado,ETAPA 2,3/20/2025,No,Banco,Valla ,"1,184,494,350,000",2025-3,,PI,CHI,,,,XI,
Versalles,ETAPA 2,7/5/2026,No,Banco,Banderas y/o señalización,"2,173,000,000,000",2026-7,,PI,CHI,,,,XI,
INARI,1,9/20/2025,Si,Colsubsidio,Sin Informacion,"2,808,000,000,000",2025-9,,PI,CHI,,,,XI,
AGRUPACIÓN DE VIVIENDA BOSQUE DE TURPIAL,ETAPA 1,5/22/2026,No,Banco,Banderas y/o señalización,"2,056,000,000,000",2026-5,,PI,CHI,,,,XI,
Agrupación De Vivienda Pamplona I,ETAPA 2,3/15/2026,No,Banco,Banderas y/o señalización,"1,821,000,000,000",2026-3,,PI,CHI,,,,XI,
Agrupación De Vivienda Pamplona I,ETAPA 3,12/28/2025,No,Banco,Banderas y/o señalización,"2,293,000,000,000",2025-12,,PI,CHI,,,,XI,
Agrupación De Vivienda La Macarena,ETAPA 3,1/25/2025,No,Banco,Contact Center,"1,407,841,500,000",2025-1,,PI,CHI,,,,XI,
Los Nogales,1,2/14/2024,Si,Colsubsidio,Sin Informacion,"6,812,820,000,000",2024-2,,PI,CHI,,,,XI,
La Arboleda,ETAPA 2,5/18/2025,No,Banco,Banderas y/o señalización,"1,786,492,500,000",2025-5,,PI,CHI,,,,XI,
INARI,ETAPA 1,8/17/2024,No,Banco,Ferias empresariales,"2,808,000,000,000",2024-8,,PI,CHI,,,,XI,
Los Nogales,ETAPA 2,2/24/2025,No,Contado,Whatsapp,"7,754,790,000,000",2025-2,,PI,CHI,,,,XI,
INARI,1,6/15/2025,Si,Colsubsidio,Sin Informacion,"2,549,000,000,000",2025-6,,PI,CHI,,,,XI,
La Arboleda,ETAPA 3,5/7/2026,No,Banco,Banderas y/o señalización,"2,233,450,000,000",2026-5,,PI,CHI,,,,XI,
Agrupación De Vivienda La Macarena,3,3/15/2026,Si,Banco,Sin Informacion,"1,584,569,000,000",2026-3,,PI,CHI,,,,XI,
ARAUCARIA,ETAPA 1,12/29/2025,No,Banco,Banderas y/o señalización,"5,903,000,000,000",2025-12,,PI,CHI,,,,XI,
Agrupacion De Vivienda Bosque De Arrayan,ETAPA 4,12/30/2024,No,Banco,Banderas y/o señalización,"1,940,230,500,000",2024-12,,PI,CHI,,,,XI,
Los Nogales,ETAPA 1,10/2/2025,No,Banco,Whatsapp,"5,684,490,000,000",2025-10,,PI,CHI,,,,XI,
Proyecto Karakalí,ETAPA 1,2/29/2024,No,Banco,Ferias empresariales,"2,568,000,000,000",2024-2,,PI,CHI,,,,XI,
VILLA FIORITA,ETAPA 3,2/9/2026,No,Banco,Whatsapp,"2,135,250,000,000",2026-2,,PI,CHI,,,,XI,
Proyecto Karakalí,1,1/13/2025,Si,Colsubsidio,Sin Informacion,"2,264,000,000,000",2025-1,,PI,CHI,,,,XI,
Agrupacion De Vivienda Fuentevida,ETAPA 2,11/26/2024,No,Banco,Referido Alcaldía,"1,208,551,500,000",2024-11,,PI,CHI,,,,XI,
Los Nogales,ETAPA 1,8/10/2024,No,Banco,Ferias empresariales,"5,769,040,000,000",2024-8,,PI,CHI,,,,XI,
RESERVA DEL NOGAL,UNICA,8/14/2024,No,Banco,Valla proyecto sala de ventas,"1,700,000,000,000",2024-8,,PI,CHI,,,,XI,
Agrupacion De Vivienda Bosque De Arrayan,ETAPA 4,1/7/2025,No,Banco,Banderas y/o señalización,"1,822,329,900,000",2025-1,,PI,CHI,,,,XI,
VILLA FIORITA,ETAPA 3,9/13/2024,No,Banco,Banderas y/o señalización,"2,135,250,000,000",2024-9,,PI,CHI,,,,XI,
Agrupacion De Vivienda Fuentevida,ETAPA 2,11/25/2024,No,Banco,Referido Alcaldía,"1,208,551,500,000",2024-11,,PI,CHI,,,,XI,
INARI,1,6/19/2025,Si,Colsubsidio,Sin Informacion,"2,506,000,000,000",2025-6,,PI,CHI,,,,XI,
INARI,ETAPA 1,8/17/2024,No,Banco,Banderas y/o señalización,"2,808,000,000,000",2024-8,,PI,CHI,,,,XI,
Agrupación De Vivienda Monguí,ETAPA 2,12/14/2025,No,Colsubsidio,Banderas y/o señalización,"1,836,187,000,000",2025-12,,PI,CHI,,,,XI,
Agrupacion De Vivienda Reserva De Guayacan,ETAPA 1,12/1/2024,No,Banco,Referido,"2,360,000,000,000",2024-12,,PI,CHI,,,,XI,
Agrupacion De Vivienda Bosque De Arrayan,,12/20/2024,Si,Banco,Sin Informacion,"1,953,042,000,000",2024-12,,PI,CHI,,,,XI,
VERDE ESPERANZA EL DORADO,ETAPA 1,1/26/2026,No,Banco,Banderas y/o señalización,"1,793,000,000,000",2026-1,,PI,CHI,,,,XI,
Proyecto Karakalí,ETAPA 1,7/12/2025,No,Banco,Activación,"2,451,267,000,000",2025-7,,PI,CHI,,,,XI,
Agrupación De Vivienda Monguí,ETAPA 2,11/29/2024,No,Banco,Banderas y/o señalización,"1,763,716,500,000",2024-11,,PI,CHI,,,,XI,
INARI,ETAPA 1,5/31/2026,No,Colsubsidio,Activación,"2,506,000,000,000",2026-5,,PI,CHI,,,,XI,
ARAUCARIA,ETAPA 1,12/26/2025,No,Contado,Banderas y/o señalización,"5,951,000,000,000",2025-12,,PI,CHI,,,,XI,
Los Nogales,1,2/11/2024,Si,Banco,Sin Informacion,"5,491,012,300,000",2024-2,,PI,CHI,,,,XI,
Agrupación De Vivienda Monguí,ETAPA 2,10/18/2025,No,Banco,Banderas y/o señalización,"1,793,610,000,000",2025-10,,PI,CHI,,,,XI,
Versalles,ETAPA 1,8/12/2024,No,Banco,Referido,"2,171,000,000,000",2024-8,,PI,CHI,,,,XI,
Agrupación De Vivienda Monguí,ETAPA 3,4/24/2026,No,Banco,Activación,"1,602,060,000,000",2026-4,,PI,CHI,,,,XI,
INARI,ETAPA 1,8/13/2025,No,Colsubsidio,Activación,"2,506,000,000,000",2025-8,,PI,CHI,,,,XI,
VERDE ESPERANZA EL DORADO,ETAPA 1,3/18/2026,No,Banco,Banderas y/o señalización,"1,793,000,000,000",2026-3,,PI,CHI,,,,XI,
Conjunto Residencial Campo Alegre El Dorado,ETAPA 2,9/13/2024,No,Banco,Referido Alcaldía,"1,118,728,650,000",2024-9,,PI,CHI,,,,XI,
INARI,ETAPA 1,7/5/2026,No,Colsubsidio,Activación,"2,506,000,000,000",2026-7,,PI,CHI,,,,XI,
Los Nogales,ETAPA 2,10/10/2024,No,Contado,,"5,680,110,400,000",2024-10,,PI,CHI,,,,XI,
Los Nogales,ETAPA 1,6/30/2025,No,Banco,Whatsapp,"5,370,850,000,000",2025-6,,PI,CHI,,,,XI,
INARI,1,6/14/2025,Si,Colsubsidio,Sin Informacion,"2,549,000,000,000",2025-6,,PI,CHI,,,,XI,
Los Nogales,ETAPA 1,5/3/2026,No,Banco,Banderas y/o señalización,"5,389,330,000,000",2026-5,,PI,CHI,,,,XI,
INARI,1,3/26/2025,Si,Banco,Sin Informacion,"2,361,000,000,000",2025-3,,PI,CHI,,,,XI,
Agrupación De Vivienda Monguí,ETAPA 2,3/22/2024,No,Banco,Campaña FNA,"1,987,206,000,000",2024-3,,PI,CHI,,,,XI,
La Arboleda,ETAPA 1,8/30/2024,No,Banco,Banderas y/o señalización,"1,742,000,000,000",2024-8,,PI,CHI,,,,XI,
Agrupación De Vivienda Pamplona I,ETAPA 4,12/12/2025,No,Banco,Banderas y/o señalización,"2,361,000,000,000",2025-12,,PI,CHI,,,,XI,
Agrupacion De Vivienda Fuentevida,ETAPA 2,11/22/2024,No,Banco,Referido Alcaldía,"1,208,551,500,000",2024-11,,PI,CHI,,,,XI,
VERDE ESPERANZA EL DORADO,ETAPA 1,5/29/2026,No,Colsubsidio,Banderas y/o señalización,"1,793,000,000,000",2026-5,,PI,CHI,,,,XI,
AGRUPACIÓN DE VIVIENDA BOSQUE DE TURPIAL,,6/9/2024,Si,Colsubsidio,Sin Informacion,"2,311,000,000,000",2024-6,,PI,CHI,,,,XI,
La Arboleda,ETAPA 1,3/30/2024,No,Banco,Banderas y/o señalización,"1,748,500,000,000",2024-3,,PI,CHI,,,,XI,
Los Nogales,1,2/10/2024,Si,Contado,Sin Informacion,"6,841,740,000,000",2024-2,,PI,CHI,,,,XI,
La Arboleda,ETAPA 2,8/25/2024,No,Banco,Banderas y/o señalización,"1,810,692,000,000",2024-8,,PI,CHI,,,,XI,
La Arboleda,ETAPA 1,3/20/2024,No,Banco,Volantes,"1,584,700,000,000",2024-3,,PI,CHI,,,,XI,
INARI,1,8/24/2025,Si,Banco,Sin Informacion,"2,506,000,000,000",2025-8,,PI,CHI,,,,XI,
Versalles,ETAPA 2,7/3/2026,No,Banco,Banderas y/o señalización,"2,347,000,000,000",2026-7,,PI,CHI,,,,XI,
AGRUPACIÓN DE VIVIENDA SAMÁN ,ETAPA 1,5/18/2026,No,Banco,Contact Center,"2,585,000,000,000",2026-5,,PI,CHI,,,,XI,
ARAUCARIA,1,12/20/2025,Si,Colsubsidio,Sin Informacion,"7,197,000,000,000",2025-12,,PI,CHI,,,,XI,
Agrupación De Vivienda Monguí,ETAPA 1,1/17/2024,No,Contado,Banderas y/o señalización,"1,697,800,000,000",2024-1,,PI,CHI,,,,XI,
Agrupación De Vivienda Pamplona I,ETAPA 4,3/15/2025,No,Banco,Activación,"2,361,000,000,000",2025-3,,PI,CHI,,,,XI,
AGRUPACIÓN DE VIVIENDA BOSQUE DE TURPIAL,ETAPA 1,6/15/2025,No,Banco,Ferias empresariales,"2,311,190,000,000",2025-6,,PI,CHI,,,,XI,
Agrupacion De Vivienda Bosque De Arrayan,ETAPA 3,8/31/2025,No,Banco,Banderas y/o señalización,"2,062,651,500,000",2025-8,,PI,CHI,,,,XI,
INARI,ETAPA 1,12/23/2024,No,Banco,Banderas y/o señalización,"2,808,000,000,000",2024-12,,PI,CHI,,,,XI,
AGRUPACIÓN DE VIVIENDA SAMÁN ,ETAPA 1,5/2/2026,No,Banco,Redes Sociales,"2,567,490,950,000",2026-5,,PI,CHI,,,,XI,
Agrupación De Vivienda Monguí,ETAPA 1,9/11/2024,No,Banco,Banderas y/o señalización,"1,576,900,000,000",2024-9,,PI,CHI,,,,XI,
VERDE ESPERANZA EL DORADO,ETAPA 1,11/14/2025,No,Colsubsidio,Valla ,"1,578,000,000,000",2025-11,,PI,CHI,,,,XI,
Agrupación De Vivienda La Macarena,ETAPA 1,4/18/2024,No,Banco,Banderas y/o señalización,"1,433,900,000,000",2024-4,,PI,CHI,,,,XI,
Agrupación De Vivienda Monguí,ETAPA 1,5/10/2026,No,Banco,Banderas y/o señalización,"2,004,768,000,000",2026-5,,PI,CHI,,,,XI,
RESERVA DEL NOGAL,UNICA,12/5/2024,No,Banco,Valla proyecto sala de ventas,"1,700,000,000,000",2024-12,,PI,CHI,,,,XI,
VILLA MERCEDES EL DORADO,ETAPA 1,2/16/2026,No,Banco,Referido Alcaldía,"1,715,000,000,000",2026-2,,PI,CHI,,,,XI,
Agrupación De Vivienda Pamplona I,ETAPA 3,4/26/2026,No,Banco,Radio ,"2,135,000,000,000",2026-4,,PI,CHI,,,,XI,
Agrupacion De Vivienda Reserva De Guayacan,ETAPA 1,10/25/2025,No,Banco,Valla ,"2,360,000,000,000",2025-10,,PI,CHI,,,,XI,
MIRADOR DEL VIRREY II,UNICA,6/12/2024,No,Banco,Banderas ,"1,724,700,000,000",2024-6,,PI,CHI,,,,XI,
ARAUCARIA,ETAPA 1,1/12/2026,No,Banco,Banderas y/o señalización,"6,399,000,000,000",2026-1,,PI,CHI,,,,XI,
ARAUCARIA,1,1/4/2026,Si,Colsubsidio,Sin Informacion,"6,335,000,000,000",2026-1,,PI,CHI,,,,XI,
VERDE ESPERANZA EL DORADO,ETAPA 1,10/31/2025,No,Banco,Banderas y/o señalización,"1,618,000,000,000",2025-10,,PI,CHI,,,,XI,
Agrupacion De Vivienda Bosque De Arrayan,ETAPA 3,7/28/2025,No,Banco,Banderas y/o señalización,"2,055,392,000,000",2025-7,,PI,CHI,,,,XI,
INARI,1,5/30/2025,Si,Colsubsidio,Sin Informacion,"2,808,000,000,000",2025-5,,PI,CHI,,,,XI,
VERDE ESPERANZA EL DORADO,ETAPA 1,10/16/2025,No,Banco,Valla ,"1,618,000,000,000",2025-10,,PI,CHI,,,,XI,
Agrupación De Vivienda Monguí,ETAPA 2,5/16/2024,No,Banco,Banderas y/o señalización,"1,776,528,000,000",2024-5,,PI,CHI,,,,XI,
VERDE ESPERANZA EL DORADO,ETAPA 1,6/26/2026,No,Colsubsidio,Banderas y/o señalización,"1,793,000,000,000",2026-6,,PI,CHI,,,,XI,
Agrupación De Vivienda Pamplona I,ETAPA 1,10/29/2024,No,Banco,Banderas y/o señalización,"2,064,075,000,000",2024-10,,PI,CHI,,,,XI,
Proyecto Karakalí,ETAPA 1,12/4/2024,No,Banco,Redes Sociales,"2,451,267,000,000",2024-12,,PI,CHI,,,,XI,
AGRUPACIÓN DE VIVIENDA BOSQUE DE TURPIAL,,1/10/2025,Si,Banco,Sin Informacion,"2,553,000,000,000",2025-1,,PI,CHI,,,,XI,
Agrupacion De Vivienda Reserva De Guayacan,ETAPA 1,11/8/2025,No,Banco,Redes Sociales,"2,360,000,000,000",2025-11,,PI,CHI,,,,XI,
La Arboleda,ETAPA 3,6/17/2024,No,Banco,Ferias empresariales,"2,264,970,000,000",2024-6,,PI,CHI,,,,XI,
Agrupación De Vivienda Monguí,,2/25/2025,Si,Colsubsidio,Sin Informacion,"1,987,206,000,000",2025-2,,PI,CHI,,,,XI,
La Arboleda,ETAPA 1,2/14/2024,No,Banco,Banderas y/o señalización,"1,714,700,000,000",2024-2,,PI,CHI,,,,XI,
ARAUCARIA,ETAPA 1,12/21/2025,No,Banco,Activación,"6,064,000,000,000",2025-12,,PI,CHI,,,,XI,
VERDE ESPERANZA EL DORADO,ETAPA 1,10/18/2025,No,Banco,Banderas y/o señalización,"1,618,000,000,000",2025-10,,PI,CHI,,,,XI,
Agrupación De Vivienda Monguí,ETAPA 2,4/3/2024,No,Banco,Banderas y/o señalización,"1,971,547,500,000",2024-4,,PI,CHI,,,,XI,
Los Nogales,ETAPA 1,1/27/2025,No,Contado,Whatsapp,"5,529,610,000,000",2025-1,,PI,CHI,,,,XI,
Agrupación De Vivienda Pamplona I,ETAPA 4,12/28/2025,No,Banco,Banderas y/o señalización,"2,361,000,000,000",2025-12,2025-12,SIGMA,TAU,36 a 45 años,,,TAU,
ARAUCARIA,1,12/19/2025,Si,Colsubsidio,Sin Informacion,"6,018,000,000,000",2025-12,2025-12,SIGMA,OMEGA,Mayor de 55 años,,,ETA,
Proyecto Karakalí,ETAPA 1,3/27/2024,No,Banco,Banderas y/o señalización,"1,847,204,770,000",2024-3,2024-3,SIGMA,TAU,36 - 45 años,3,,ALPHA,
Agrupación De Vivienda Pamplona I,ETAPA 1,3/22/2024,No,Banco,Banderas y/o señalización,"2,064,075,000,000",2024-3,2024-3,SIGMA,OMEGA,20 - 35 años,3,,TAU,
Agrupación De Vivienda La Macarena,ETAPA 3,3/26/2024,No,Banco,Banderas y/o señalización,"1,365,000,000,000",2024-3,2024-3,SIGMA,OMEGA,46 - 55 años,,,TAU,
Agrupación De Vivienda Pamplona I,ETAPA 2,3/22/2024,No,Banco,Banderas y/o señalización,"1,950,195,000,000",2024-3,2024-3,SIGMA,OMEGA,20 - 35 años,1,1,TAU,
Agrupación De Vivienda Monguí,ETAPA 2,8/25/2025,No,Colsubsidio,Banderas y/o señalización,"1,921,725,000,000",2025-8,2025-8,NU,OMEGA,20 a 35 años,,,RHO,X
Agrupacion De Vivienda Reserva De Guayacan,ETAPA 1,4/24/2026,No,Banco,Ferias empresariales,"2,360,000,000,000",2026-4,2026-4,KAPPA,OMEGA,20 a 35 años,,,GAMMA,
Agrupación De Vivienda La Macarena,ETAPA 3,4/26/2026,No,Colsubsidio,Activación,"1,584,569,000,000",2026-4,2026-4,KAPPA,OMEGA,20 a 35 años,1,1,GAMMA,
VERDE ESPERANZA EL DORADO,ETAPA 1,9/26/2025,No,Colsubsidio,Banderas y/o señalización,"1,578,000,000,000",2025-9,2025-9,KAPPA,OMEGA,Menor de 19 años,,,GAMMA,
Agrupación De Vivienda La Macarena,ETAPA 4,4/26/2026,No,Colsubsidio,Banderas y/o señalización,"1,575,815,000,000",2026-4,2026-4,KAPPA,OMEGA,20 a 35 años,,,NU,
Agrupación De Vivienda Monguí,ETAPA 3,4/26/2026,No,Colsubsidio,Activación,"1,961,014,000,000",2026-4,2026-4,KAPPA,OMEGA,36 a 45 años,,,ZETA,
INARI,1,8/11/2025,Si,Colsubsidio,Sin Informacion,"2,549,000,000,000",2025-8,2025-8,KAPPA,OMEGA,36 a 45 años,2,1,NU,
Agrupacion De Vivienda Reserva De Guayacan,ETAPA 1,4/25/2026,No,Colsubsidio,Ferias empresariales,"2,360,000,000,000",2026-4,2026-4,NU,OMEGA,20 a 35 años,,,ZETA,
Agrupación De Vivienda Monguí,ETAPA 3,4/21/2026,No,Banco,Banderas y/o señalización,"1,567,060,000,000",2026-4,2026-4,KAPPA,OMEGA,20 a 35 años,,,NU,
Agrupación De Vivienda Monguí,ETAPA 2,8/30/2025,No,Banco,Referido,"1,893,255,000,000",2025-8,2025-8,KAPPA,OMEGA,Mayor de 55 años,,,TAU,
VERDE ESPERANZA EL DORADO,ETAPA 1,4/7/2026,No,Banco,Banderas y/o señalización,"1,753,000,000,000",2026-4,2026-4,KAPPA,OMEGA,20 a 35 años,,,TAU,
Agrupacion De Vivienda Payande,ETAPA 3,9/23/2025,No,Banco,Redes Sociales,"1,921,725,000,000",2025-9,2025-9,NU,ETA,20 a 35 años,,,TAU,
Agrupación De Vivienda Monguí,ETAPA 3,4/25/2026,No,Banco,Banderas y/o señalización,"1,785,923,000,000",2026-4,2026-4,KAPPA,OMEGA,36 a 45 años,1,1,TAU,
CONJUNTO RESIDENCIAL VIBO ONCE,ETAPA 1,4/25/2026,No,Banco,Banderas y/o señalización,"2,813,000,000,000",2026-4,2026-4,KAPPA,OMEGA,20 a 35 años,2,2,TAU,
CONJUNTO RESIDENCIAL VIBO ONCE,ETAPA 1,4/26/2026,No,Banco,Ferias empresariales,"2,813,000,000,000",2026-4,2026-4,NU,ETA,20 a 35 años,,,ALPHA,
Agrupación De Vivienda Monguí,ETAPA 3,4/24/2026,No,Colsubsidio,Activación,"1,575,815,000,000",2026-4,2026-4,KAPPA,OMEGA,20 a 35 años,1,1,RHO,X
Agrupación De Vivienda Monguí,ETAPA 1,3/16/2025,No,Banco,Activación,"1,877,596,500,000",2025-3,2025-3,KAPPA,OMEGA,20 a 35 años,1,1,GAMMA,
INARI,ETAPA 1,11/14/2024,No,Banco,Banderas y/o señalización,"2,808,000,000,000",2024-11,2024-11,NU,OMEGA,20 - 35 años,,,RHO,X
Agrupacion De Vivienda Payande,ETAPA 3,3/9/2025,No,Colsubsidio,Valla ,"1,771,725,000,000",2025-3,2025-3,NU,ETA,36 a 45 años,,,RHO,X
Agrupación De Vivienda Monguí,ETAPA 3,4/25/2026,No,Colsubsidio,Activación,"1,567,060,000,000",2026-4,2026-4,SIGMA,OMEGA,46 a 55 años,,,GAMMA,
La Arboleda,ETAPA 2,3/27/2025,No,Banco,Banderas y/o señalización,"1,807,845,000,000",2025-3,2025-3,KAPPA,OMEGA,36 a 45 años,4,2,GAMMA,
La Arboleda,ETAPA 4,4/26/2026,No,Banco,Ferias empresariales,"1,976,071,000,000",2026-4,2026-4,SIGMA,OMEGA,Mayor de 55 años,1,,RHO,X
Agrupación De Vivienda Monguí,,8/2/2025,Si,Colsubsidio,Sin Informacion,"1,785,923,000,000",2025-8,2025-8,SIGMA,OMEGA,36 a 45 años,2,1,RHO,X
Proyecto Karakalí,ETAPA 1,4/26/2026,No,Colsubsidio,Activación,"2,363,721,750,000",2026-4,2026-4,SIGMA,ETA,20 a 35 años,1,1,GAMMA,
Agrupación De Vivienda Monguí,,3/23/2025,Si,Banco,Sin Informacion,"1,820,923,000,000",2025-3,2025-3,SIGMA,ETA,20 a 35 años,1,1,RHO,X
VERDE ESPERANZA EL DORADO,ETAPA 1,9/27/2025,No,Colsubsidio,Valla ,"1,578,000,000,000",2025-9,2025-9,NU,OMEGA,20 a 35 años,,,GAMMA,
AGRUPACIÓN DE VIVIENDA SAMÁN ,ETAPA 1,8/31/2025,No,Banco,Ferias empresariales,"2,550,000,000,000",2025-8,2025-8,KAPPA,OMEGA,36 a 45 años,,,ZETA,
Versalles,,3/30/2025,Si,Banco,Sin Informacion,"2,171,000,000,000",2025-3,2025-3,KAPPA,OMEGA,36 a 45 años,5,2,GAMMA,
Agrupación De Vivienda Monguí,ETAPA 3,4/25/2026,No,Banco,Activación,"1,584,569,000,000",2026-4,2026-4,KAPPA,OMEGA,20 a 35 años,3,3,NU,
La Arboleda,ETAPA 2,11/30/2024,No,Banco,Banderas y/o señalización,"1,954,465,500,000",2024-11,2024-11,KAPPA,OMEGA,46 - 55 años,1,,TAU,
AGRUPACIÓN DE VIVIENDA SAMÁN ,ETAPA 1,8/24/2025,No,Colsubsidio,Ferias empresariales,"2,550,000,000,000",2025-8,2025-8,KAPPA,OMEGA,46 a 55 años,,,TAU,
Agrupación De Vivienda La Macarena,ETAPA 2,7/25/2024,No,Banco,Referido,"1,492,400,000,000",2024-7,2024-7,KAPPA,OMEGA,36 - 45 años,1,1,TAU,
Agrupación De Vivienda Monguí,,3/16/2025,Si,Colsubsidio,Sin Informacion,"1,758,022,500,000",2025-3,2025-3,KAPPA,OMEGA,36 a 45 años,3,2,TAU,
Agrupación De Vivienda Monguí,ETAPA 2,3/16/2025,No,Colsubsidio,Redes Sociales,"1,964,430,000,000",2025-3,2025-3,KAPPA,OMEGA,20 a 35 años,3,3,TAU,
INARI,ETAPA 1,3/14/2025,No,Banco,Banderas y/o señalización,"2,506,000,000,000",2025-3,2025-3,KAPPA,OMEGA,Mayor de 55 años,,,TAU,
ABETO,ETAPA 3,1/12/2026,No,Banco,Banderas y/o señalización,"3,649,000,000,000",2026-1,2026-1,NU,OMEGA,20 a 35 años,,,RHO,X
Agrupación De Vivienda Monguí,ETAPA 2,10/9/2025,No,Colsubsidio,Banderas y/o señalización,"1,844,856,000,000",2025-10,2025-10,KAPPA,OMEGA,20 a 35 años,,,GAMMA,
VILLA FIORITA,ETAPA 1,7/19/2025,No,Colsubsidio,Whatsapp,"2,135,250,000,000",2025-7,2025-7,SIGMA,OMEGA,36 a 45 años,1,,TAU,
Los Nogales,ETAPA 2,7/30/2025,No,Banco,Activación,"5,882,790,000,000",2025-7,2025-7,KAPPA,OMEGA,Mayor de 55 años,2,,GAMMA,
VERDE ESPERANZA EL DORADO,ETAPA 1,10/2/2025,No,Banco,Valla ,"1,618,000,000,000",2025-10,2025-10,SIGMA,OMEGA,46 a 55 años,,,TAU,
ARAUCARIA,ETAPA 1,1/3/2026,No,Banco,Banderas y/o señalización,"6,156,000,000,000",2026-1,2026-1,NU,TAU,36 a 45 años,,,TAU,
Proyecto Karakalí,ETAPA 1,7/20/2025,No,Banco,Ferias empresariales,"2,451,267,000,000",2025-7,2025-7,KAPPA,OMEGA,20 a 35 años,,,TAU,
La Arboleda,,6/13/2025,Si,Colsubsidio,Sin Informacion,"1,790,763,000,000",2025-6,2025-6,KAPPA,OMEGA,20 a 35 años,,,ALPHA,
INARI,1,5/29/2025,Si,Colsubsidio,Sin Informacion,"2,549,000,000,000",2025-5,2025-5,NU,ETA,20 a 35 años,,,RHO,X
La Arboleda,ETAPA 2,6/8/2025,No,Banco,Visita empresarial,"1,786,492,500,000",2025-6,2025-6,KAPPA,OMEGA,20 a 35 años,2,2,NU,
La Arboleda,ETAPA 2,9/28/2024,No,Banco,Banderas y/o señalización,"1,816,386,000,000",2024-9,2024-9,NU,OMEGA,20 - 35 años,0,0,GAMMA,
AGRUPACIÓN DE VIVIENDA BOSQUE DE TURPIAL,ETAPA 1,6/14/2024,No,Banco,Ferias empresariales,"2,311,000,000,000",2024-6,2024-6,KAPPA,OMEGA,36 - 45 años,1,1,TAU,
La Arboleda,ETAPA 3,6/19/2025,No,Colsubsidio,Banderas y/o señalización,"2,412,130,000,000",2025-6,2025-6,KAPPA,OMEGA,20 a 35 años,2,1,GAMMA,
Agrupacion De Vivienda Bosque De Arrayan,ETAPA 2,6/7/2024,No,Banco,Banderas y/o señalización,"1,935,700,000,000",2024-6,2024-6,SIGMA,OMEGA,20 - 35 años,2,1,NU,
VILLA FIORITA,ETAPA 2,6/13/2025,No,Banco,Ferias empresariales,"2,135,250,000,000",2025-6,2025-6,NU,OMEGA,20 a 35 años,,,TAU,
Agrupación De Vivienda Monguí,ETAPA 2,9/6/2024,No,Banco,Redes Sociales,"1,779,375,000,000",2024-9,2024-9,NU,ETA,20 - 35 años,0,0,TAU,
AGRUPACIÓN DE VIVIENDA SAMÁN ,ETAPA 1,2/25/2025,No,Banco,Activación,"2,550,000,000,000",2025-2,2025-2,NU,TAU,20 a 35 años,,,RHO,X
La Arboleda,ETAPA 3,5/31/2026,No,Banco,Banderas y/o señalización,"2,233,450,000,000",2026-5,2026-5,KAPPA,OMEGA,36 a 45 años,1,1,RHO,X
Los Nogales,1,9/9/2024,Si,Banco,Sin Informacion,"5,376,350,000,000",2024-9,2024-9,SIGMA,TAU,46 - 55 años,0,0,RHO,X
Proyecto Karakalí,1,6/14/2025,Si,Banco,Sin Informacion,"2,293,000,000,000",2025-6,2025-6,SIGMA,OMEGA,Mayor de 55 años,,,GAMMA,
AGRUPACIÓN DE VIVIENDA BOSQUE DE TURPIAL,ETAPA 1,6/30/2024,No,Colsubsidio,Banderas y/o señalización,"2,311,000,000,000",2024-6,2024-6,NU,OMEGA,20 - 35 años,,,GAMMA,
Agrupación De Vivienda Pamplona I,ETAPA 2,6/7/2024,No,Banco,Referido,"1,950,195,000,000",2024-6,2024-6,SIGMA,OMEGA,20 - 35 años,3,3,NU,
INARI,1,9/18/2024,Si,Banco,Sin Informacion,"2,808,000,000,000",2024-9,2024-9,NU,ETA,20 - 35 años,0,0,NU,
Versalles,ETAPA 1,5/24/2026,No,Banco,Activación,"1,987,000,000,000",2026-5,2026-5,NU,OMEGA,36 a 45 años,,,TAU,
Versalles,ETAPA 1,2/16/2025,No,Colsubsidio,Referido,"1,987,000,000,000",2025-2,2025-2,SIGMA,OMEGA,20 a 35 años,1,1,TAU,
Conjunto Residencial Campo Alegre El Dorado,ETAPA 2,9/17/2024,No,Banco,Referido Alcaldía,"1,081,730,000,000",2024-9,2024-9,SIGMA,OMEGA,Mayor de 55 años,1,0,TAU,
VERDE ESPERANZA EL DORADO,ETAPA 1,5/21/2026,No,Banco,Banderas y/o señalización,"1,753,000,000,000",2026-5,2026-5,KAPPA,OMEGA,Mayor de 55 años,1,,TAU,
Agrupacion De Vivienda Reserva De Guayacan,ETAPA 1,6/5/2025,No,Colsubsidio,Página web ,"2,360,000,000,000",2025-6,2025-6,NU,ETA,20 a 35 años,,,TAU,
AGRUPACIÓN DE VIVIENDA SAMÁN ,,2/28/2025,Si,Banco,Sin Informacion,"2,340,000,000,000",2025-2,2025-2,KAPPA,OMEGA,36 a 45 años,5,3,TAU,
Agrupación De Vivienda Monguí,ETAPA 1,4/27/2025,No,Banco,Banderas y/o señalización,"1,753,752,000,000",2025-4,2025-4,NU,OMEGA,20 a 35 años,,,ALPHA,
Agrupacion De Vivienda Fuentevida,ETAPA 2,4/9/2025,No,Banco,Referido Alcaldía,"1,281,150,000,000",2025-4,2025-4,NU,OMEGA,36 a 45 años,,,NU,
Agrupacion De Vivienda Fuentevida,ETAPA 2,4/14/2025,No,Colsubsidio,Referido Alcaldía,"1,281,150,000,000",2025-4,2025-4,KAPPA,OMEGA,20 a 35 años,2,,RHO,
Agrupación De Vivienda Monguí,ETAPA 1,4/28/2025,No,Colsubsidio,Referido,"1,762,293,000,000",2025-4,2025-4,SIGMA,OMEGA,20 a 35 años,1,1,TAU,
Agrupación De Vivienda Monguí,ETAPA 2,4/29/2025,No,Banco,Referido,"1,917,454,500,000",2025-4,2025-4,SIGMA,OMEGA,Mayor de 55 años,1,1,NU,
Agrupacion De Vivienda Payande,ETAPA 2,4/4/2025,No,Banco,Valla ,"1,781,725,000,000",2025-4,2025-4,NU,ETA,20 a 35 años,,,RHO,X
Agrupacion De Vivienda Bosque De Arrayan,ETAPA 4,2/22/2026,No,Colsubsidio,Banderas y/o señalización,"2,205,000,000,000",2026-2,2026-2,NU,OMEGA,36 a 45 años,,,GAMMA,
VILLA MERCEDES EL DORADO,ETAPA 1,2/21/2026,No,Banco,Referido Alcaldía,"1,715,000,000,000",2026-2,2026-2,KAPPA,OMEGA,20 a 35 años,3,2,TAU,
VILLA MERCEDES EL DORADO,ETAPA 1,2/26/2026,No,Banco,Referido Alcaldía,"1,715,000,000,000",2026-2,2026-2,SIGMA,OMEGA,20 a 35 años,1,1,TAU,
VILLA MERCEDES EL DORADO,ETAPA 1,2/26/2026,No,Banco,Referido Alcaldía,"1,715,000,000,000",2026-2,2026-2,KAPPA,OMEGA,36 a 45 años,2,2,TAU,
VILLA MERCEDES EL DORADO,ETAPA 1,2/23/2026,No,Banco,Referido Alcaldía,"1,715,000,000,000",2026-2,2026-2,KAPPA,OMEGA,46 a 55 años,,,TAU,
La Arboleda,ETAPA 1,10/31/2024,No,Colsubsidio,Banderas y/o señalización,"1,794,000,000,000",2024-10,2024-10,SIGMA,OMEGA,46 - 55 años,1,,ALPHA,
Agrupación De Vivienda Monguí,ETAPA 2,2/8/2026,No,Colsubsidio,Banderas y/o señalización,"1,777,169,000,000",2026-2,2026-2,SIGMA,OMEGA,36 a 45 años,1,1,RHO,X
VILLA MERCEDES EL DORADO,ETAPA 1,2/27/2026,No,Banco,Referido Alcaldía,"1,715,000,000,000",2026-2,2026-2,KAPPA,OMEGA,36 a 45 años,1,1,RHO,X
Agrupación De Vivienda Monguí,ETAPA 2,10/27/2024,No,Colsubsidio,Banderas y/o señalización,"1,967,277,000,000",2024-10,2024-10,NU,OMEGA,20 - 35 años,,,GAMMA,
La Arboleda,,10/31/2024,Si,Colsubsidio,Sin Informacion,"1,769,410,500,000",2024-10,2024-10,KAPPA,OMEGA,Mayor de 55 años,,,NU,
VERDE ESPERANZA EL DORADO,ETAPA 1,2/21/2026,No,Banco,Banderas y/o señalización,"1,793,000,000,000",2026-2,2026-2,KAPPA,OMEGA,36 a 45 años,1,1,NU,
La Arboleda,ETAPA 2,2/28/2026,No,Banco,Banderas y/o señalización,"1,783,645,500,000",2026-2,2026-2,KAPPA,OMEGA,46 a 55 años,,,TAU,
Agrupación De Vivienda La Macarena,ETAPA 4,7/12/2026,No,Colsubsidio,Banderas y/o señalización,"1,610,815,000,000",2026-7,2026-6,KAPPA,OMEGA,20 a 35 años,2,2,ZETA,
INARI,ETAPA 1,7/9/2026,No,Colsubsidio,Banderas y/o señalización,"2,916,000,000,000",2026-7,2026-6,KAPPA,OMEGA,46 a 55 años,1,1,GAMMA,
MIRADOR DEL VIRREY II,UNICA,1/16/2025,No,Banco,Valla proyecto sala de ventas,"1,700,000,000,000",2025-1,2025-1,NU,OMEGA,20 - 35 años,,,RHO,X
La Arboleda,ETAPA 2,5/31/2024,No,Colsubsidio,Banderas y/o señalización,"1,837,738,500,000",2024-5,2024-5,KAPPA,OMEGA,20 - 35 años,1,1,GAMMA,
Versalles,ETAPA 1,12/20/2024,No,Banco,Banderas y/o señalización,"2,171,000,000,000",2024-12,2024-12,SIGMA,OMEGA,20 - 35 años,1,1,GAMMA,
Agrupación De Vivienda Pamplona I,ETAPA 2,5/27/2024,No,Banco,Referido,"1,950,195,000,000",2024-5,2024-5,KAPPA,OMEGA,20 - 35 años,3,3,TAU,
Agrupación De Vivienda Pamplona I,ETAPA 5,5/20/2024,No,Banco,Banderas y/o señalización,"2,293,000,000,000",2024-5,2024-5,KAPPA,OMEGA,36 - 45 años,5,4,TAU,
Agrupacion De Vivienda Reserva De Guayacan,ETAPA 1,12/9/2024,No,Banco,Referido,"2,360,000,000,000",2024-12,2024-12,KAPPA,OMEGA,20 - 35 años,,,TAU,
Agrupación De Vivienda Monguí,ETAPA 2,5/25/2024,No,Colsubsidio,Página web ,"1,897,525,500,000",2024-5,2024-5,KAPPA,OMEGA,20 - 35 años,3,2,TAU,
Los Nogales,ETAPA 1,2/10/2024,No,Banco,Valla ,"6,691,630,000,000",2024-2,2024-2,SIGMA,ETA,46 - 55 años,4,1,TAU,
Agrupación De Vivienda Pamplona I,ETAPA 3,3/15/2026,No,Banco,Banderas y/o señalización,"1,920,000,000,000",2026-3,2026-3,SIGMA,ETA,20 a 35 años,2,1,GAMMA,
VERDE ESPERANZA EL DORADO,ETAPA 1,3/15/2026,No,Colsubsidio,Banderas y/o señalización,"1,753,000,000,000",2026-3,2026-3,NU,OMEGA,20 a 35 años,,,RHO,X
La Arboleda,ETAPA 2,3/25/2026,No,Banco,Banderas y/o señalización,"1,998,594,000,000",2026-3,2026-3,NU,OMEGA,20 a 35 años,,,GAMMA,
Agrupacion De Vivienda Bosque De Arrayan,ETAPA 4,3/21/2026,No,Colsubsidio,Banderas y/o señalización,"2,205,000,000,000",2026-3,2026-3,KAPPA,OMEGA,36 a 45 años,3,2,GAMMA,
VERDE ESPERANZA EL DORADO,ETAPA 1,3/24/2026,No,Colsubsidio,Banderas y/o señalización,"1,753,000,000,000",2026-3,2026-3,KAPPA,OMEGA,20 a 35 años,3,3,TAU,
VERDE ESPERANZA EL DORADO,ETAPA 1,12/26/2025,No,Colsubsidio,Banderas y/o señalización,"1,793,000,000,000",2025-12,2025-12,NU,OMEGA,20 a 35 años,,,NU,
AGRUPACIÓN DE VIVIENDA BOSQUE DE TURPIAL,ETAPA 1,12/28/2025,No,Banco,Banderas y/o señalización,"2,311,000,000,000",2025-12,2025-12,NU,OMEGA,36 a 45 años,,,RHO,X
Agrupación De Vivienda La Macarena,ETAPA 3,3/27/2024,No,Banco,Banderas y/o señalización,"1,366,300,000,000",2024-3,2024-3,KAPPA,OMEGA,20 - 35 años,,,NU,
Agrupación De Vivienda Monguí,ETAPA 2,3/24/2024,No,Banco,Banderas y/o señalización,"1,917,454,500,000",2024-3,2024-3,NU,OMEGA,20 - 35 años,,,NU,
VERDE ESPERANZA EL DORADO,ETAPA 1,9/25/2025,No,Banco,Valla ,"1,578,000,000,000",2025-9,2025-9,SIGMA,ETA,20 a 35 años,2,1,RHO,X
Agrupación De Vivienda Monguí,ETAPA 2,9/27/2025,No,Colsubsidio,Referido,"1,792,186,500,000",2025-9,2025-9,NU,ETA,20 a 35 años,,,RHO,X
VERDE ESPERANZA EL DORADO,ETAPA 1,9/22/2025,No,Colsubsidio,Banderas y/o señalización,"1,578,000,000,000",2025-9,2025-9,SIGMA,OMEGA,20 a 35 años,1,1,TAU,
La Arboleda,ETAPA 2,11/29/2024,No,Colsubsidio,Banderas y/o señalización,"1,769,410,500,000",2024-11,2024-11,KAPPA,OMEGA,20 - 35 años,3,3,RHO,X
Agrupacion De Vivienda Fuentevida,ETAPA 2,3/27/2025,No,Colsubsidio,Referido Alcaldía,"1,281,150,000,000",2025-3,2025-3,KAPPA,OMEGA,46 a 55 años,2,1,GAMMA,
Agrupación De Vivienda Monguí,ETAPA 2,3/15/2025,No,Banco,Activación,"1,759,446,000,000",2025-3,2025-3,SIGMA,OMEGA,20 a 35 años,1,1,RHO,
Agrupacion De Vivienda Bosque De Arrayan,ETAPA 3,11/21/2024,No,Banco,Banderas y/o señalización,"1,938,807,000,000",2024-11,2024-11,KAPPA,OMEGA,20 - 35 años,2,1,NU,
AGRUPACIÓN DE VIVIENDA SAMÁN ,ETAPA 1,8/19/2025,No,Banco,Redes Sociales,"2,550,000,000,000",2025-8,2025-8,NU,ETA,20 a 35 años,,,GAMMA,
Agrupacion De Vivienda Bosque De Arrayan,ETAPA 4,11/21/2024,No,Colsubsidio,Banderas y/o señalización,"1,935,700,000,000",2024-11,2024-11,SIGMA,OMEGA,46 - 55 años,2,,NU,
Agrupación De Vivienda La Macarena,ETAPA 3,3/16/2025,No,Banco,Activación,"1,470,475,500,000",2025-3,2025-3,KAPPA,OMEGA,20 a 35 años,1,1,NU,
La Arboleda,ETAPA 1,8/22/2025,No,Colsubsidio,Whatsapp,"1,637,025,000,000",2025-8,2025-8,SIGMA,OMEGA,20 a 35 años,2,2,ZETA,
Agrupación De Vivienda Monguí,,3/20/2025,Si,Banco,Sin Informacion,"1,619,569,000,000",2025-3,2025-3,KAPPA,OMEGA,20 a 35 años,,,TAU,
INARI,ETAPA 1,8/4/2025,No,Colsubsidio,Activación,"2,506,000,000,000",2025-8,2025-8,SIGMA,ETA,46 a 55 años,,,TAU,
Agrupacion De Vivienda Payande,ETAPA 1,9/5/2025,No,Banco,Página web ,"1,779,375,000,000",2025-9,2025-9,SIGMA,OMEGA,46 a 55 años,,,TAU,
Agrupación De Vivienda Monguí,ETAPA 2,1/19/2026,No,Banco,Banderas y/o señalización,"1,979,590,000,000",2026-1,2026-1,KAPPA,OMEGA,36 a 45 años,2,2,RHO,X
Agrupación De Vivienda Monguí,ETAPA 2,1/6/2026,No,Colsubsidio,Contact Center,"1,836,187,000,000",2026-1,2026-1,KAPPA,OMEGA,20 a 35 años,1,1,ZETA,
Agrupación De Vivienda Monguí,ETAPA 2,10/17/2025,No,Colsubsidio,Banderas y/o señalización,"1,658,377,500,000",2025-10,2025-10,SIGMA,OMEGA,36 a 45 años,1,,NU,
Agrupación De Vivienda La Macarena,3,8/22/2024,Si,Colsubsidio,Sin Informacion,"1,533,109,500,000",2024-8,2024-8,SIGMA,OMEGA,20 - 35 años,1,1,GAMMA,
Agrupación De Vivienda Monguí,ETAPA 2,8/20/2024,No,Banco,Redes Sociales,"1,765,140,000,000",2024-8,2024-8,KAPPA,OMEGA,46 - 55 años,2,1,TAU,
Agrupación De Vivienda La Macarena,ETAPA 3,8/30/2024,No,Colsubsidio,Banderas y/o señalización,"1,400,724,000,000",2024-8,2024-8,SIGMA,OMEGA,20 - 35 años,2,,TAU,
VERDE ESPERANZA EL DORADO,ETAPA 1,10/2/2025,No,Colsubsidio,Valla ,"1,578,000,000,000",2025-10,2025-10,KAPPA,OMEGA,Mayor de 55 años,,,TAU,
Agrupación De Vivienda Pamplona I,ETAPA 3,5/24/2026,No,Banco,Campaña FNA,"2,100,000,000,000",2026-5,2026-5,NU,OMEGA,20 a 35 años,,,RHO,X
Proyecto Karakalí,1,6/23/2024,Si,Banco,Sin Informacion,"2,217,000,000,000",2024-6,2024-6,NU,OMEGA,20 - 35 años,,,RHO,X
INARI,ETAPA 1,6/15/2025,No,Colsubsidio,Banderas y/o señalización,"2,506,000,000,000",2025-6,2025-6,SIGMA,OMEGA,46 a 55 años,1,1,ALPHA,
AGRUPACIÓN DE VIVIENDA BOSQUE DE TURPIAL,ETAPA 2,6/14/2025,No,Colsubsidio,Banderas y/o señalización,"2,591,000,000,000",2025-6,2025-6,SIGMA,OMEGA,36 a 45 años,2,2,GAMMA,X
Agrupación De Vivienda La Macarena,ETAPA 3,9/30/2024,No,Colsubsidio,Referido,"1,400,724,000,000",2024-9,2024-9,KAPPA,OMEGA,20 - 35 años,0,0,GAMMA,X
Agrupación De Vivienda La Macarena,ETAPA 3,6/20/2025,No,Banco,Banderas y/o señalización,"1,618,519,500,000",2025-6,2025-6,NU,ETA,20 a 35 años,,,RHO,X
INARI,1,6/28/2024,Si,Banco,Sin Informacion,"2,293,000,000,000",2024-6,2024-6,NU,OMEGA,20 - 35 años,,,GAMMA,
Proyecto Karakalí,ETAPA 1,6/15/2025,No,Banco,Ferias empresariales,"2,451,267,000,000",2025-6,2025-6,SIGMA,OMEGA,46 a 55 años,,,NU,
Agrupacion De Vivienda Bosque De Arrayan,ETAPA 4,5/29/2026,No,Banco,Banderas y/o señalización,"2,190,000,000,000",2026-5,2026-5,KAPPA,OMEGA,20 a 35 años,1,,TAU,
INARI,ETAPA 1,9/22/2024,No,Banco,Banderas y/o señalización,"2,808,000,000,000",2024-9,2024-9,KAPPA,OMEGA,Menor de 19 años,0,0,TAU,
Agrupación De Vivienda Monguí,ETAPA 2,5/31/2025,No,Banco,Ferias empresariales,"2,014,252,500,000",2025-5,2025-5,SIGMA,OMEGA,36 a 45 años,1,1,TAU,
Agrupación De Vivienda Monguí,ETAPA 2,6/3/2025,No,Colsubsidio,Contact Center,"1,759,446,000,000",2025-6,2025-6,KAPPA,OMEGA,36 a 45 años,1,,TAU,
INARI,ETAPA 1,6/15/2025,No,Colsubsidio,Activación,"2,506,000,000,000",2025-6,2025-6,KAPPA,OMEGA,20 a 35 años,,,TAU,
Versalles,,9/24/2024,Si,Colsubsidio,Sin Informacion,"2,171,000,000,000",2024-9,2024-9,KAPPA,OMEGA,20 - 35 años,0,0,TAU,
VERDE ESPERANZA EL DORADO,ETAPA 1,5/23/2026,No,Banco,Banderas y/o señalización,"1,793,000,000,000",2026-5,2026-5,KAPPA,OMEGA,Mayor de 55 años,,,TAU,
INARI,1,6/24/2024,Si,Banco,Sin Informacion,"2,916,000,000,000",2024-6,2024-6,NU,ETA,20 - 35 años,,,ALPHA,
INARI,1,5/29/2025,Si,Colsubsidio,Sin Informacion,"2,049,000,000,000",2025-5,2025-5,SIGMA,OMEGA,20 a 35 años,2,1,ALPHA,
Versalles,ETAPA 1,5/31/2025,No,Colsubsidio,Banderas y/o señalización,"2,110,000,000,000",2025-5,2025-5,SIGMA,OMEGA,36 a 45 años,2,1,RHO,X
Agrupacion De Vivienda Payande,ETAPA 2,6/14/2024,No,Banco,Ferias empresariales,"1,755,000,000,000",2024-6,2024-6,NU,OMEGA,20 - 35 años,,,GAMMA,X
Agrupación De Vivienda Monguí,ETAPA 1,5/14/2026,No,Colsubsidio,Banderas y/o señalización,"1,961,014,000,000",2026-5,2026-5,KAPPA,OMEGA,36 a 45 años,3,2,RHO,X
Agrupación De Vivienda Monguí,ETAPA 1,6/19/2024,No,Banco,Banderas y/o señalización,"1,615,672,500,000",2024-6,2024-6,NU,OMEGA,20 - 35 años,,,GAMMA,X
Agrupacion De Vivienda Bosque De Arrayan,ETAPA 4,2/22/2025,No,Colsubsidio,Banderas y/o señalización,"2,066,922,000,000",2025-2,2025-2,SIGMA,OMEGA,20 a 35 años,2,1,NU,
AGRUPACIÓN DE VIVIENDA BOSQUE DE TURPIAL,ETAPA 2,6/15/2025,No,Colsubsidio,Banderas y/o señalización,"2,807,000,000,000",2025-6,2025-6,KAPPA,OMEGA,20 a 35 años,,,TAU,
La Arboleda,ETAPA 4,5/17/2026,No,Colsubsidio,Banderas y/o señalización,"1,976,071,000,000",2026-5,2026-5,KAPPA,OMEGA,Mayor de 55 años,,,ETA,
Agrupacion De Vivienda Bosque De Arrayan,ETAPA 4,5/27/2026,No,Colsubsidio,Banderas y/o señalización,"2,034,180,000,000",2026-5,2026-5,KAPPA,OMEGA,Mayor de 55 años,1,,TAU,
RESERVA DEL NOGAL,UNICA,4/23/2025,No,Contado,Banderas ,"1,700,000,000,000",2025-4,2025-4,KAPPA,OMEGA,20 a 35 años,3,3,NU,
Agrupacion De Vivienda Fuentevida,ETAPA 2,4/8/2025,No,Colsubsidio,Referido Alcaldía,"1,281,150,000,000",2025-4,2025-4,KAPPA,OMEGA,20 a 35 años,1,1,NU,
Agrupación De Vivienda La Macarena,3,4/28/2025,Si,Banco,Sin Informacion,"1,470,475,500,000",2025-4,2025-4,KAPPA,OMEGA,20 a 35 años,,,TAU,
Agrupación De Vivienda Monguí,ETAPA 2,2/12/2026,No,Banco,Activación,"1,567,060,000,000",2026-2,2026-2,NU,OMEGA,20 a 35 años,,,RHO,X
Agrupación De Vivienda Monguí,ETAPA 2,2/12/2026,No,Banco,Banderas y/o señalización,"1,794,678,000,000",2026-2,2026-2,NU,OMEGA,20 a 35 años,,,RHO,X
VERDE ESPERANZA EL DORADO,ETAPA 1,2/4/2026,No,Banco,Banderas y/o señalización,"1,793,000,000,000",2026-2,2026-2,KAPPA,OMEGA,36 a 45 años,1,1,NU,
Agrupación De Vivienda La Macarena,ETAPA 3,4/30/2026,No,Colsubsidio,Banderas y/o señalización,"1,497,024,000,000",2026-4,2026-4,KAPPA,OMEGA,20 a 35 años,,,GAMMA,
Agrupacion De Vivienda Fuentevida,ETAPA 2,11/25/2024,No,Banco,Referido Alcaldía,"1,208,551,500,000",2024-11,2024-11,SIGMA,OMEGA,46 - 55 años,,,NU,
La Arboleda,ETAPA 2,8/31/2025,No,Colsubsidio,Banderas y/o señalización,"1,824,927,000,000",2025-8,2025-8,KAPPA,OMEGA,46 a 55 años,4,3,ZETA,
La Arboleda,ETAPA 2,3/31/2025,No,Colsubsidio,Banderas y/o señalización,"1,948,771,500,000",2025-3,2025-3,KAPPA,OMEGA,20 a 35 años,2,1,NU,
Agrupación De Vivienda La Macarena,3,3/15/2025,Si,Colsubsidio,Sin Informacion,"1,575,815,000,000",2025-3,2025-3,SIGMA,OMEGA,36 a 45 años,1,1,NU,
Agrupacion De Vivienda Reserva De Guayacan,ETAPA 1,4/13/2026,No,Banco,Redes Sociales,"2,360,000,000,000",2026-4,2026-4,SIGMA,ETA,36 a 45 años,1,,RHO,X
Agrupación De Vivienda Monguí,ETAPA 1,3/27/2025,No,Colsubsidio,Banderas y/o señalización,"1,750,905,000,000",2025-3,2025-3,SIGMA,OMEGA,Mayor de 55 años,1,,NU,
INARI,1,11/23/2024,Si,Banco,Sin Informacion,"2,808,000,000,000",2024-11,2024-11,NU,OMEGA,20 - 35 años,,,ZETA,
INARI,1,11/29/2024,Si,Colsubsidio,Sin Informacion,"2,361,000,000,000",2024-11,2024-11,NU,ETA,36 - 45 años,,,NU,
AGRUPACIÓN DE VIVIENDA SAMÁN ,ETAPA 1,4/26/2026,No,Banco,Redes Sociales,"2,532,490,950,000",2026-4,2026-4,KAPPA,OMEGA,36 a 45 años,1,1,TAU,
CONJUNTO RESIDENCIAL VIBO ONCE,ETAPA 1,4/26/2026,No,Banco,Banderas y/o señalización,"2,813,000,000,000",2026-4,2026-4,SIGMA,OMEGA,36 a 45 años,3,2,TAU,
Agrupación De Vivienda Pamplona I,ETAPA 4,3/15/2025,No,Banco,Activación,"2,361,000,000,000",2025-3,2025-3,SIGMA,OMEGA,36 a 45 años,1,1,TAU,
La Arboleda,ETAPA 2,7/31/2025,No,Colsubsidio,Whatsapp,"1,789,339,500,000",2025-7,2025-7,SIGMA,OMEGA,36 a 45 años,,,RHO,X
La Arboleda,3,11/30/2025,Si,Colsubsidio,Sin Informacion,"2,158,000,000,000",2025-11,2025-11,KAPPA,OMEGA,20 a 35 años,1,,RHO,
Agrupacion De Vivienda Reserva De Guayacan,ETAPA 1,10/24/2025,No,Colsubsidio,Whatsapp,"2,360,000,000,000",2025-10,2025-10,NU,ETA,20 a 35 años,,,RHO,X
Agrupación De Vivienda La Macarena,ETAPA 2,11/10/2025,No,Banco,Banderas y/o señalización,"1,545,672,500,000",2025-11,2025-11,KAPPA,OMEGA,36 a 45 años,2,,NU,
Agrupación De Vivienda La Macarena,3,1/20/2024,Si,Banco,Sin Informacion,"1,362,400,000,000",2024-1,2024-1,KAPPA,OMEGA,20 - 35 años,2,2,GAMMA,
AGRUPACIÓN DE VIVIENDA BOSQUE DE TURPIAL,ETAPA 1,10/20/2025,No,Colsubsidio,Banderas y/o señalización,"2,311,190,000,000",2025-10,2025-10,NU,TAU,20 a 35 años,,,GAMMA,
Agrupación De Vivienda La Macarena,3,1/18/2024,Si,Colsubsidio,Sin Informacion,"1,368,900,000,000",2024-1,2024-1,KAPPA,OMEGA,20 - 35 años,2,1,GAMMA,
Agrupacion De Vivienda Payande,ETAPA 3,1/9/2024,No,Banco,Banderas y/o señalización,"1,755,000,000,000",2024-1,2024-1,SIGMA,OMEGA,Mayor de 55 años,2,,RHO,
Agrupacion De Vivienda Fuentevida,ETAPA 1,1/18/2024,No,Banco,Referido Alcaldía,"1,170,000,000,000",2024-1,2024-1,KAPPA,OMEGA,20 - 35 años,,,TAU,
Agrupación De Vivienda Monguí,ETAPA 1,1/21/2024,No,Banco,Banderas y/o señalización,"1,593,800,000,000",2024-1,2024-1,KAPPA,OMEGA,20 - 35 años,2,1,TAU,
Agrupacion De Vivienda Payande,ETAPA 2,7/9/2025,No,Banco,Ferias empresariales,"1,594,710,000,000",2025-7,2025-7,KAPPA,OMEGA,Mayor de 55 años,,,TAU,
Agrupacion De Vivienda Bosque De Arrayan,ETAPA 3,1/28/2024,No,Banco,Banderas y/o señalización,"1,935,700,000,000",2024-1,2024-1,KAPPA,OMEGA,20 - 35 años,1,1,TAU,
La Arboleda,ETAPA 1,6/14/2024,No,Banco,,"1,599,000,000,000",2024-6,2024-6,SIGMA,OMEGA,36 - 45 años,1,1,ALPHA,
INARI,ETAPA 1,6/8/2024,No,Banco,Banderas y/o señalización,"2,808,000,000,000",2024-6,2024-6,NU,OMEGA,20 - 35 años,,,RHO,X
INARI,1,6/21/2024,Si,Colsubsidio,Sin Informacion,"2,808,000,000,000",2024-6,2024-6,NU,ETA,20 - 35 años,,,GAMMA,
Conjunto Residencial Campo Alegre El Dorado,ETAPA 2,9/26/2024,No,Colsubsidio,Referido Alcaldía,"1,081,730,000,000",2024-9,2024-9,KAPPA,OMEGA,46 - 55 años,0,0,TAU,
Agrupación De Vivienda La Macarena,ETAPA 3,9/27/2024,No,Colsubsidio,Referido,"1,362,400,000,000",2024-9,2024-9,SIGMA,OMEGA,20 - 35 años,2,2,TAU,
AGRUPACIÓN DE VIVIENDA SAMÁN ,ETAPA 1,2/14/2025,No,Banco,Referido,"2,550,000,000,000",2025-2,2025-2,SIGMA,ETA,36 a 45 años,3,1,RHO,X
AGRUPACIÓN DE VIVIENDA BOSQUE DE TURPIAL,,6/16/2024,Si,Colsubsidio,Sin Informacion,"2,263,000,000,000",2024-6,2024-6,NU,ETA,20 - 35 años,,,GAMMA,X
Agrupacion De Vivienda Bosque De Arrayan,ETAPA 3,4/24/2024,No,Banco,Banderas y/o señalización,"1,773,200,000,000",2024-4,2024-4,NU,OMEGA,20 - 35 años,,,GAMMA,
VILLA FIORITA,,4/17/2024,Si,Colsubsidio,Sin Informacion,"2,135,250,000,000",2024-4,2024-4,SIGMA,OMEGA,36 - 45 años,2,2,GAMMA,
Agrupación De Vivienda La Macarena,ETAPA 3,4/22/2024,No,Colsubsidio,Banderas y/o señalización,"1,365,000,000,000",2024-4,2024-4,SIGMA,OMEGA,46 - 55 años,,,TAU,
INARI,1,6/28/2024,Si,Banco,Sin Informacion,"2,217,000,000,000",2024-6,2024-6,NU,ETA,20 - 35 años,,,NU,
Agrupacion De Vivienda Payande,,6/28/2024,Si,Colsubsidio,Sin Informacion,"1,793,610,000,000",2024-6,2024-6,SIGMA,ETA,Mayor de 55 años,2,1,TAU,
Agrupacion De Vivienda Payande,ETAPA 3,6/29/2024,No,Banco,,"1,793,610,000,000",2024-6,2024-6,SIGMA,OMEGA,36 - 45 años,2,2,TAU,
Agrupación De Vivienda Monguí,ETAPA 2,2/27/2025,No,Banco,Banderas y/o señalización,"2,004,288,000,000",2025-2,2025-2,SIGMA,OMEGA,Mayor de 55 años,,,TAU,
Versalles,ETAPA 1,6/20/2024,No,Banco,Referido,"2,171,000,000,000",2024-6,2024-6,KAPPA,OMEGA,46 - 55 años,2,2,TAU,
Los Nogales,2,4/26/2024,Si,Contado,Sin Informacion,"5,791,188,500,000",2024-4,2024-4,KAPPA,OMEGA,36 - 45 años,,,TAU,
Agrupacion De Vivienda Payande,ETAPA 3,4/14/2025,No,Colsubsidio,Valla ,"1,649,375,000,000",2025-4,2025-4,SIGMA,OMEGA,20 a 35 años,1,1,GAMMA,
La Arboleda,ETAPA 1,10/19/2024,No,Banco,Banderas y/o señalización,"1,625,000,000,000",2024-10,2024-10,NU,ETA,20 - 35 años,,,TAU,
Agrupación De Vivienda La Macarena,ETAPA 4,7/5/2026,No,Colsubsidio,Banderas y/o señalización,"1,575,815,000,000",2026-7,2026-6,KAPPA,OMEGA,Menor de 19 años,,,NU,
Agrupacion De Vivienda Bosque De Arrayan,ETAPA 3,7/1/2026,No,Banco,Banderas y/o señalización,"2,190,000,000,000",2026-7,2026-6,NU,ETA,20 a 35 años,,,GAMMA,
AGRUPACIÓN DE VIVIENDA BOSQUE DE TURPIAL,ETAPA 1,10/16/2024,No,Colsubsidio,Banderas y/o señalización,"2,101,000,000,000",2024-10,2024-10,KAPPA,OMEGA,46 - 55 años,1,1,TAU,
Los Nogales,1,2/11/2024,Si,Colsubsidio,Sin Informacion,"5,420,549,450,000",2024-2,2024-2,KAPPA,OMEGA,36 - 45 años,1,1,TAU,
Agrupacion De Vivienda Bosque De Arrayan,ETAPA 3,1/19/2025,No,Banco,Página web ,"1,853,611,050,000",2025-1,2025-1,NU,ETA,20 - 35 años,,,RHO,X
Agrupación De Vivienda La Macarena,ETAPA 3,5/29/2024,No,Banco,Referido,"1,534,533,000,000",2024-5,2024-5,KAPPA,OMEGA,36 - 45 años,2,1,NU,
Los Nogales,ETAPA 1,5/21/2024,No,Banco,Whatsapp,"5,725,220,000,000",2024-5,2024-5,SIGMA,TAU,36 - 45 años,2,,GAMMA,
Los Nogales,ETAPA 1,5/21/2024,No,Banco,Página web ,"5,859,910,000,000",2024-5,2024-5,SIGMA,TAU,36 - 45 años,2,,RHO,X
INARI,ETAPA 1,12/27/2024,No,Banco,Banderas y/o señalización,"2,506,000,000,000",2024-12,2024-12,KAPPA,OMEGA,36 - 45 años,3,2,NU,
Agrupacion De Vivienda Reserva De Guayacan,ETAPA 1,1/22/2025,No,Banco,Whatsapp,"2,360,000,000,000",2025-1,2025-1,KAPPA,OMEGA,20 - 35 años,1,1,TAU,
Agrupación De Vivienda Monguí,ETAPA 1,3/15/2026,No,Colsubsidio,Banderas y/o señalización,"1,575,815,000,000",2026-3,2026-3,KAPPA,OMEGA,20 a 35 años,,,GAMMA,X
VERDE ESPERANZA EL DORADO,ETAPA 1,3/14/2026,No,Colsubsidio,Banderas y/o señalización,"1,753,000,000,000",2026-3,2026-3,SIGMA,OMEGA,46 a 55 años,,,GAMMA,
VERDE ESPERANZA EL DORADO,ETAPA 1,3/23/2026,No,Banco,Banderas y/o señalización,"1,753,000,000,000",2026-3,2026-3,KAPPA,OMEGA,36 a 45 años,3,2,TAU,
VERDE ESPERANZA EL DORADO,ETAPA 1,3/28/2026,No,Banco,Banderas y/o señalización,"1,753,000,000,000",2026-3,2026-3,KAPPA,OMEGA,20 a 35 años,,,TAU,
Agrupación De Vivienda Monguí,ETAPA 2,3/14/2026,No,Colsubsidio,Banderas y/o señalización,"1,969,768,000,000",2026-3,2026-3,KAPPA,OMEGA,20 a 35 años,1,1,RHO,X
Agrupación De Vivienda Monguí,ETAPA 2,3/13/2026,No,Banco,Banderas y/o señalización,"1,785,923,000,000",2026-3,2026-3,SIGMA,OMEGA,36 a 45 años,,,RHO,X
VERDE ESPERANZA EL DORADO,ETAPA 1,3/19/2026,No,Banco,Banderas y/o señalización,"1,753,000,000,000",2026-3,2026-3,KAPPA,OMEGA,36 a 45 años,2,2,GAMMA,
ARAUCARIA,ETAPA 2,6/7/2026,No,Banco,Activación,"6,167,000,000,000",2026-6,2026-6,NU,TAU,20 a 35 años,,,GAMMA,
Agrupación De Vivienda La Macarena,ETAPA 1,3/22/2024,No,Banco,Página web ,"1,474,200,000,000",2024-3,2024-3,SIGMA,OMEGA,20 - 35 años,1,,GAMMA,
Agrupación De Vivienda Monguí,ETAPA 1,3/7/2024,No,Banco,Banderas y/o señalización,"1,735,246,500,000",2024-3,2024-3,KAPPA,OMEGA,20 - 35 años,1,,ZETA,
Agrupacion De Vivienda Bosque De Arrayan,,3/17/2024,Si,Colsubsidio,Sin Informacion,"1,773,200,000,000",2024-3,2024-3,SIGMA,OMEGA,46 - 55 años,1,1,TAU,
Agrupación De Vivienda La Macarena,ETAPA 3,4/24/2026,No,Banco,Banderas y/o señalización,"1,575,815,000,000",2026-4,2026-4,KAPPA,OMEGA,20 a 35 años,2,2,RHO,X
Agrupacion De Vivienda Reserva De Guayacan,ETAPA 1,4/26/2026,No,Banco,Ferias empresariales,"2,360,000,000,000",2026-4,2026-4,NU,ETA,20 a 35 años,,,GAMMA,
Agrupación De Vivienda Monguí,ETAPA 3,4/25/2026,No,Colsubsidio,Banderas y/o señalización,"1,785,923,000,000",2026-4,2026-4,SIGMA,OMEGA,20 a 35 años,1,,GAMMA,
Agrupación De Vivienda Pamplona I,ETAPA 1,4/14/2026,No,Colsubsidio,Banderas y/o señalización,"2,180,000,000,000",2026-4,2026-4,NU,OMEGA,20 a 35 años,,,RHO,X
AGRUPACIÓN DE VIVIENDA SAMÁN ,ETAPA 1,4/26/2026,No,Banco,Ferias empresariales,"2,532,490,950,000",2026-4,2026-4,KAPPA,OMEGA,36 a 45 años,2,1,GAMMA,
Agrupación De Vivienda Monguí,ETAPA 3,4/25/2026,No,Banco,Banderas y/o señalización,"1,584,569,000,000",2026-4,2026-4,KAPPA,OMEGA,20 a 35 años,,,TAU,
INARI,ETAPA 1,8/4/2025,No,Colsubsidio,Activación,"2,549,000,000,000",2025-8,2025-8,SIGMA,OMEGA,36 a 45 años,1,,NU,
La Arboleda,ETAPA 3,4/24/2026,No,Colsubsidio,Banderas y/o señalización,"2,233,450,000,000",2026-4,2026-4,KAPPA,OMEGA,20 a 35 años,2,2,ZETA,
VERDE ESPERANZA EL DORADO,ETAPA 1,4/26/2026,No,Colsubsidio,Banderas y/o señalización,"1,753,000,000,000",2026-4,2026-4,KAPPA,OMEGA,20 a 35 años,2,1,TAU,
Agrupacion De Vivienda Reserva De Guayacan,ETAPA 1,4/25/2026,No,Banco,Ferias empresariales,"2,360,000,000,000",2026-4,2026-4,KAPPA,OMEGA,20 a 35 años,,,TAU,
La Arboleda,ETAPA 1,11/30/2024,No,Banco,Banderas y/o señalización,"1,638,448,500,000",2024-11,2024-11,KAPPA,OMEGA,20 - 35 años,2,1,RHO,
VERDE ESPERANZA EL DORADO,ETAPA 1,9/24/2025,No,Banco,Valla ,"1,618,000,000,000",2025-9,2025-9,KAPPA,OMEGA,36 a 45 años,4,4,GAMMA,
Agrupación De Vivienda Monguí,ETAPA 3,4/24/2026,No,Colsubsidio,Banderas y/o señalización,"1,785,923,000,000",2026-4,2026-4,KAPPA,OMEGA,36 a 45 años,1,1,GAMMA,
INARI,1,3/31/2025,Si,Banco,Sin Informacion,"2,506,000,000,000",2025-3,2025-3,KAPPA,OMEGA,20 a 35 años,2,2,GAMMA,
INARI,ETAPA 1,7/12/2024,No,Banco,Banderas y/o señalización,"2,808,000,000,000",2024-7,2024-7,SIGMA,OMEGA,36 - 45 años,3,3,TAU,
INARI,ETAPA 1,4/26/2026,No,Colsubsidio,Activación,"2,506,000,000,000",2026-4,2026-4,NU,ETA,20 a 35 años,,,RHO,
INARI,ETAPA 1,4/26/2026,No,Colsubsidio,Banderas y/o señalización,"2,808,000,000,000",2026-4,2026-4,SIGMA,OMEGA,46 a 55 años,2,1,GAMMA,
AGRUPACIÓN DE VIVIENDA BOSQUE DE TURPIAL,ETAPA 1,4/25/2026,No,Banco,Banderas y/o señalización,"2,261,000,000,000",2026-4,2026-4,SIGMA,OMEGA,36 a 45 años,2,1,GAMMA,
Proyecto Karakalí,1,11/16/2024,Si,Banco,Sin Informacion,"2,451,267,000,000",2024-11,2024-11,KAPPA,OMEGA,20 - 35 años,,,TAU,
AGRUPACIÓN DE VIVIENDA BOSQUE DE TURPIAL,,7/22/2024,Si,Colsubsidio,Sin Informacion,"2,263,000,000,000",2024-7,2024-7,NU,OMEGA,20 - 35 años,,,NU,
ARAUCARIA,ETAPA 2,4/26/2026,No,Banco,Banderas y/o señalización,"6,638,000,000,000",2026-4,2026-4,SIGMA,TAU,36 a 45 años,1,,GAMMA,
Versalles,ETAPA 1,3/20/2025,No,Banco,Ferias empresariales,"1,987,000,000,000",2025-3,2025-3,KAPPA,OMEGA,20 a 35 años,2,2,ZETA,
Proyecto Karakalí,ETAPA 1,3/26/2025,No,Banco,Referido,"2,451,267,000,000",2025-3,2025-3,NU,OMEGA,20 a 35 años,,,NU,
INARI,ETAPA 1,4/26/2026,No,Colsubsidio,Activación,"2,506,000,000,000",2026-4,2026-4,KAPPA,OMEGA,Mayor de 55 años,1,1,TAU,
Agrupación De Vivienda La Macarena,ETAPA 3,7/6/2024,No,Colsubsidio,Banderas y/o señalización,"1,493,700,000,000",2024-7,2024-7,SIGMA,OMEGA,36 - 45 años,,,TAU,
Proyecto Karakalí,ETAPA 1,4/25/2026,No,Banco,Banderas y/o señalización,"2,363,721,750,000",2026-4,2026-4,NU,OMEGA,20 a 35 años,,,TAU,
Agrupación De Vivienda Monguí,ETAPA 1,11/19/2024,No,Colsubsidio,Banderas y/o señalización,"1,695,200,000,000",2024-11,2024-11,SIGMA,OMEGA,20 - 35 años,1,1,TAU,
Agrupación De Vivienda Monguí,,10/4/2025,Si,Colsubsidio,Sin Informacion,"1,920,301,500,000",2025-10,2025-10,NU,OMEGA,20 a 35 años,,,RHO,X
Agrupacion De Vivienda Reserva De Guayacan,ETAPA 1,11/29/2025,No,Banco,Valla ,"2,360,000,000,000",2025-11,2025-11,SIGMA,OMEGA,36 a 45 años,,,RHO,X
La Arboleda,ETAPA 1,10/7/2025,No,Colsubsidio,Whatsapp,"1,645,566,000,000",2025-10,2025-10,KAPPA,OMEGA,20 a 35 años,2,2,ZETA,
La Arboleda,ETAPA 3,11/19/2025,No,Banco,Whatsapp,"2,233,450,000,000",2025-11,2025-11,KAPPA,OMEGA,20 a 35 años,2,,RHO,X
Agrupación De Vivienda Monguí,ETAPA 1,11/16/2025,No,Banco,Banderas y/o señalización,"1,807,845,000,000",2025-11,2025-11,KAPPA,OMEGA,20 a 35 años,2,,RHO,X
Agrupación De Vivienda La Macarena,ETAPA 3,8/26/2024,No,Banco,Ferias empresariales,"1,498,900,000,000",2024-8,2024-8,SIGMA,OMEGA,36 - 45 años,1,1,GAMMA,
Agrupación De Vivienda La Macarena,ETAPA 3,8/27/2024,No,Banco,CS Soacha,"1,366,300,000,000",2024-8,2024-8,SIGMA,OMEGA,36 - 45 años,1,1,ZETA,
VERDE ESPERANZA EL DORADO,ETAPA 1,11/29/2025,No,Colsubsidio,Banderas y/o señalización,"1,578,000,000,000",2025-11,2025-11,SIGMA,ETA,20 a 35 años,1,,RHO,X
VERDE ESPERANZA EL DORADO,ETAPA 1,1/6/2026,No,Banco,Banderas y/o señalización,"1,753,000,000,000",2026-1,2026-1,KAPPA,OMEGA,46 a 55 años,3,1,TAU,
La Arboleda,ETAPA 3,1/17/2026,No,Colsubsidio,Banderas y/o señalización,"2,264,970,000,000",2026-1,2026-1,NU,OMEGA,36 a 45 años,,,TAU,
INARI,ETAPA 1,6/6/2024,No,Banco,Banderas y/o señalización,"2,808,000,000,000",2024-6,2024-6,NU,OMEGA,20 - 35 años,,,GAMMA,
INARI,ETAPA 1,6/16/2024,No,Banco,,"2,808,000,000,000",2024-6,2024-6,NU,OMEGA,20 - 35 años,,,ALPHA,
La Arboleda,3,6/30/2024,Si,Banco,Sin Informacion,"2,131,000,000,000",2024-6,2024-6,SIGMA,ETA,20 - 35 años,1,,GAMMA,
Agrupación De Vivienda La Macarena,ETAPA 3,6/21/2024,No,Banco,Ferias empresariales,"1,533,109,500,000",2024-6,2024-6,KAPPA,OMEGA,46 - 55 años,1,1,TAU,
AGRUPACIÓN DE VIVIENDA BOSQUE DE TURPIAL,ETAPA 1,6/28/2024,No,Colsubsidio,Banderas y/o señalización,"2,311,000,000,000",2024-6,2024-6,SIGMA,ETA,20 - 35 años,2,1,TAU,
INARI,1,2/5/2025,Si,Colsubsidio,Sin Informacion,"2,808,000,000,000",2025-2,2025-2,KAPPA,OMEGA,36 a 45 años,,,TAU,
INARI,ETAPA 1,2/25/2025,No,Colsubsidio,Banderas y/o señalización,"2,808,000,000,000",2025-2,2025-2,NU,OMEGA,20 a 35 años,,,TAU,
Proyecto Karakalí,ETAPA 1,4/10/2025,No,Banco,Banderas y/o señalización,"2,451,267,000,000",2025-4,2025-4,NU,TAU,36 a 45 años,,,GAMMA,
La Arboleda,ETAPA 2,4/29/2025,No,Banco,Ferias empresariales,"1,769,410,500,000",2025-4,2025-4,KAPPA,OMEGA,20 a 35 años,1,1,RHO,X
CONJUNTO RESIDENCIAL VIBO ONCE,ETAPA 1,5/10/2026,No,Colsubsidio,Banderas y/o señalización,"2,813,000,000,000",2026-5,2026-5,NU,ETA,20 a 35 años,,,RHO,
Proyecto Karakalí,ETAPA 1,5/20/2026,No,Banco,Ferias empresariales,"2,363,721,750,000",2026-5,2026-5,NU,OMEGA,20 a 35 años,,,GAMMA,
La Arboleda,ETAPA 1,6/17/2024,No,Banco,,"1,634,100,000,000",2024-6,2024-6,SIGMA,OMEGA,20 - 35 años,1,,TAU,
VERDE ESPERANZA EL DORADO,ETAPA 1,5/8/2026,No,Banco,Banderas y/o señalización,"1,753,000,000,000",2026-5,2026-5,KAPPA,OMEGA,20 a 35 años,1,1,TAU,
AGRUPACIÓN DE VIVIENDA SAMÁN ,ETAPA 1,5/17/2026,No,Banco,Banderas y/o señalización,"2,532,490,950,000",2026-5,2026-5,KAPPA,OMEGA,Mayor de 55 años,,,TAU,
Agrupación De Vivienda La Macarena,ETAPA 4,5/20/2026,No,Colsubsidio,Banderas y/o señalización,"1,584,569,000,000",2026-5,2026-5,SIGMA,OMEGA,46 a 55 años,,,ALPHA,
Versalles,ETAPA 1,6/30/2024,No,Colsubsidio,Referido,"1,987,000,000,000",2024-6,2024-6,SIGMA,OMEGA,20 - 35 años,1,1,GAMMA,
La Arboleda,,4/9/2024,Si,Banco,Sin Informacion,"1,727,700,000,000",2024-4,2024-4,SIGMA,OMEGA,36 - 45 años,1,,GAMMA,
Agrupación De Vivienda La Macarena,ETAPA 3,6/15/2025,No,Colsubsidio,Referido,"1,618,519,500,000",2025-6,2025-6,NU,ETA,20 a 35 años,,,GAMMA,
Versalles,ETAPA 1,2/7/2025,No,Banco,Referido,"2,171,000,000,000",2025-2,2025-2,KAPPA,OMEGA,Mayor de 55 años,,,TAU,
Agrupación De Vivienda Monguí,,6/30/2024,Si,Colsubsidio,Sin Informacion,"1,894,678,500,000",2024-6,2024-6,KAPPA,OMEGA,36 - 45 años,1,,TAU,
Versalles,ETAPA 1,6/27/2025,No,Banco,Banderas y/o señalización,"2,110,000,000,000",2025-6,2025-6,KAPPA,OMEGA,46 a 55 años,3,1,NU,
Agrupacion De Vivienda Reserva De Guayacan,ETAPA 1,2/1/2025,No,Banco,Referido,"2,360,000,000,000",2025-2,2025-2,SIGMA,ETA,20 a 35 años,2,1,TAU,
Agrupación De Vivienda Pamplona I,ETAPA 4,2/23/2025,No,Banco,Referido,"2,361,000,000,000",2025-2,2025-2,KAPPA,OMEGA,36 a 45 años,7,4,TAU,
AGRUPACIÓN DE VIVIENDA BOSQUE DE TURPIAL,ETAPA 2,6/14/2025,No,Banco,Banderas y/o señalización,"2,807,000,000,000",2025-6,2025-6,SIGMA,OMEGA,36 a 45 años,3,,TAU,
Agrupación De Vivienda Monguí,,4/27/2024,Si,Banco,Sin Informacion,"2,004,768,000,000",2024-4,2024-4,KAPPA,OMEGA,20 - 35 años,3,2,NU,
Agrupación De Vivienda La Macarena,ETAPA 3,2/21/2024,No,Colsubsidio,Banderas y/o señalización,"1,471,100,000,000",2024-2,2024-2,KAPPA,OMEGA,20 - 35 años,,,RHO,X
Agrupacion De Vivienda Reserva De Guayacan,ETAPA 1,1/12/2025,No,Banco,Whatsapp,"2,360,000,000,000",2025-1,2025-1,SIGMA,OMEGA,36 - 45 años,1,1,RHO,X
AGRUPACIÓN DE VIVIENDA BOSQUE DE TURPIAL,ETAPA 1,12/8/2024,No,Banco,Banderas y/o señalización,"2,311,190,000,000",2024-12,2024-12,SIGMA,OMEGA,36 - 45 años,1,1,GAMMA,
Los Nogales,1,2/11/2024,Si,Banco,Sin Informacion,"5,215,580,240,000",2024-2,2024-2,SIGMA,ETA,Mayor de 55 años,2,,TAU,
RESERVA DEL NOGAL,UNICA,1/13/2025,No,Banco,Valla proyecto sala de ventas,"1,700,000,000,000",2025-1,2025-1,KAPPA,OMEGA,46 - 55 años,,,TAU,
Conjunto Residencial Campo Alegre El Dorado,,12/12/2024,Si,Banco,Sin Informacion,"1,118,728,650,000",2024-12,2024-12,KAPPA,OMEGA,36 - 45 años,2,2,TAU,
Agrupación De Vivienda Monguí,ETAPA 2,3/15/2026,No,Colsubsidio,Activación,"1,584,569,000,000",2026-3,2026-3,KAPPA,OMEGA,Menor de 19 años,,,GAMMA,
Agrupación De Vivienda Monguí,ETAPA 2,3/14/2026,No,Banco,Activación,"1,785,923,000,000",2026-3,2026-3,KAPPA,OMEGA,20 a 35 años,3,2,NU,
Agrupación De Vivienda Monguí,ETAPA 2,3/14/2026,No,Colsubsidio,Activación,"1,785,923,000,000",2026-3,2026-3,SIGMA,ETA,36 a 45 años,1,1,ALPHA,
Agrupación De Vivienda La Macarena,ETAPA 4,3/2/2026,No,Banco,Banderas y/o señalización,"1,488,269,000,000",2026-3,2026-3,SIGMA,OMEGA,20 a 35 años,2,1,GAMMA,
INARI,ETAPA 1,6/29/2026,No,Colsubsidio,Activación,"2,916,000,000,000",2026-6,2026-6,KAPPA,OMEGA,Mayor de 55 años,2,2,TAU,
VERDE ESPERANZA EL DORADO,ETAPA 1,12/23/2025,No,Colsubsidio,Banderas y/o señalización,"1,793,000,000,000",2025-12,2025-12,SIGMA,OMEGA,20 a 35 años,2,2,GAMMA,
La Arboleda,ETAPA 2,12/17/2025,No,Colsubsidio,Activación,"1,807,845,000,000",2025-12,2025-12,SIGMA,OMEGA,20 a 35 años,1,1,GAMMA,
ARAUCARIA,ETAPA 1,12/24/2025,No,Banco,Banderas y/o señalización,"5,988,000,000,000",2025-12,2025-12,SIGMA,TAU,36 a 45 años,,,GAMMA,
Agrupación De Vivienda Monguí,ETAPA 1,3/19/2024,No,Banco,Whatsapp,"1,755,000,000,000",2024-3,2024-3,KAPPA,OMEGA,20 - 35 años,3,2,GAMMA,X
Agrupacion De Vivienda Bosque De Arrayan,ETAPA 3,3/4/2024,No,Colsubsidio,Whatsapp,"1,773,200,000,000",2024-3,2024-3,NU,OMEGA,20 - 35 años,,,GAMMA,
INARI,1,3/26/2024,Si,Banco,Sin Informacion,"2,916,000,000,000",2024-3,2024-3,KAPPA,OMEGA,36 - 45 años,1,,TAU,
La Arboleda,3,8/24/2025,Si,Colsubsidio,Sin Informacion,"2,412,130,000,000",2025-8,2025-8,KAPPA,OMEGA,20 a 35 años,,,GAMMA,
INARI,1,8/3/2025,Si,Colsubsidio,Sin Informacion,"2,506,000,000,000",2025-8,2025-8,KAPPA,OMEGA,20 a 35 años,,,NU,
VERDE ESPERANZA EL DORADO,ETAPA 1,9/30/2025,No,Banco,Banderas y/o señalización,"1,578,000,000,000",2025-9,2025-9,SIGMA,OMEGA,20 a 35 años,1,1,TAU,
Agrupación De Vivienda La Macarena,ETAPA 3,11/28/2024,No,Banco,Banderas y/o señalización,"1,537,380,000,000",2024-11,2024-11,NU,OMEGA,20 - 35 años,,,RHO,X
Los Nogales,ETAPA 2,3/29/2025,No,Banco,Whatsapp,"7,582,860,000,000",2025-3,2025-3,NU,TAU,20 a 35 años,,,RHO,X
Versalles,ETAPA 1,3/24/2025,No,Banco,Activación,"2,110,000,000,000",2025-3,2025-3,NU,OMEGA,20 a 35 años,,,GAMMA,
Agrupacion De Vivienda Fuentevida,ETAPA 2,3/25/2025,No,Banco,Referido Alcaldía,"1,281,150,000,000",2025-3,2025-3,KAPPA,OMEGA,20 a 35 años,5,4,GAMMA,
Agrupacion De Vivienda Fuentevida,ETAPA 2,3/31/2025,No,Colsubsidio,Referido Alcaldía,"1,281,150,000,000",2025-3,2025-3,KAPPA,OMEGA,46 a 55 años,1,,GAMMA,
VERDE ESPERANZA EL DORADO,ETAPA 1,9/24/2025,No,Colsubsidio,Valla ,"1,578,000,000,000",2025-9,2025-9,SIGMA,ETA,20 a 35 años,1,1,RHO,X
Agrupacion De Vivienda Fuentevida,ETAPA 2,11/25/2024,No,Contado,Referido Alcaldía,"1,208,551,500,000",2024-11,2024-11,KAPPA,OMEGA,20 - 35 años,1,1,TAU,
VERDE ESPERANZA EL DORADO,ETAPA 1,9/18/2025,No,Colsubsidio,Valla ,"1,578,000,000,000",2025-9,2025-9,KAPPA,OMEGA,36 a 45 años,1,1,TAU,
AGRUPACIÓN DE VIVIENDA BOSQUE DE TURPIAL,ETAPA 1,10/27/2025,No,Banco,Banderas y/o señalización,"2,311,190,000,000",2025-10,2025-10,NU,ETA,20 a 35 años,,,RHO,X
Agrupación De Vivienda Monguí,ETAPA 2,1/15/2026,No,Banco,Banderas y/o señalización,"2,041,940,000,000",2026-1,2026-1,NU,OMEGA,20 a 35 años,,,GAMMA,
Agrupación De Vivienda Monguí,ETAPA 2,1/30/2024,No,Banco,Whatsapp,"1,917,454,500,000",2024-1,2024-1,SIGMA,OMEGA,36 - 45 años,2,,RHO,
Agrupacion De Vivienda Payande,,7/11/2025,Si,Banco,Sin Informacion,"1,921,725,000,000",2025-7,2025-7,KAPPA,OMEGA,36 a 45 años,,,ZETA,
Agrupación De Vivienda La Macarena,3,1/19/2024,Si,Banco,Sin Informacion,"1,528,839,000,000",2024-1,2024-1,SIGMA,OMEGA,20 - 35 años,2,1,ZETA,
VILLA FIORITA,ETAPA 2,1/20/2024,No,Banco,Valla ,"1,950,000,000,000",2024-1,2024-1,SIGMA,OMEGA,20 - 35 años,1,1,NU,
ARAUCARIA,ETAPA 1,12/19/2025,No,Banco,Banderas y/o señalización,"6,106,000,000,000",2025-12,,PI,CHI,,,,XI,
INARI,ETAPA 1,5/18/2026,No,Colsubsidio,Activación,"2,506,000,000,000",2026-5,,PI,CHI,,,,XI,
Agrupacion De Vivienda Bosque De Arrayan,,6/13/2025,Si,Colsubsidio,Sin Informacion,"2,205,000,000,000",2025-6,,PI,CHI,,,,XI,
VERDE ESPERANZA EL DORADO,ETAPA 1,9/29/2025,No,Banco,Banderas y/o señalización,"1,578,000,000,000",2025-9,,PI,CHI,,,,XI,
VILLA MERCEDES EL DORADO,ETAPA 1,2/24/2026,No,Banco,Referido Alcaldía,"1,715,000,000,000",2026-2,,PI,CHI,,,,XI,
La Arboleda,ETAPA 1,5/30/2025,No,Banco,Banderas y/o señalización,"1,642,719,000,000",2025-5,,PI,CHI,,,,XI,
Los Nogales,2,4/24/2024,Si,Banco,Sin Informacion,"5,762,666,100,000",2024-4,,PI,CHI,,,,XI,
Versalles,ETAPA 1,6/15/2025,No,Banco,Activación,"2,110,000,000,000",2025-6,,PI,CHI,,,,XI,
VILLA MERCEDES EL DORADO,ETAPA 1,2/23/2026,No,Banco,Referido Alcaldía,"1,715,000,000,000",2026-2,,PI,CHI,,,,XI,
Agrupación De Vivienda La Macarena,ETAPA 3,3/23/2026,No,Banco,Banderas y/o señalización,"1,619,569,000,000",2026-3,,PI,CHI,,,,XI,
Los Nogales,ETAPA 1,8/8/2024,No,Banco,Valla ,"5,709,156,300,000",2024-8,,PI,CHI,,,,XI,
INARI,1,3/14/2025,Si,Banco,Sin Informacion,"2,808,000,000,000",2025-3,,PI,CHI,,,,XI,
Agrupación De Vivienda La Macarena,ETAPA 4,5/3/2026,No,Banco,Banderas y/o señalización,"1,523,269,000,000",2026-5,,PI,CHI,,,,XI,
VILLA MERCEDES EL DORADO,ETAPA 1,2/21/2026,No,Banco,Referido Alcaldía,"1,715,000,000,000",2026-2,,PI,CHI,,,,XI,
MIRADOR DEL VIRREY II,UNICA,1/22/2025,No,Banco,Banderas ,"1,700,000,000,000",2025-1,,PI,CHI,,,,XI,
Los Nogales,1,2/11/2024,Si,Colsubsidio,Sin Informacion,"5,512,124,350,000",2024-2,,PI,CHI,,,,XI,
Agrupación De Vivienda Monguí,ETAPA 1,6/13/2025,No,Banco,Referido,"1,750,905,000,000",2025-6,,PI,CHI,,,,XI,
Agrupación De Vivienda Monguí,ETAPA 3,4/21/2026,No,Banco,Banderas y/o señalización,"1,610,815,000,000",2026-4,,PI,CHI,,,,XI,
Los Nogales,2,2/19/2024,Si,Banco,Sin Informacion,"5,710,428,900,000",2024-2,,PI,CHI,,,,XI,
Agrupacion De Vivienda Bosque De Arrayan,ETAPA 4,6/15/2025,No,Banco,Banderas y/o señalización,"1,915,034,550,000",2025-6,,PI,CHI,,,,XI,
ARAUCARIA,ETAPA 1,12/27/2025,No,Banco,Banderas y/o señalización,"9,650,000,000,000",2025-12,,PI,CHI,,,,XI,
VERDE ESPERANZA EL DORADO,ETAPA 1,5/19/2026,No,Banco,Banderas y/o señalización,"1,793,000,000,000",2026-5,,PI,CHI,,,,XI,
Agrupación De Vivienda La Macarena,ETAPA 3,6/29/2025,No,Banco,Banderas y/o señalización,"1,473,322,500,000",2025-6,,PI,CHI,,,,XI,
INARI,1,5/31/2025,Si,Colsubsidio,Sin Informacion,"2,506,000,000,000",2025-5,,PI,CHI,,,,XI,
VILLA FIORITA,ETAPA 1,11/29/2024,No,Banco,Banderas y/o señalización,"1,975,106,250,000",2024-11,,PI,CHI,,,,XI,
VERDE ESPERANZA EL DORADO,ETAPA 1,10/29/2025,No,Banco,Banderas y/o señalización,"1,618,000,000,000",2025-10,,PI,CHI,,,,XI,
Los Nogales,ETAPA 1,2/19/2024,No,Contado,Valla ,"5,709,910,000,000",2024-2,,PI,CHI,,,,XI,
Agrupación De Vivienda La Macarena,ETAPA 3,1/24/2024,No,Banco,Banderas y/o señalización,"1,400,724,000,000",2024-1,,PI,CHI,,,,XI,
Agrupación De Vivienda La Macarena,ETAPA 1,7/25/2024,No,Banco,Referido,"1,443,000,000,000",2024-7,,PI,CHI,,,,XI,
Los Nogales,ETAPA 2,8/30/2024,No,Banco,Ferias empresariales,"5,882,765,200,000",2024-8,,PI,CHI,,,,XI,
VILLA FIORITA,ETAPA 2,3/15/2024,No,Banco,Valla ,"1,950,000,000,000",2024-3,,PI,CHI,,,,XI,
VILLA MERCEDES EL DORADO,ETAPA 1,7/15/2026,No,Banco,Referido Alcaldía,"1,715,000,000,000",2026-7,,PI,CHI,,,,XI,
Los Nogales,1,2/11/2024,Si,Contado,Sin Informacion,"5,711,824,390,000",2024-2,,PI,CHI,,,,XI,
Proyecto Karakalí,ETAPA 1,8/14/2024,No,Banco,Ferias empresariales,"2,451,267,000,000",2024-8,,PI,CHI,,,,XI,
Agrupacion De Vivienda Reserva De Guayacan,ETAPA 1,7/10/2026,No,Banco,Banderas y/o señalización,"2,395,000,000,000",2026-7,,PI,CHI,,,,XI,
AGRUPACIÓN DE VIVIENDA BOSQUE DE TURPIAL,ETAPA 2,10/12/2025,No,Colsubsidio,Banderas y/o señalización,"2,807,000,000,000",2025-10,,PI,CHI,,,,XI,
VERDE ESPERANZA EL DORADO,ETAPA 1,3/14/2026,No,Banco,Banderas y/o señalización,"1,793,000,000,000",2026-3,,PI,CHI,,,,XI,
La Arboleda,ETAPA 3,6/19/2025,No,Banco,Banderas y/o señalización,"2,412,130,000,000",2025-6,,PI,CHI,,,,XI,
Agrupación De Vivienda Pamplona I,ETAPA 4,1/30/2025,No,Banco,Banderas y/o señalización,"2,361,000,000,000",2025-1,,PI,CHI,,,,XI,
Agrupacion De Vivienda Bosque De Arrayan,,10/31/2024,Si,Colsubsidio,Sin Informacion,"1,725,282,000,000",2024-10,,PI,CHI,,,,XI,
Agrupacion De Vivienda Reserva De Guayacan,,5/10/2025,Si,Banco,Sin Informacion,"2,340,000,000,000",2025-5,,PI,CHI,,,,XI,
Versalles,ETAPA 2,9/30/2025,No,Colsubsidio,Banderas y/o señalización,"2,312,000,000,000",2025-9,,PI,CHI,,,,XI,
Proyecto Karakalí,ETAPA 1,6/15/2025,No,Banco,Ferias empresariales,"2,451,267,000,000",2025-6,,PI,CHI,,,,XI,
VERDE ESPERANZA EL DORADO,ETAPA 1,11/8/2025,No,Banco,Banderas y/o señalización,"1,618,000,000,000",2025-11,,PI,CHI,,,,XI,
Proyecto Karakalí,ETAPA 1,6/26/2025,No,Banco,Banderas y/o señalización,"2,451,267,000,000",2025-6,,PI,CHI,,,,XI,
VILLA MERCEDES EL DORADO,ETAPA 1,4/17/2026,No,Banco,Referido Alcaldía,"1,715,000,000,000",2026-4,,PI,CHI,,,,XI,
VERDE ESPERANZA EL DORADO,ETAPA 1,11/4/2025,No,Banco,Banderas y/o señalización,"1,618,000,000,000",2025-11,,PI,CHI,,,,XI,
Versalles,ETAPA 1,2/9/2025,No,Banco,Banderas y/o señalización,"2,110,000,000,000",2025-2,,PI,CHI,,,,XI,
Proyecto Karakalí,ETAPA 1,7/6/2025,No,Banco,Activación,"2,363,721,750,000",2025-7,,PI,CHI,,,,XI,
Los Nogales,ETAPA 1,4/19/2026,No,Contado,Banderas y/o señalización,"6,806,390,000,000",2026-4,,PI,CHI,,,,XI,
AGRUPACIÓN DE VIVIENDA BOSQUE DE TURPIAL,ETAPA 1,8/26/2025,No,Banco,Contact Center,"2,311,190,000,000",2025-8,,PI,CHI,,,,XI,
Los Nogales,ETAPA 2,1/10/2025,No,Contado,Valla ,"5,788,680,000,000",2025-1,,PI,CHI,,,,XI,
Los Nogales,ETAPA 1,4/30/2025,No,Contado,Whatsapp,"5,674,620,000,000",2025-4,,PI,CHI,,,,XI,
CONJUNTO RESIDENCIAL VIBO ONCE,ETAPA 1,2/13/2026,No,Banco,Banderas y/o señalización,"2,813,000,000,000",2026-2,,PI,CHI,,,,XI,
Agrupación De Vivienda Pamplona I,ETAPA 3,11/2/2025,No,Banco,Banderas y/o señalización,"2,217,000,000,000",2025-11,,PI,CHI,,,,XI,
La Arboleda,ETAPA 3,1/25/2026,No,Banco,Banderas y/o señalización,"2,233,450,000,000",2026-1,,PI,CHI,,,,XI,
VILLA FIORITA,,7/19/2025,Si,Banco,Sin Informacion,"2,135,250,000,000",2025-7,,PI,CHI,,,,XI,
RESERVA DEL NOGAL,UNICA,9/1/2024,No,Contado,Redes Sociales,"1,700,000,000,000",2024-9,,PI,CHI,,,,XI,
VERDE ESPERANZA EL DORADO,ETAPA 1,4/30/2026,No,Banco,Banderas y/o señalización,"1,793,000,000,000",2026-4,,PI,CHI,,,,XI,
AGRUPACIÓN DE VIVIENDA SAMÁN ,ETAPA 1,2/16/2025,No,Banco,Página web ,"2,550,000,000,000",2025-2,,PI,CHI,,,,XI,
Agrupación De Vivienda Monguí,ETAPA 2,8/23/2025,No,Banco,Banderas y/o señalización,"1,992,900,000,000",2025-8,,PI,CHI,,,,XI,
Agrupación De Vivienda La Macarena,ETAPA 3,3/26/2025,No,Banco,Ferias empresariales,"1,618,519,500,000",2025-3,,PI,CHI,,,,XI,
VERDE ESPERANZA EL DORADO,ETAPA 1,9/25/2025,No,Banco,Valla ,"1,618,000,000,000",2025-9,,PI,CHI,,,,XI,
VERDE ESPERANZA EL DORADO,ETAPA 1,12/30/2025,No,Colsubsidio,Banderas y/o señalización,"1,793,000,000,000",2025-12,,PI,CHI,,,,XI,
AGRUPACIÓN DE VIVIENDA SAMÁN ,ETAPA 1,6/15/2025,No,Banco,Ferias empresariales,"2,550,000,000,000",2025-6,,PI,CHI,,,,XI,
Agrupación De Vivienda Monguí,ETAPA 1,3/27/2025,No,Banco,Banderas y/o señalización,"1,924,572,000,000",2025-3,,PI,CHI,,,,XI,
Los Nogales,ETAPA 1,2/10/2024,No,Banco,Ferias empresariales,"5,701,060,000,000",2024-2,,PI,CHI,,,,XI,
VERDE ESPERANZA EL DORADO,ETAPA 1,12/26/2025,No,Banco,Banderas y/o señalización,"1,793,000,000,000",2025-12,,PI,CHI,,,,XI,
CONJUNTO RESIDENCIAL VIBO ONCE,ETAPA 1,4/22/2026,No,Banco,Banderas y/o señalización,"2,813,000,000,000",2026-4,,PI,CHI,,,,XI,
AGRUPACIÓN DE VIVIENDA SAMÁN ,ETAPA 1,9/24/2025,No,Banco,Redes Sociales,"2,550,000,000,000",2025-9,,PI,CHI,,,,XI,
La Arboleda,ETAPA 2,6/28/2024,No,Banco,Banderas y/o señalización,"1,963,006,500,000",2024-6,,PI,CHI,,,,XI,
Agrupación De Vivienda Monguí,ETAPA 2,1/24/2024,No,Banco,Referido,"1,776,528,000,000",2024-1,,PI,CHI,,,,XI,
ARAUCARIA,ETAPA 1,12/28/2025,No,Colsubsidio,Banderas y/o señalización,"6,167,000,000,000",2025-12,,PI,CHI,,,,XI,
INARI,1,5/29/2025,Si,Colsubsidio,Sin Informacion,"2,549,000,000,000",2025-5,,PI,CHI,,,,XI,
VERDE ESPERANZA EL DORADO,ETAPA 1,11/24/2025,No,Banco,Banderas y/o señalización,"1,618,000,000,000",2025-11,,PI,CHI,,,,XI,
Los Nogales,ETAPA 1,2/10/2024,No,Banco,Activación,"5,189,630,000,000",2024-2,,PI,CHI,,,,XI,
Versalles,ETAPA 1,3/31/2026,No,Banco,Banderas y/o señalización,"2,171,000,000,000",2026-3,,PI,CHI,,,,XI,
Los Nogales,1,2/11/2024,Si,Colsubsidio,Sin Informacion,"5,417,087,170,000",2024-2,,PI,CHI,,,,XI,
Agrupacion De Vivienda Payande,ETAPA 3,5/17/2024,No,Banco,Banderas y/o señalización,"1,755,000,000,000",2024-5,,PI,CHI,,,,XI,
VERDE ESPERANZA EL DORADO,ETAPA 1,3/4/2026,No,Banco,Banderas y/o señalización,"1,793,000,000,000",2026-3,,PI,CHI,,,,XI,
ARAUCARIA,ETAPA 2,7/14/2026,No,Contado,Banderas y/o señalización,"7,686,000,000,000",2026-7,,PI,CHI,,,,XI,
Agrupación De Vivienda La Macarena,3,2/7/2024,Si,Banco,Sin Informacion,"1,397,877,000,000",2024-2,,PI,CHI,,,,XI,
INARI,1,12/20/2024,Si,Banco,Sin Informacion,"2,808,000,000,000",2024-12,,PI,CHI,,,,XI,
Agrupación De Vivienda La Macarena,ETAPA 2,9/27/2024,No,Banco,Referido,"1,379,371,500,000",2024-9,,PI,CHI,,,,XI,
Versalles,ETAPA 2,8/1/2025,No,Banco,Banderas y/o señalización,"2,312,000,000,000",2025-8,,PI,CHI,,,,XI,
VERDE ESPERANZA EL DORADO,ETAPA 1,10/16/2025,No,Banco,Valla ,"1,618,000,000,000",2025-10,,PI,CHI,,,,XI,
AGRUPACIÓN DE VIVIENDA BOSQUE DE TURPIAL,ETAPA 1,12/3/2025,No,Banco,Banderas y/o señalización,"2,311,000,000,000",2025-12,,PI,CHI,,,,XI,
INARI,ETAPA 1,4/26/2026,No,Colsubsidio,Activación,"2,808,000,000,000",2026-4,,PI,CHI,,,,XI,
Agrupacion De Vivienda Fuentevida,ETAPA 2,11/29/2024,No,Banco,Referido Alcaldía,"1,170,000,000,000",2024-11,,PI,CHI,,,,XI,
VERDE ESPERANZA EL DORADO,ETAPA 1,12/11/2025,No,Banco,Banderas y/o señalización,"1,793,000,000,000",2025-12,,PI,CHI,,,,XI,
Agrupación De Vivienda La Macarena,3,3/16/2025,Si,Colsubsidio,Sin Informacion,"1,610,815,000,000",2025-3,,PI,CHI,,,,XI,
Agrupacion De Vivienda Fuentevida,ETAPA 1,1/20/2024,No,Banco,Referido Alcaldía,"1,170,000,000,000",2024-1,,PI,CHI,,,,XI,
Agrupación De Vivienda La Macarena,ETAPA 3,2/4/2024,No,Banco,Referido,"1,493,700,000,000",2024-2,,PI,CHI,,,,XI,
La Arboleda,ETAPA 2,3/12/2024,No,Banco,Banderas y/o señalización,"1,834,891,500,000",2024-3,,PI,CHI,,,,XI,
INARI,ETAPA 1,8/27/2024,No,Banco,Banderas y/o señalización,"2,808,000,000,000",2024-8,,PI,CHI,,,,XI,
Agrupación De Vivienda Monguí,,6/14/2025,Si,Banco,Sin Informacion,"1,750,905,000,000",2025-6,,PI,CHI,,,,XI,
La Arboleda,,6/15/2025,Si,Banco,Sin Informacion,"1,799,304,000,000",2025-6,,PI,CHI,,,,XI,
La Arboleda,ETAPA 2,6/30/2025,No,Banco,Banderas y/o señalización,"1,824,927,000,000",2025-6,,PI,CHI,,,,XI,
INARI,ETAPA 1,6/6/2025,No,Colsubsidio,Ferias empresariales,"2,808,000,000,000",2025-6,,PI,CHI,,,,XI,
Los Nogales,ETAPA 2,11/18/2024,No,Banco,Whatsapp,"5,837,880,000,000",2024-11,,PI,CHI,,,,XI,
INARI,ETAPA 1,8/24/2025,No,Colsubsidio,Activación,"2,506,000,000,000",2025-8,,PI,CHI,,,,XI,
Los Nogales,ETAPA 1,2/10/2024,No,Banco,Ferias empresariales,"5,343,990,800,000",2024-2,,PI,CHI,,,,XI,
VERDE ESPERANZA EL DORADO,ETAPA 1,2/5/2026,No,Banco,Banderas y/o señalización,"1,618,000,000,000",2026-2,,PI,CHI,,,,XI,
Proyecto Karakalí,ETAPA 1,12/30/2024,No,Banco,Redes Sociales,"2,451,267,000,000",2024-12,,PI,CHI,,,,XI,
Proyecto Karakalí,ETAPA 1,6/30/2024,No,Banco,Ferias empresariales,"2,616,000,000,000",2024-6,,PI,CHI,,,,XI,
Conjunto Residencial Campo Alegre El Dorado,ETAPA 2,9/11/2025,No,Colsubsidio,Referido Alcaldía,"1,184,494,350,000",2025-9,,PI,CHI,,,,XI,
Agrupación De Vivienda Pamplona I,ETAPA 4,3/31/2025,No,Colsubsidio,Banderas y/o señalización,"2,361,000,000,000",2025-3,,PI,CHI,,,,XI,
INARI,1,5/8/2024,Si,Banco,Sin Informacion,"2,808,000,000,000",2024-5,,PI,CHI,,,,XI,
VILLA FIORITA,ETAPA 3,8/23/2024,No,Banco,Banderas y/o señalización,"2,135,250,000,000",2024-8,,PI,CHI,,,,XI,
Agrupacion De Vivienda Fuentevida,,3/26/2025,Si,Banco,Sin Informacion,"1,281,150,000,000",2025-3,,PI,CHI,,,,XI,
VERDE ESPERANZA EL DORADO,ETAPA 1,10/1/2025,No,Banco,Valla ,"1,618,000,000,000",2025-10,,PI,CHI,,,,XI,
VERDE ESPERANZA EL DORADO,ETAPA 1,10/2/2025,No,Banco,Valla ,"1,618,000,000,000",2025-10,,PI,CHI,,,,XI,
Agrupacion De Vivienda Reserva De Guayacan,ETAPA 1,7/10/2026,No,Banco,Banderas y/o señalización,"2,395,000,000,000",2026-7,,PI,CHI,,,,XI,
INARI,1,6/21/2024,Si,Banco,Sin Informacion,"2,808,000,000,000",2024-6,,PI,CHI,,,,XI,
VILLA FIORITA,ETAPA 1,3/6/2025,No,Banco,Whatsapp,"2,135,250,000,000",2025-3,,PI,CHI,,,,XI,
VERDE ESPERANZA EL DORADO,ETAPA 1,5/13/2026,No,Banco,Banderas y/o señalización,"1,793,000,000,000",2026-5,,PI,CHI,,,,XI,
La Arboleda,ETAPA 1,9/30/2025,No,Banco,Banderas y/o señalización,"1,645,566,000,000",2025-9,,PI,CHI,,,,XI,
Agrupación De Vivienda Monguí,ETAPA 2,4/5/2024,No,Banco,Contact Center,"1,897,525,500,000",2024-4,,PI,CHI,,,,XI,
Agrupacion De Vivienda Fuentevida,ETAPA 2,11/22/2024,No,Banco,Referido Alcaldía,"1,208,551,500,000",2024-11,,PI,CHI,,,,XI,
ARAUCARIA,ETAPA 1,1/6/2026,No,Banco,Banderas y/o señalización,"5,868,000,000,000",2026-1,,PI,CHI,,,,XI,
Agrupación De Vivienda Pamplona I,ETAPA 4,5/30/2026,No,Banco,Banderas y/o señalización,"2,515,000,000,000",2026-5,,PI,CHI,,,,XI,
ARAUCARIA,ETAPA 1,1/3/2026,No,Banco,Banderas y/o señalización,"6,152,000,000,000",2026-1,,PI,CHI,,,,XI,
Agrupacion De Vivienda Fuentevida,ETAPA 2,11/25/2024,No,Banco,Referido Alcaldía,"1,208,551,500,000",2024-11,,PI,CHI,,,,XI,
Agrupación De Vivienda Pamplona I,ETAPA 3,8/6/2025,No,Banco,Banderas y/o señalización,"2,217,000,000,000",2025-8,,PI,CHI,,,,XI,
Agrupación De Vivienda Pamplona I,ETAPA 2,3/3/2025,No,Banco,Banderas y/o señalización,"2,095,000,000,000",2025-3,,PI,CHI,,,,XI,
Agrupación De Vivienda Monguí,ETAPA 2,11/3/2025,No,Banco,Página web ,"1,879,020,000,000",2025-11,,PI,CHI,,,,XI,
INARI,1,9/13/2024,Si,Banco,Sin Informacion,"2,506,000,000,000",2024-9,,PI,CHI,,,,XI,
Agrupacion De Vivienda Payande,ETAPA 3,9/25/2024,No,Banco,Referido,"1,793,610,000,000",2024-9,,PI,CHI,,,,XI,
Agrupacion De Vivienda Fuentevida,ETAPA 2,10/27/2025,No,Contado,Banderas y/o señalización,"1,281,150,000,000",2025-10,,PI,CHI,,,,XI,
ARAUCARIA,ETAPA 1,4/7/2026,No,Banco,Banderas y/o señalización,"5,920,000,000,000",2026-4,,PI,CHI,,,,XI,
Los Nogales,1,2/9/2024,Si,Contado,Sin Informacion,"6,942,740,000,000",2024-2,,PI,CHI,,,,XI,
ARAUCARIA,ETAPA 1,1/5/2026,No,Banco,Banderas y/o señalización,"5,808,000,000,000",2026-1,,PI,CHI,,,,XI,
Agrupación De Vivienda La Macarena,ETAPA 1,5/3/2026,No,Banco,Banderas y/o señalización,"1,532,024,000,000",2026-5,,PI,CHI,,,,XI,
VILLA FIORITA,ETAPA 3,8/23/2024,No,Banco,Valla ,"2,135,250,000,000",2024-8,,PI,CHI,,,,XI,
La Arboleda,ETAPA 1,11/23/2024,No,Banco,Referido,"1,775,104,500,000",2024-11,,PI,CHI,,,,XI,
AGRUPACIÓN DE VIVIENDA SAMÁN ,ETAPA 1,6/24/2025,No,Banco,Referido,"2,550,000,000,000",2025-6,,PI,CHI,,,,XI,
Agrupación De Vivienda Pamplona I,ETAPA 4,6/22/2025,No,Contado,Banderas y/o señalización,"2,361,000,000,000",2025-6,,PI,CHI,,,,XI,
Agrupacion De Vivienda Payande,,7/9/2025,Si,Banco,Sin Informacion,"1,921,725,000,000",2025-7,,PI,CHI,,,,XI,
Agrupación De Vivienda La Macarena,ETAPA 3,1/31/2025,No,Banco,Referido,"1,537,380,000,000",2025-1,,PI,CHI,,,,XI,
VILLA FIORITA,,4/30/2024,Si,Banco,Sin Informacion,"2,135,250,000,000",2024-4,,PI,CHI,,,,XI,
VILLA MERCEDES EL DORADO,ETAPA 1,6/16/2026,No,Banco,Referido Alcaldía,"1,715,000,000,000",2026-6,,PI,CHI,,,,XI,
Agrupación De Vivienda Monguí,ETAPA 2,2/22/2026,No,Banco,Activación,"1,829,678,000,000",2026-2,,PI,CHI,,,,XI,
La Arboleda,ETAPA 2,10/24/2024,No,Banco,Banderas y/o señalización,"1,810,692,000,000",2024-10,2024-10,KAPPA,OMEGA,20 - 35 años,1,1,RHO,X
Agrupación De Vivienda Pamplona I,ETAPA 2,10/11/2024,No,Colsubsidio,Página web ,"1,950,195,000,000",2024-10,2024-10,KAPPA,OMEGA,36 - 45 años,3,2,NU,
VILLA MERCEDES EL DORADO,ETAPA 1,2/14/2026,No,Banco,Referido Alcaldía,"1,715,000,000,000",2026-2,2026-2,KAPPA,ETA,Mayor de 55 años,,,IOTA,
Agrupación De Vivienda Pamplona I,ETAPA 2,2/28/2024,No,Banco,Banderas y/o señalización,"1,950,195,000,000",2024-2,2024-2,KAPPA,OMEGA,36 - 45 años,4,1,RHO,
Agrupacion De Vivienda Reserva De Guayacan,ETAPA 1,12/14/2024,No,Banco,Whatsapp,"2,360,000,000,000",2024-12,2024-12,SIGMA,ETA,36 - 45 años,2,1,RHO,X
Agrupación De Vivienda Pamplona I,,1/26/2025,Si,Colsubsidio,Sin Informacion,"2,361,000,000,000",2025-1,2025-1,NU,OMEGA,20 - 35 años,,,RHO,
Los Nogales,1,2/10/2024,Si,Colsubsidio,Sin Informacion,"6,674,000,000,000",2024-2,2024-2,NU,TAU,20 - 35 años,,,RHO,X
Agrupación De Vivienda La Macarena,ETAPA 3,2/13/2024,No,Banco,Banderas y/o señalización,"1,469,800,000,000",2024-2,2024-2,KAPPA,OMEGA,20 - 35 años,,,GAMMA,
Agrupacion De Vivienda Bosque De Arrayan,ETAPA 4,2/8/2024,No,Banco,Banderas y/o señalización,"1,912,300,000,000",2024-2,2024-2,KAPPA,OMEGA,20 - 35 años,3,2,TAU,
Conjunto Residencial Campo Alegre El Dorado,ETAPA 2,12/12/2024,No,Banco,Referido Alcaldía,"1,118,728,650,000",2024-12,2024-12,KAPPA,OMEGA,20 - 35 años,1,1,TAU,
Agrupación De Vivienda Monguí,ETAPA 2,3/14/2026,No,Colsubsidio,Activación,"1,567,060,000,000",2026-3,2026-3,KAPPA,OMEGA,20 a 35 años,1,1,RHO,X
Versalles,ETAPA 1,3/15/2026,No,Colsubsidio,Banderas y/o señalización,"1,987,000,000,000",2026-3,2026-3,SIGMA,ETA,20 a 35 años,1,1,GAMMA,
Agrupación De Vivienda Pamplona I,ETAPA 2,3/8/2026,No,Colsubsidio,Banderas y/o señalización,"1,570,000,000,000",2026-3,2026-3,KAPPA,OMEGA,20 a 35 años,2,2,NU,
Agrupación De Vivienda Pamplona I,ETAPA 1,6/26/2026,No,Banco,Banderas y/o señalización,"2,100,000,000,000",2026-6,2026-6,SIGMA,OMEGA,36 a 45 años,,,NU,
Agrupación De Vivienda Monguí,ETAPA 2,3/1/2026,No,Colsubsidio,Banderas y/o señalización,"1,961,014,000,000",2026-3,2026-3,KAPPA,OMEGA,46 a 55 años,,,TAU,
Los Nogales,ETAPA 2,3/1/2026,No,Banco,CS Unicentro de Occidente,"5,833,200,000,000",2026-3,2026-3,SIGMA,TAU,46 a 55 años,3,,GAMMA,
La Arboleda,ETAPA 2,12/1/2025,No,Colsubsidio,Banderas y/o señalización,"1,655,530,500,000",2025-12,2025-12,KAPPA,OMEGA,20 a 35 años,3,2,GAMMA,
VILLA MERCEDES EL DORADO,ETAPA 1,2/27/2026,No,Banco,Referido Alcaldía,"1,715,000,000,000",2026-2,2026-2,SIGMA,OMEGA,20 a 35 años,1,1,TAU,
VERDE ESPERANZA EL DORADO,ETAPA 1,2/10/2026,No,Banco,Banderas y/o señalización,"1,753,000,000,000",2026-2,2026-2,KAPPA,OMEGA,20 a 35 años,2,1,TAU,
Proyecto Karakalí,ETAPA 1,12/15/2024,No,Banco,Banderas y/o señalización,"2,451,267,000,000",2024-12,2024-12,NU,OMEGA,20 - 35 años,,,ALPHA,
Proyecto Karakalí,ETAPA 1,12/10/2024,No,Banco,Referido,"2,451,267,000,000",2024-12,2024-12,SIGMA,TAU,46 - 55 años,3,,ALPHA,
Los Nogales,ETAPA 1,2/10/2024,No,Banco,Valla ,"6,869,106,960,000",2024-2,2024-2,SIGMA,TAU,Mayor de 55 años,1,,RHO,
Agrupacion De Vivienda Bosque De Arrayan,ETAPA 2,1/26/2025,No,Colsubsidio,Banderas y/o señalización,"1,730,691,650,000",2025-1,2025-1,KAPPA,OMEGA,46 - 55 años,3,1,NU,
Agrupación De Vivienda Monguí,ETAPA 1,1/30/2025,No,Banco,Referido,"1,736,670,000,000",2025-1,2025-1,KAPPA,OMEGA,20 - 35 años,,,NU,
Agrupación De Vivienda Pamplona I,ETAPA 5,5/31/2024,No,Banco,Banderas y/o señalización,"2,293,000,000,000",2024-5,2024-5,SIGMA,OMEGA,46 - 55 años,3,2,TAU,
Agrupacion De Vivienda Reserva De Guayacan,ETAPA 1,12/28/2024,No,Banco,Referido,"2,360,000,000,000",2024-12,2024-12,SIGMA,OMEGA,20 - 35 años,1,1,NU,
Agrupacion De Vivienda Reserva De Guayacan,ETAPA 1,12/17/2024,No,Banco,Whatsapp,"2,360,000,000,000",2024-12,2024-12,SIGMA,OMEGA,20 - 35 años,1,,TAU,
VERDE ESPERANZA EL DORADO,ETAPA 1,6/5/2026,No,Banco,Banderas y/o señalización,"1,793,000,000,000",2026-6,2026-6,NU,OMEGA,20 a 35 años,,,GAMMA,
VERDE ESPERANZA EL DORADO,ETAPA 1,3/10/2026,No,Banco,Banderas y/o señalización,"1,753,000,000,000",2026-3,2026-3,KAPPA,OMEGA,20 a 35 años,3,3,GAMMA,
VERDE ESPERANZA EL DORADO,ETAPA 1,3/21/2026,No,Banco,Banderas y/o señalización,"1,753,000,000,000",2026-3,2026-3,NU,OMEGA,36 a 45 años,,,ZETA,
ARAUCARIA,ETAPA 1,12/20/2025,No,Banco,CS Unicentro de Occidente,"6,229,000,000,000",2025-12,2025-12,NU,ETA,36 a 45 años,,,GAMMA,
AGRUPACIÓN DE VIVIENDA SAMÁN ,ETAPA 1,12/21/2025,No,Banco,Valla ,"2,550,000,000,000",2025-12,2025-12,SIGMA,TAU,Mayor de 55 años,1,,RHO,X
ARAUCARIA,ETAPA 1,12/21/2025,No,Banco,Página web ,"9,698,000,000,000",2025-12,2025-12,SIGMA,ETA,36 a 45 años,2,,RHO,X
AGRUPACIÓN DE VIVIENDA SAMÁN ,ETAPA 1,12/1/2025,No,Banco,Redes Sociales,"2,550,000,000,000",2025-12,2025-12,KAPPA,OMEGA,20 a 35 años,3,3,GAMMA,
AGRUPACIÓN DE VIVIENDA SAMÁN ,ETAPA 1,9/1/2025,No,Banco,Página web ,"2,550,000,000,000",2025-9,2025-9,NU,ETA,20 a 35 años,,,TAU,
Agrupacion De Vivienda Bosque De Arrayan,ETAPA 4,9/20/2025,No,Banco,Banderas y/o señalización,"1,941,654,000,000",2025-9,2025-9,SIGMA,OMEGA,20 a 35 años,1,1,NU,
AGRUPACIÓN DE VIVIENDA SAMÁN ,ETAPA 1,8/2/2025,No,Banco,Banderas y/o señalización,"2,550,000,000,000",2025-8,2025-8,SIGMA,TAU,36 a 45 años,1,,RHO,X
Agrupación De Vivienda Monguí,ETAPA 2,9/6/2025,No,Colsubsidio,Banderas y/o señalización,"1,850,301,500,000",2025-9,2025-9,NU,OMEGA,20 a 35 años,,,GAMMA,
Agrupación De Vivienda La Macarena,ETAPA 1,7/12/2024,No,Colsubsidio,Referido,"1,469,000,000,000",2024-7,2024-7,NU,OMEGA,20 - 35 años,,,RHO,X
Agrupacion De Vivienda Bosque De Arrayan,ETAPA 3,11/9/2024,No,Banco,Banderas y/o señalización,"1,909,700,000,000",2024-11,2024-11,NU,OMEGA,20 - 35 años,,,NU,
Versalles,ETAPA 1,11/5/2024,No,Colsubsidio,Referido,"2,110,000,000,000",2024-11,2024-11,SIGMA,OMEGA,46 - 55 años,1,,NU,
La Arboleda,,3/8/2025,Si,Banco,Sin Informacion,"1,783,645,500,000",2025-3,2025-3,SIGMA,OMEGA,36 a 45 años,1,,ZETA,
INARI,ETAPA 1,7/29/2024,No,Banco,Banderas y/o señalización,"2,808,000,000,000",2024-7,2024-7,NU,ETA,20 - 35 años,,,GAMMA,
VILLA FIORITA,ETAPA 3,7/2/2024,No,Banco,Página web ,"2,135,250,000,000",2024-7,2024-7,KAPPA,OMEGA,20 - 35 años,,,TAU,
Conjunto Residencial Campo Alegre El Dorado,ETAPA 2,3/25/2025,No,Colsubsidio,Valla ,"1,184,494,350,000",2025-3,2025-3,KAPPA,OMEGA,20 a 35 años,2,2,TAU,
INARI,1,11/29/2024,Si,Colsubsidio,Sin Informacion,"2,293,000,000,000",2024-11,2024-11,SIGMA,OMEGA,20 - 35 años,2,2,TAU,
Agrupación De Vivienda Pamplona I,ETAPA 4,8/30/2025,No,Banco,Activación,"2,361,000,000,000",2025-8,2025-8,KAPPA,ETA,36 a 45 años,1,,IOTA,
Agrupación De Vivienda Pamplona I,ETAPA 5,7/19/2024,No,Colsubsidio,Redes Sociales,"2,293,000,000,000",2024-7,2024-7,KAPPA,OMEGA,46 - 55 años,,,TAU,
VILLA FIORITA,ETAPA 1,10/9/2025,No,Banco,Referido,"1,987,050,000,000",2025-10,2025-10,SIGMA,OMEGA,36 a 45 años,1,1,ALPHA,
Proyecto Karakalí,ETAPA 1,7/14/2025,No,Banco,Redes Sociales,"2,451,267,000,000",2025-7,2025-7,KAPPA,OMEGA,20 a 35 años,,,TAU,
Agrupación De Vivienda Pamplona I,ETAPA 4,7/21/2025,No,Banco,Banderas y/o señalización,"2,418,000,000,000",2025-7,2025-7,SIGMA,ETA,36 a 45 años,2,,ALPHA,
Agrupacion De Vivienda Bosque De Arrayan,ETAPA 4,1/5/2024,No,Banco,Banderas y/o señalización,"1,773,200,000,000",2024-1,2024-1,KAPPA,OMEGA,20 - 35 años,3,1,RHO,X
VILLA FIORITA,,8/10/2024,Si,Banco,Sin Informacion,"1,950,000,000,000",2024-8,2024-8,NU,ETA,36 - 45 años,,,RHO,
La Arboleda,3,8/13/2024,Si,Banco,Sin Informacion,"2,233,450,000,000",2024-8,2024-8,SIGMA,OMEGA,20 - 35 años,2,2,RHO,X
Agrupación De Vivienda La Macarena,ETAPA 3,8/22/2024,No,Banco,Referido,"1,400,724,000,000",2024-8,2024-8,KAPPA,OMEGA,36 - 45 años,3,2,NU,
Zarzal,ETAPA 1,5/15/2026,No,Banco,Whatsapp,"2,267,000,000,000",2026-5,2026-5,NU,OMEGA,20 a 35 años,,,RHO,X
Agrupacion De Vivienda Reserva De Guayacan,ETAPA 1,6/14/2025,No,Banco,Ferias empresariales,"2,360,000,000,000",2025-6,2025-6,SIGMA,OMEGA,20 a 35 años,1,1,RHO,X
Versalles,ETAPA 1,6/26/2024,No,Colsubsidio,Redes Sociales,"2,171,000,000,000",2024-6,2024-6,KAPPA,OMEGA,36 - 45 años,6,4,GAMMA,
Agrupación De Vivienda La Macarena,ETAPA 3,6/18/2024,No,Colsubsidio,Referido,"1,365,000,000,000",2024-6,2024-6,KAPPA,OMEGA,20 - 35 años,2,2,GAMMA,
Agrupación De Vivienda Pamplona I,ETAPA 4,6/19/2025,No,Banco,Banderas y/o señalización,"2,361,000,000,000",2025-6,2025-6,NU,OMEGA,20 a 35 años,,,GAMMA,
INARI,ETAPA 1,5/31/2026,No,Colsubsidio,Activación,"2,506,000,000,000",2026-5,2026-5,NU,OMEGA,20 a 35 años,,,NU,
INARI,1,9/30/2024,Si,Banco,Sin Informacion,"2,808,000,000,000",2024-9,2024-9,NU,ETA,20 - 35 años,0,0,GAMMA,
Agrupación De Vivienda Pamplona I,ETAPA 3,5/30/2026,No,Colsubsidio,Banderas y/o señalización,"2,100,000,000,000",2026-5,2026-5,KAPPA,OMEGA,36 a 45 años,2,2,TAU,
Conjunto Residencial Campo Alegre El Dorado,ETAPA 2,6/21/2024,No,Colsubsidio,Referido Alcaldía,"1,081,730,000,000",2024-6,2024-6,KAPPA,OMEGA,36 - 45 años,3,1,TAU,
Agrupacion De Vivienda Payande,,6/16/2024,Si,Banco,Sin Informacion,"1,755,000,000,000",2024-6,2024-6,NU,ETA,20 - 35 años,,,TAU,
Agrupacion De Vivienda Payande,ETAPA 3,6/25/2024,No,Banco,Banderas y/o señalización,"1,755,000,000,000",2024-6,2024-6,NU,TAU,36 - 45 años,,,ALPHA,
Versalles,ETAPA 1,6/23/2025,No,Banco,Banderas y/o señalización,"1,987,000,000,000",2025-6,2025-6,NU,OMEGA,20 a 35 años,,,RHO,
INARI,1,9/17/2024,Si,Banco,Sin Informacion,"2,808,000,000,000",2024-9,2024-9,NU,OMEGA,20 - 35 años,0,0,GAMMA,
Agrupación De Vivienda La Macarena,3,6/15/2025,Si,Banco,Sin Informacion,"1,602,060,000,000",2025-6,2025-6,KAPPA,OMEGA,36 a 45 años,1,,GAMMA,
La Arboleda,ETAPA 1,9/15/2024,No,Banco,Banderas y/o señalización,"1,638,000,000,000",2024-9,2024-9,KAPPA,OMEGA,20 - 35 años,1,1,GAMMA,
Agrupación De Vivienda La Macarena,ETAPA 3,9/23/2024,No,Colsubsidio,Referido,"1,533,109,500,000",2024-9,2024-9,KAPPA,OMEGA,36 - 45 años,2,1,GAMMA,
INARI,ETAPA 1,2/14/2025,No,Banco,Banderas y/o señalización,"2,808,000,000,000",2025-2,2025-2,NU,OMEGA,36 a 45 años,,,NU,
Agrupación De Vivienda La Macarena,3,6/8/2024,Si,Colsubsidio,Sin Informacion,"1,493,700,000,000",2024-6,2024-6,NU,OMEGA,20 - 35 años,,,GAMMA,
INARI,ETAPA 1,5/29/2025,No,Colsubsidio,Activación,"2,808,000,000,000",2025-5,2025-5,KAPPA,OMEGA,Mayor de 55 años,2,2,TAU,
Agrupación De Vivienda Pamplona I,ETAPA 3,5/23/2026,No,Banco,Banderas y/o señalización,"2,100,000,000,000",2026-5,2026-5,SIGMA,OMEGA,36 a 45 años,2,2,TAU,
VERDE ESPERANZA EL DORADO,ETAPA 1,5/26/2026,No,Colsubsidio,Banderas y/o señalización,"1,793,000,000,000",2026-5,2026-5,KAPPA,OMEGA,46 a 55 años,1,1,TAU,
La Arboleda,ETAPA 2,5/31/2025,No,Banco,Guía de Vivienda,"1,796,457,000,000",2025-5,2025-5,KAPPA,OMEGA,20 a 35 años,,,TAU,
Versalles,ETAPA 1,6/14/2025,No,Colsubsidio,Banderas y/o señalización,"1,987,000,000,000",2025-6,2025-6,SIGMA,OMEGA,36 a 45 años,,,TAU,
Agrupacion De Vivienda Reserva De Guayacan,ETAPA 1,5/5/2026,No,Banco,Whatsapp,"1,754,000,000,000",2026-5,2026-5,SIGMA,OMEGA,46 a 55 años,,,TAU,
INARI,ETAPA 1,2/28/2025,No,Banco,Banderas y/o señalización,"2,808,000,000,000",2025-2,2025-2,KAPPA,OMEGA,36 a 45 años,5,4,TAU,
Agrupacion De Vivienda Payande,,6/15/2025,Si,Banco,Sin Informacion,"1,877,596,500,000",2025-6,2025-6,KAPPA,OMEGA,46 a 55 años,3,2,TAU,
Agrupación De Vivienda Pamplona I,ETAPA 5,4/23/2024,No,Banco,Referido,"2,293,000,000,000",2024-4,2024-4,KAPPA,OMEGA,46 - 55 años,,,TAU,
INARI,ETAPA 1,4/3/2025,No,Banco,Banderas y/o señalización,"2,808,000,000,000",2025-4,2025-4,KAPPA,OMEGA,20 a 35 años,1,,RHO,
Versalles,ETAPA 1,4/26/2025,No,Banco,Banderas y/o señalización,"1,987,000,000,000",2025-4,2025-4,NU,OMEGA,20 a 35 años,,,RHO,X
Proyecto Karakalí,ETAPA 1,4/12/2025,No,Banco,Activación,"2,451,267,000,000",2025-4,2025-4,NU,ETA,20 a 35 años,,,RHO,X
Agrupación De Vivienda Monguí,ETAPA 2,2/13/2026,No,Colsubsidio,Banderas y/o señalización,"1,777,169,000,000",2026-2,2026-2,KAPPA,OMEGA,36 a 45 años,3,2,RHO,X
VILLA MERCEDES EL DORADO,ETAPA 1,2/23/2026,No,Banco,Referido Alcaldía,"1,715,000,000,000",2026-2,2026-2,NU,OMEGA,20 a 35 años,,,RHO,X
VILLA MERCEDES EL DORADO,ETAPA 1,2/14/2026,No,Banco,Referido Alcaldía,"1,715,000,000,000",2026-2,2026-2,KAPPA,OMEGA,46 a 55 años,3,,TAU,
VILLA MERCEDES EL DORADO,ETAPA 1,2/17/2026,No,Contado,Referido Alcaldía,"1,715,000,000,000",2026-2,2026-2,KAPPA,OMEGA,46 a 55 años,2,2,TAU,
VILLA MERCEDES EL DORADO,ETAPA 1,2/26/2026,No,Banco,Referido Alcaldía,"1,715,000,000,000",2026-2,2026-2,KAPPA,OMEGA,20 a 35 años,1,1,TAU,
INARI,1,10/27/2024,Si,Banco,Sin Informacion,"2,808,000,000,000",2024-10,2024-10,NU,ETA,20 - 35 años,,,TAU,
Agrupación De Vivienda La Macarena,ETAPA 3,10/18/2024,No,Colsubsidio,Referido,"1,407,841,500,000",2024-10,2024-10,KAPPA,OMEGA,36 - 45 años,2,1,TAU,
INARI,1,1/25/2025,Si,Banco,Sin Informacion,"2,808,000,000,000",2025-1,2025-1,KAPPA,OMEGA,20 - 35 años,,,GAMMA,X
Agrupacion De Vivienda Bosque De Arrayan,ETAPA 4,5/2/2024,No,Colsubsidio,Banderas y/o señalización,"1,935,700,000,000",2024-5,2024-5,SIGMA,OMEGA,46 - 55 años,,,NU,
Los Nogales,ETAPA 2,1/10/2025,No,Banco,Valla ,"5,837,880,000,000",2025-1,2025-1,SIGMA,OMEGA,36 - 45 años,3,3,GAMMA,
La Arboleda,,5/29/2024,Si,Colsubsidio,Sin Informacion,"1,998,594,000,000",2024-5,2024-5,KAPPA,OMEGA,20 - 35 años,1,1,NU,
Agrupacion De Vivienda Bosque De Arrayan,ETAPA 4,1/10/2025,No,Banco,Banderas y/o señalización,"1,869,767,600,000",2025-1,2025-1,SIGMA,OMEGA,20 - 35 años,1,1,NU,
Agrupación De Vivienda La Macarena,ETAPA 3,2/5/2024,No,Banco,Banderas y/o señalización,"1,491,100,000,000",2024-2,2024-2,KAPPA,OMEGA,36 - 45 años,6,2,ZETA,
Agrupación De Vivienda Pamplona I,ETAPA 5,5/31/2024,No,Colsubsidio,Google,"2,293,000,000,000",2024-5,2024-5,SIGMA,OMEGA,Mayor de 55 años,3,,ZETA,
AGRUPACIÓN DE VIVIENDA BOSQUE DE TURPIAL,ETAPA 1,6/29/2026,No,Banco,Banderas y/o señalización,"2,306,000,000,000",2026-6,2026-6,KAPPA,OMEGA,20 a 35 años,,,NU,
CONJUNTO RESIDENCIAL VIBO ONCE,ETAPA 1,4/25/2026,No,Banco,Banderas y/o señalización,"2,813,000,000,000",2026-4,2026-4,SIGMA,ETA,36 a 45 años,1,1,RHO,X
Agrupación De Vivienda Monguí,ETAPA 3,4/25/2026,No,Banco,Banderas y/o señalización,"1,777,169,000,000",2026-4,2026-4,KAPPA,OMEGA,36 a 45 años,4,4,RHO,X
Versalles,ETAPA 1,4/4/2026,No,Colsubsidio,Banderas y/o señalización,"2,110,000,000,000",2026-4,2026-4,SIGMA,OMEGA,46 a 55 años,,,GAMMA,
Agrupacion De Vivienda Reserva De Guayacan,ETAPA 1,4/26/2026,No,Banco,Redes Sociales,"2,360,000,000,000",2026-4,2026-4,SIGMA,ETA,20 a 35 años,1,1,TAU,
VERDE ESPERANZA EL DORADO,ETAPA 1,4/24/2026,No,Banco,Banderas y/o señalización,"1,753,000,000,000",2026-4,2026-4,KAPPA,ETA,20 a 35 años,,,IOTA,
Agrupacion De Vivienda Bosque De Arrayan,,8/24/2025,Si,Banco,Sin Informacion,"2,062,651,500,000",2025-8,2025-8,KAPPA,OMEGA,Mayor de 55 años,1,1,TAU,
La Arboleda,ETAPA 3,11/27/2024,No,Banco,Banderas y/o señalización,"2,233,450,000,000",2024-11,2024-11,KAPPA,OMEGA,20 - 35 años,3,2,RHO,X
La Arboleda,ETAPA 2,8/14/2025,No,Colsubsidio,Whatsapp,"1,790,763,000,000",2025-8,2025-8,SIGMA,OMEGA,36 a 45 años,1,,RHO,X
ARAUCARIA,ETAPA 2,4/25/2026,No,Banco,Banderas y/o señalización,"6,292,000,000,000",2026-4,2026-4,SIGMA,TAU,46 a 55 años,1,,RHO,X
INARI,1,7/14/2024,Si,Banco,Sin Informacion,"2,808,000,000,000",2024-7,2024-7,SIGMA,OMEGA,36 - 45 años,2,1,GAMMA,
AGRUPACIÓN DE VIVIENDA SAMÁN ,ETAPA 1,4/26/2026,No,Banco,Redes Sociales,"2,532,490,950,000",2026-4,2026-4,KAPPA,OMEGA,20 a 35 años,2,2,GAMMA,
La Arboleda,ETAPA 1,8/31/2025,No,Colsubsidio,Activación,"1,676,883,000,000",2025-8,2025-8,KAPPA,OMEGA,20 a 35 años,2,1,GAMMA,
Agrupación De Vivienda La Macarena,ETAPA 3,4/26/2026,No,Colsubsidio,Banderas y/o señalización,"1,575,815,000,000",2026-4,2026-4,KAPPA,OMEGA,20 a 35 años,2,2,GAMMA,
Agrupacion De Vivienda Payande,ETAPA 1,4/26/2026,No,Colsubsidio,Ferias empresariales,"2,034,550,950,000",2026-4,2026-4,SIGMA,ETA,36 a 45 años,,,RHO,
La Arboleda,ETAPA 3,4/25/2026,No,Colsubsidio,Activación,"2,412,130,000,000",2026-4,2026-4,KAPPA,OMEGA,20 a 35 años,2,2,GAMMA,
INARI,ETAPA 1,4/24/2026,No,Colsubsidio,Activación,"2,506,000,000,000",2026-4,2026-4,KAPPA,OMEGA,20 a 35 años,1,1,NU,
La Arboleda,ETAPA 3,4/24/2026,No,Colsubsidio,Banderas y/o señalización,"2,233,450,000,000",2026-4,2026-4,SIGMA,OMEGA,36 a 45 años,,,GAMMA,
Agrupacion De Vivienda Reserva De Guayacan,ETAPA 1,4/25/2026,No,Banco,Ferias empresariales,"1,754,000,000,000",2026-4,2026-4,NU,ETA,20 a 35 años,,,GAMMA,
Agrupación De Vivienda La Macarena,ETAPA 4,4/25/2026,No,Colsubsidio,Activación,"1,488,269,000,000",2026-4,2026-4,KAPPA,OMEGA,36 a 45 años,1,1,TAU,
Agrupación De Vivienda Monguí,ETAPA 3,4/24/2026,No,Colsubsidio,Activación,"1,777,169,000,000",2026-4,2026-4,KAPPA,OMEGA,46 a 55 años,,,TAU,
VERDE ESPERANZA EL DORADO,ETAPA 1,4/29/2026,No,Banco,Banderas y/o señalización,"1,793,000,000,000",2026-4,2026-4,KAPPA,OMEGA,20 a 35 años,2,1,TAU,
Agrupacion De Vivienda Reserva De Guayacan,ETAPA 1,3/29/2025,No,Banco,Whatsapp,"2,360,000,000,000",2025-3,2025-3,KAPPA,OMEGA,36 a 45 años,,,TAU,
Versalles,ETAPA 2,4/25/2026,No,Banco,Activación,"2,270,000,000,000",2026-4,2026-4,NU,OMEGA,36 a 45 años,,,TAU,
La Arboleda,ETAPA 3,10/30/2025,No,Banco,Banderas y/o señalización,"2,412,130,000,000",2025-10,2025-10,KAPPA,OMEGA,20 a 35 años,1,1,RHO,X
Agrupación De Vivienda La Macarena,ETAPA 3,11/30/2025,No,Banco,Banderas y/o señalización,"1,423,500,000,000",2025-11,2025-11,NU,OMEGA,20 a 35 años,,,RHO,X
Agrupacion De Vivienda Reserva De Guayacan,ETAPA 1,10/28/2025,No,Banco,Redes Sociales,"2,360,000,000,000",2025-10,2025-10,NU,ETA,20 a 35 años,,,RHO,X
VERDE ESPERANZA EL DORADO,ETAPA 1,11/25/2025,No,Colsubsidio,Banderas y/o señalización,"1,618,000,000,000",2025-11,2025-11,KAPPA,OMEGA,20 a 35 años,1,,TAU,
Agrupación De Vivienda Monguí,,1/30/2024,Si,Colsubsidio,Sin Informacion,"1,776,528,000,000",2024-1,2024-1,KAPPA,OMEGA,20 - 35 años,,,ALPHA,
Versalles,ETAPA 2,11/30/2025,No,Banco,Banderas y/o señalización,"2,312,000,000,000",2025-11,2025-11,SIGMA,ETA,20 a 35 años,4,,GAMMA,
Versalles,ETAPA 1,8/13/2024,No,Colsubsidio,Referido,"2,171,000,000,000",2024-8,2024-8,SIGMA,OMEGA,20 - 35 años,1,1,GAMMA,
VILLA FIORITA,,1/20/2024,Si,Colsubsidio,Sin Informacion,"1,950,000,000,000",2024-1,2024-1,SIGMA,OMEGA,20 - 35 años,2,1,NU,
INARI,ETAPA 1,8/12/2024,No,Banco,Banderas y/o señalización,"2,808,000,000,000",2024-8,2024-8,SIGMA,ETA,36 - 45 años,,,GAMMA,
La Arboleda,ETAPA 2,5/18/2025,No,Banco,Banderas y/o señalización,"1,783,645,500,000",2025-5,2025-5,KAPPA,OMEGA,20 a 35 años,1,1,RHO,X
Conjunto Residencial Campo Alegre El Dorado,ETAPA 1,6/26/2024,No,Banco,Referido Alcaldía,"1,081,730,000,000",2024-6,2024-6,NU,OMEGA,20 - 35 años,,,ALPHA,
Agrupación De Vivienda La Macarena,ETAPA 1,6/27/2024,No,Banco,Ferias empresariales,"1,474,200,000,000",2024-6,2024-6,KAPPA,OMEGA,20 - 35 años,2,1,TAU,X
La Arboleda,ETAPA 3,5/25/2025,No,Banco,Banderas y/o señalización,"2,446,170,000,000",2025-5,2025-5,NU,OMEGA,20 a 35 años,,,GAMMA,
Agrupación De Vivienda La Macarena,ETAPA 1,6/18/2024,No,Colsubsidio,Ferias empresariales,"1,348,100,000,000",2024-6,2024-6,NU,OMEGA,20 - 35 años,,,GAMMA,
VILLA FIORITA,ETAPA 3,6/14/2024,No,Colsubsidio,Valla ,"2,135,250,000,000",2024-6,2024-6,SIGMA,OMEGA,20 - 35 años,1,1,GAMMA,
Agrupacion De Vivienda Bosque De Arrayan,ETAPA 4,2/24/2025,No,Banco,Banderas y/o señalización,"2,066,922,000,000",2025-2,2025-2,SIGMA,TAU,36 a 45 años,3,,RHO,X
Agrupacion De Vivienda Payande,ETAPA 2,6/28/2024,No,Colsubsidio,Ferias empresariales,"1,755,000,000,000",2024-6,2024-6,SIGMA,OMEGA,36 - 45 años,1,1,ALPHA,
Agrupación De Vivienda Pamplona I,ETAPA 5,4/23/2024,No,Colsubsidio,Página web ,"2,293,000,000,000",2024-4,2024-4,SIGMA,TAU,36 - 45 años,1,,RHO,X
AGRUPACIÓN DE VIVIENDA BOSQUE DE TURPIAL,,6/15/2024,Si,Colsubsidio,Sin Informacion,"2,311,000,000,000",2024-6,2024-6,KAPPA,OMEGA,20 - 35 años,2,1,TAU,
Agrupación De Vivienda La Macarena,3,6/30/2024,Si,Colsubsidio,Sin Informacion,"1,493,700,000,000",2024-6,2024-6,SIGMA,OMEGA,20 - 35 años,1,1,NU,
Agrupación De Vivienda Pamplona I,ETAPA 1,4/23/2024,No,Banco,Redes Sociales,"2,064,075,000,000",2024-4,2024-4,KAPPA,OMEGA,20 - 35 años,3,,TAU,
Agrupación De Vivienda Monguí,ETAPA 2,4/23/2024,No,Banco,Banderas y/o señalización,"1,776,528,000,000",2024-4,2024-4,KAPPA,OMEGA,46 - 55 años,1,,TAU,
Agrupación De Vivienda La Macarena,ETAPA 3,4/7/2024,No,Colsubsidio,Banderas y/o señalización,"1,354,600,000,000",2024-4,2024-4,KAPPA,OMEGA,20 - 35 años,,,TAU,
Agrupacion De Vivienda Payande,ETAPA 2,4/8/2025,No,Colsubsidio,Redes Sociales,"1,791,725,000,000",2025-4,2025-4,KAPPA,OMEGA,36 a 45 años,5,4,TAU,
La Arboleda,ETAPA 2,10/31/2024,No,Colsubsidio,Banderas y/o señalización,"1,776,528,000,000",2024-10,2024-10,KAPPA,OMEGA,46 - 55 años,,,NU,
AGRUPACIÓN DE VIVIENDA BOSQUE DE TURPIAL,ETAPA 1,10/20/2024,No,Banco,Banderas y/o señalización,"2,311,190,000,000",2024-10,2024-10,NU,OMEGA,20 - 35 años,,,TAU,
Versalles,ETAPA 2,7/16/2026,No,Colsubsidio,Banderas y/o señalización,"2,173,000,000,000",2026-7,2026-6,KAPPA,OMEGA,20 a 35 años,,,ZETA,
Agrupación De Vivienda Monguí,ETAPA 1,2/13/2024,No,Banco,Referido,"1,787,916,000,000",2024-2,2024-2,KAPPA,OMEGA,36 - 45 años,1,1,NU,
Agrupacion De Vivienda Reserva De Guayacan,ETAPA 1,12/4/2024,No,Banco,Whatsapp,"2,360,000,000,000",2024-12,2024-12,NU,TAU,20 - 35 años,,,ALPHA,
Agrupacion De Vivienda Bosque De Arrayan,ETAPA 4,1/30/2025,No,Banco,Banderas y/o señalización,"1,909,767,600,000",2025-1,2025-1,NU,OMEGA,20 - 35 años,,,NU,
Versalles,ETAPA 1,1/18/2025,No,Banco,Referido,"2,171,000,000,000",2025-1,2025-1,SIGMA,OMEGA,20 - 35 años,1,1,NU,
Conjunto Residencial Campo Alegre El Dorado,ETAPA 2,6/20/2026,No,Colsubsidio,Referido Alcaldía,"1,417,000,000,000",2026-6,2026-6,NU,OMEGA,20 a 35 años,,,ALPHA,
VERDE ESPERANZA EL DORADO,ETAPA 1,6/11/2026,No,Banco,Banderas y/o señalización,"1,793,000,000,000",2026-6,2026-6,KAPPA,OMEGA,20 a 35 años,2,1,TAU,
Agrupación De Vivienda Pamplona I,ETAPA 5,3/27/2024,No,Banco,Banderas y/o señalización,"2,293,000,000,000",2024-3,2024-3,KAPPA,OMEGA,20 - 35 años,1,1,GAMMA,
Agrupación De Vivienda La Macarena,1,3/16/2024,Si,Colsubsidio,Sin Informacion,"1,348,100,000,000",2024-3,2024-3,KAPPA,OMEGA,20 - 35 años,,,GAMMA,
Agrupacion De Vivienda Payande,ETAPA 2,3/25/2024,No,Banco,Banderas y/o señalización,"1,762,293,000,000",2024-3,2024-3,KAPPA,OMEGA,20 - 35 años,,,TAU,
Agrupación De Vivienda Monguí,ETAPA 3,4/24/2026,No,Banco,Activación,"1,567,060,000,000",2026-4,2026-4,KAPPA,OMEGA,36 a 45 años,1,1,GAMMA,
INARI,1,8/22/2025,Si,Colsubsidio,Sin Informacion,"2,506,000,000,000",2025-8,2025-8,SIGMA,OMEGA,20 a 35 años,2,,RHO,X
Agrupacion De Vivienda Reserva De Guayacan,ETAPA 1,4/26/2026,No,Contado,Ferias empresariales,"2,360,000,000,000",2026-4,2026-4,KAPPA,OMEGA,46 a 55 años,,,ZETA,
VERDE ESPERANZA EL DORADO,ETAPA 1,4/30/2026,No,Banco,Banderas y/o señalización,"1,753,000,000,000",2026-4,2026-4,KAPPA,OMEGA,20 a 35 años,,,TAU,
Agrupacion De Vivienda Bosque De Arrayan,ETAPA 4,4/26/2026,No,Banco,Banderas y/o señalización,"2,155,000,000,000",2026-4,2026-4,SIGMA,ETA,36 a 45 años,1,1,TAU,
La Arboleda,ETAPA 3,4/26/2026,No,Banco,Activación,"2,233,450,000,000",2026-4,2026-4,KAPPA,OMEGA,20 a 35 años,1,,TAU,
Agrupacion De Vivienda Reserva De Guayacan,ETAPA 1,4/25/2026,No,Banco,Redes Sociales,"1,754,000,000,000",2026-4,2026-4,KAPPA,OMEGA,20 a 35 años,2,2,TAU,
Agrupación De Vivienda Monguí,ETAPA 3,4/25/2026,No,Banco,Banderas y/o señalización,"1,575,815,000,000",2026-4,2026-4,NU,OMEGA,20 a 35 años,,,TAU,
AGRUPACIÓN DE VIVIENDA BOSQUE DE TURPIAL,,7/15/2024,Si,Colsubsidio,Sin Informacion,"2,263,000,000,000",2024-7,2024-7,SIGMA,ETA,46 - 55 años,1,1,RHO,X
INARI,1,7/16/2024,Si,Banco,Sin Informacion,"2,808,000,000,000",2024-7,2024-7,NU,OMEGA,20 - 35 años,,,ALPHA,
Agrupacion De Vivienda Reserva De Guayacan,ETAPA 1,4/24/2026,No,Banco,Ferias empresariales,"2,360,000,000,000",2026-4,2026-4,SIGMA,ETA,36 a 45 años,1,,ALPHA,
Versalles,ETAPA 1,4/26/2026,No,Colsubsidio,Banderas y/o señalización,"1,987,000,000,000",2026-4,2026-4,SIGMA,OMEGA,36 a 45 años,,,RHO,
Agrupación De Vivienda La Macarena,ETAPA 3,4/26/2026,No,Colsubsidio,Activación,"1,497,024,000,000",2026-4,2026-4,KAPPA,OMEGA,20 a 35 años,,,GAMMA,X
La Arboleda,ETAPA 3,4/25/2026,No,Banco,Activación,"2,233,450,000,000",2026-4,2026-4,KAPPA,OMEGA,20 a 35 años,1,1,RHO,X
Agrupacion De Vivienda Fuentevida,ETAPA 2,11/25/2024,No,Banco,Referido Alcaldía,"1,208,551,500,000",2024-11,2024-11,SIGMA,OMEGA,Mayor de 55 años,,,GAMMA,
Agrupación De Vivienda Monguí,ETAPA 3,4/26/2026,No,Colsubsidio,Activación,"1,575,815,000,000",2026-4,2026-4,KAPPA,OMEGA,36 a 45 años,,,NU,
Agrupación De Vivienda Monguí,ETAPA 3,4/26/2026,No,Banco,Banderas y/o señalización,"1,969,768,000,000",2026-4,2026-4,KAPPA,OMEGA,36 a 45 años,1,1,RHO,X
Agrupación De Vivienda Monguí,ETAPA 2,11/1/2025,No,Banco,Referido,"1,793,610,000,000",2025-11,,PI,CHI,,,,XI,
VERDE ESPERANZA EL DORADO,ETAPA 1,9/23/2025,No,Banco,Banderas y/o señalización,"1,618,000,000,000",2025-9,,PI,CHI,,,,XI,
Agrupacion De Vivienda Fuentevida,ETAPA 2,10/25/2025,No,Banco,Banderas y/o señalización,"1,281,150,000,000",2025-10,,PI,CHI,,,,XI,
Conjunto Residencial Campo Alegre El Dorado,ETAPA 2,6/21/2024,No,Contado,Referido Alcaldía,"1,081,730,000,000",2024-6,,PI,CHI,,,,XI,
Agrupación De Vivienda La Macarena,ETAPA 3,5/30/2024,No,Banco,Referido,"1,365,000,000,000",2024-5,,PI,CHI,,,,XI,
Los Nogales,2,3/27/2024,Si,Banco,Sin Informacion,"5,682,300,400,000",2024-3,,PI,CHI,,,,XI,
AGRUPACIÓN DE VIVIENDA BOSQUE DE TURPIAL,ETAPA 1,12/26/2025,No,Banco,Banderas y/o señalización,"2,311,000,000,000",2025-12,,PI,CHI,,,,XI,
Agrupacion De Vivienda Payande,ETAPA 2,1/24/2024,No,Banco,Banderas y/o señalización,"1,755,000,000,000",2024-1,,PI,CHI,,,,XI,
VILLA MERCEDES EL DORADO,ETAPA 1,2/28/2026,No,Banco,Referido Alcaldía,"1,715,000,000,000",2026-2,,PI,CHI,,,,XI,
AGRUPACIÓN DE VIVIENDA SAMÁN ,ETAPA 1,6/15/2025,No,Banco,Ferias empresariales,"2,550,000,000,000",2025-6,,PI,CHI,,,,XI,
INARI,ETAPA 1,9/28/2025,No,Colsubsidio,Banderas y/o señalización,"2,506,000,000,000",2025-9,,PI,CHI,,,,XI,
Agrupación De Vivienda Pamplona I,ETAPA 5,5/2/2025,No,Banco,Banderas y/o señalización,"2,293,000,000,000",2025-5,,PI,CHI,,,,XI,
Los Nogales,ETAPA 1,2/10/2024,No,Banco,Ferias empresariales,"5,448,000,000,000",2024-2,,PI,CHI,,,,XI,
ARAUCARIA,ETAPA 1,1/14/2026,No,Banco,Banderas y/o señalización,"6,106,000,000,000",2026-1,,PI,CHI,,,,XI,
INARI,ETAPA 1,5/21/2025,No,Banco,Activación,"2,808,000,000,000",2025-5,,PI,CHI,,,,XI,
La Arboleda,ETAPA 2,4/13/2025,No,Banco,Campaña FNA,"1,786,492,500,000",2025-4,,PI,CHI,,,,XI,
ABETO,ETAPA 1,3/3/2026,No,Banco,Banderas y/o señalización,"3,563,000,000,000",2026-3,,PI,CHI,,,,XI,
Agrupación De Vivienda Monguí,,3/28/2025,Si,Banco,Sin Informacion,"1,713,894,000,000",2025-3,,PI,CHI,,,,XI,
Agrupacion De Vivienda Bosque De Arrayan,ETAPA 3,1/29/2025,No,Banco,Banderas y/o señalización,"1,683,253,950,000",2025-1,,PI,CHI,,,,XI,
AGRUPACIÓN DE VIVIENDA BOSQUE DE TURPIAL,ETAPA 1,9/4/2025,No,Banco,Redes Sociales,"2,311,190,000,000",2025-9,,PI,CHI,,,,XI,
CONJUNTO RESIDENCIAL VIBO ONCE,ETAPA 1,5/27/2026,No,Banco,Banderas y/o señalización,"2,813,000,000,000",2026-5,,PI,CHI,,,,XI,
RESERVA DEL NOGAL,UNICA,2/8/2024,No,Banco,Valla proyecto sala de ventas,"1,340,000,000,000",2024-2,,PI,CHI,,,,XI,
ARAUCARIA,1,12/31/2025,Si,Banco,Sin Informacion,"6,073,000,000,000",2025-12,,PI,CHI,,,,XI,
Agrupacion De Vivienda Reserva De Guayacan,ETAPA 1,4/26/2026,No,Banco,Ferias empresariales,"1,754,000,000,000",2026-4,,PI,CHI,,,,XI,
AGRUPACIÓN DE VIVIENDA BOSQUE DE TURPIAL,ETAPA 1,6/30/2024,No,Banco,Banderas y/o señalización,"2,311,000,000,000",2024-6,,PI,CHI,,,,XI,
Los Nogales,ETAPA 1,2/11/2024,No,Banco,Banderas y/o señalización,"5,565,120,000,000",2024-2,,PI,CHI,,,,XI,
Versalles,,8/29/2024,Si,Banco,Sin Informacion,"2,171,000,000,000",2024-8,,PI,CHI,,,,XI,
VILLA FIORITA,ETAPA 3,7/25/2025,No,Banco,Activación,"2,135,250,000,000",2025-7,,PI,CHI,,,,XI,
Agrupación De Vivienda La Macarena,ETAPA 3,1/27/2024,No,Banco,Banderas y/o señalización,"1,365,000,000,000",2024-1,,PI,CHI,,,,XI,
Agrupacion De Vivienda Reserva De Guayacan,ETAPA 1,5/31/2026,No,Banco,Referido,"1,754,000,000,000",2026-5,,PI,CHI,,,,XI,
Agrupacion De Vivienda Reserva De Guayacan,ETAPA 1,12/1/2024,No,Banco,Whatsapp,"2,360,000,000,000",2024-12,,PI,CHI,,,,XI,
Agrupación De Vivienda Monguí,ETAPA 2,2/12/2026,No,Banco,Banderas y/o señalización,"1,575,815,000,000",2026-2,,PI,CHI,,,,XI,
Agrupación De Vivienda Pamplona I,ETAPA 4,12/27/2025,No,Banco,Banderas y/o señalización,"2,361,000,000,000",2025-12,,PI,CHI,,,,XI,
Agrupación De Vivienda La Macarena,ETAPA 3,1/31/2024,No,Banco,Referido,"1,362,400,000,000",2024-1,,PI,CHI,,,,XI,
Proyecto Karakalí,1,7/26/2025,Si,Banco,Sin Informacion,"2,293,000,000,000",2025-7,,PI,CHI,,,,XI,
La Arboleda,ETAPA 2,8/29/2025,No,Banco,Banderas y/o señalización,"1,824,927,000,000",2025-8,,PI,CHI,,,,XI,
Agrupación De Vivienda Monguí,ETAPA 1,1/21/2024,No,Banco,Banderas y/o señalización,"1,605,500,000,000",2024-1,,PI,CHI,,,,XI,
Agrupación De Vivienda Pamplona I,ETAPA 1,6/25/2026,No,Banco,Banderas y/o señalización,"2,215,000,000,000",2026-6,,PI,CHI,,,,XI,
Agrupación De Vivienda Monguí,,11/1/2025,Si,Banco,Sin Informacion,"1,812,169,000,000",2025-11,,PI,CHI,,,,XI,
Agrupación De Vivienda La Macarena,ETAPA 3,8/13/2024,No,Banco,Banderas y/o señalización,"1,493,700,000,000",2024-8,,PI,CHI,,,,XI,
Versalles,ETAPA 1,1/20/2025,No,Banco,Redes Sociales,"2,110,000,000,000",2025-1,,PI,CHI,,,,XI,
VERDE ESPERANZA EL DORADO,ETAPA 1,9/20/2025,No,Banco,Valla ,"1,618,000,000,000",2025-9,,PI,CHI,,,,XI,
VILLA MERCEDES EL DORADO,ETAPA 1,2/28/2026,No,Banco,Referido Alcaldía,"1,715,000,000,000",2026-2,,PI,CHI,,,,XI,
VILLA FIORITA,ETAPA 3,6/25/2025,No,Banco,Ferias empresariales,"2,135,250,000,000",2025-6,,PI,CHI,,,,XI,
Agrupación De Vivienda La Macarena,ETAPA 3,1/15/2024,No,Banco,Banderas y/o señalización,"1,491,100,000,000",2024-1,,PI,CHI,,,,XI,
Agrupación De Vivienda Monguí,ETAPA 2,7/27/2025,No,Contado,Banderas y/o señalización,"2,017,099,500,000",2025-7,,PI,CHI,,,,XI,
AGRUPACIÓN DE VIVIENDA BOSQUE DE TURPIAL,ETAPA 2,12/26/2025,No,Colsubsidio,Banderas y/o señalización,"2,807,000,000,000",2025-12,,PI,CHI,,,,XI,
Conjunto Residencial Campo Alegre El Dorado,ETAPA 2,12/13/2024,No,Banco,Referido Alcaldía,"1,118,728,650,000",2024-12,,PI,CHI,,,,XI,
VILLA MERCEDES EL DORADO,ETAPA 1,2/23/2026,No,Banco,Referido Alcaldía,"1,715,000,000,000",2026-2,,PI,CHI,,,,XI,
Agrupación De Vivienda Monguí,ETAPA 1,2/9/2024,No,Banco,Banderas y/o señalización,"1,784,900,000,000",2024-2,,PI,CHI,,,,XI,
MIRADOR DEL VIRREY II,UNICA,1/22/2025,No,Banco,Valla proyecto sala de ventas,"1,846,720,000,000",2025-1,,PI,CHI,,,,XI,
Los Nogales,ETAPA 2,7/13/2026,No,Banco,Banderas y/o señalización,"7,574,690,000,000",2026-7,,PI,CHI,,,,XI,
Los Nogales,1,2/9/2024,Si,Banco,Sin Informacion,"5,307,309,210,000",2024-2,,PI,CHI,,,,XI,
VERDE ESPERANZA EL DORADO,ETAPA 1,10/11/2025,No,Banco,Valla ,"1,618,000,000,000",2025-10,,PI,CHI,,,,XI,
La Arboleda,ETAPA 3,2/22/2026,No,Colsubsidio,,"2,233,450,000,000",2026-2,,PI,CHI,,,,XI,
Conjunto Residencial Campo Alegre El Dorado,ETAPA 2,3/25/2025,No,Contado,Valla ,"1,184,494,350,000",2025-3,,PI,CHI,,,,XI,
ARAUCARIA,ETAPA 1,12/21/2025,No,Banco,Banderas y/o señalización,"5,781,000,000,000",2025-12,,PI,CHI,,,,XI,
Agrupacion De Vivienda Fuentevida,ETAPA 2,3/27/2025,No,Banco,Referido Alcaldía,"1,281,150,000,000",2025-3,,PI,CHI,,,,XI,
Agrupación De Vivienda La Macarena,ETAPA 4,7/5/2026,No,Banco,Banderas y/o señalización,"1,619,569,000,000",2026-7,,PI,CHI,,,,XI,
Los Nogales,2,7/11/2025,Si,Colsubsidio,Sin Informacion,"7,391,310,000,000",2025-7,,PI,CHI,,,,XI,
La Arboleda,ETAPA 2,3/8/2025,No,Banco,Banderas y/o señalización,"1,963,006,500,000",2025-3,,PI,CHI,,,,XI,
Agrupacion De Vivienda Fuentevida,ETAPA 1,1/19/2024,No,Banco,Referido Alcaldía,"1,170,000,000,000",2024-1,,PI,CHI,,,,XI,
Agrupación De Vivienda Monguí,ETAPA 2,3/18/2025,No,Banco,Mensaje de texto,"1,964,430,000,000",2025-3,,PI,CHI,,,,XI,
Agrupación De Vivienda Pamplona I,ETAPA 1,8/29/2024,No,Banco,Redes Sociales,"2,064,075,000,000",2024-8,,PI,CHI,,,,XI,
Agrupacion De Vivienda Payande,ETAPA 3,3/24/2024,No,Banco,Banderas y/o señalización,"1,755,000,000,000",2024-3,,PI,CHI,,,,XI,
La Arboleda,ETAPA 3,6/7/2026,No,Banco,Banderas y/o señalización,"2,446,170,000,000",2026-6,,PI,CHI,,,,XI,
Los Nogales,ETAPA 1,2/10/2024,No,Banco,Ferias empresariales,"6,950,119,720,000",2024-2,,PI,CHI,,,,XI,
INARI,1,2/5/2024,Si,Banco,Sin Informacion,"2,916,000,000,000",2024-2,,PI,CHI,,,,XI,
Agrupacion De Vivienda Reserva De Guayacan,ETAPA 1,5/12/2026,No,Banco,Redes Sociales,"2,395,000,000,000",2026-5,,PI,CHI,,,,XI,
La Arboleda,ETAPA 3,4/21/2026,No,Colsubsidio,Banderas y/o señalización,"2,412,130,000,000",2026-4,,PI,CHI,,,,XI,
La Arboleda,ETAPA 3,4/9/2026,No,Banco,Banderas y/o señalización,"2,412,130,000,000",2026-4,,PI,CHI,,,,XI,
Agrupacion De Vivienda Fuentevida,ETAPA 2,1/31/2024,No,Banco,Referido Alcaldía,"1,170,000,000,000",2024-1,,PI,CHI,,,,XI,
Agrupacion De Vivienda Payande,ETAPA 3,10/31/2025,No,Banco,Whatsapp,"1,779,375,000,000",2025-10,,PI,CHI,,,,XI,
Agrupación De Vivienda La Macarena,ETAPA 3,10/10/2024,No,Banco,Referido,"1,523,269,000,000",2024-10,,PI,CHI,,,,XI,
Los Nogales,ETAPA 2,8/19/2025,No,Contado,Activación,"5,678,320,000,000",2025-8,,PI,CHI,,,,XI,
Agrupacion De Vivienda Fuentevida,ETAPA 2,11/22/2024,No,Contado,Referido Alcaldía,"1,208,551,500,000",2024-11,,PI,CHI,,,,XI,
MIRADOR DEL VIRREY II,UNICA,5/8/2024,No,Banco,Valla proyecto sala de ventas,"1,750,000,000,000",2024-5,,PI,CHI,,,,XI,
Agrupación De Vivienda Monguí,ETAPA 2,1/3/2026,No,Banco,Banderas y/o señalización,"2,041,940,000,000",2026-1,,PI,CHI,,,,XI,
Agrupación De Vivienda Monguí,ETAPA 1,3/28/2025,No,Banco,Banderas y/o señalización,"1,758,022,500,000",2025-3,,PI,CHI,,,,XI,
Agrupacion De Vivienda Reserva De Guayacan,ETAPA 1,4/11/2026,No,Banco,Banderas y/o señalización,"2,395,000,000,000",2026-4,,PI,CHI,,,,XI,
RESERVA DEL NOGAL,UNICA,6/21/2024,No,Contado,Valla proyecto sala de ventas,"1,700,000,000,000",2024-6,,PI,CHI,,,,XI,
CONJUNTO RESIDENCIAL VIBO ONCE,ETAPA 1,2/22/2026,No,Banco,Banderas y/o señalización,"2,813,000,000,000",2026-2,,PI,CHI,,,,XI,
ARAUCARIA,ETAPA 1,12/20/2025,No,Banco,Banderas y/o señalización,"5,651,000,000,000",2025-12,,PI,CHI,,,,XI,
Agrupacion De Vivienda Reserva De Guayacan,ETAPA 1,4/25/2026,No,Banco,Redes Sociales,"1,754,000,000,000",2026-4,,PI,CHI,,,,XI,
La Arboleda,ETAPA 3,4/24/2026,No,Colsubsidio,Banderas y/o señalización,"2,233,450,000,000",2026-4,,PI,CHI,,,,XI,
Proyecto Karakalí,ETAPA 1,8/14/2024,No,Colsubsidio,Ferias empresariales,"2,451,267,000,000",2024-8,,PI,CHI,,,,XI,
VERDE ESPERANZA EL DORADO,ETAPA 1,10/31/2025,No,Banco,Banderas y/o señalización,"1,618,000,000,000",2025-10,,PI,CHI,,,,XI,
Proyecto Karakalí,ETAPA 1,9/24/2025,No,Banco,Pantallas empresariales,"2,451,267,000,000",2025-9,,PI,CHI,,,,XI,
La Arboleda,ETAPA 2,11/27/2024,No,Banco,Banderas y/o señalización,"1,822,080,000,000",2024-11,,PI,CHI,,,,XI,
La Arboleda,ETAPA 1,9/27/2024,No,Banco,Referido,"1,744,600,000,000",2024-9,,PI,CHI,,,,XI,
VERDE ESPERANZA EL DORADO,ETAPA 1,2/19/2026,No,Banco,Banderas y/o señalización,"1,793,000,000,000",2026-2,,PI,CHI,,,,XI,
La Arboleda,ETAPA 3,10/15/2025,No,Banco,Banderas y/o señalización,"2,412,130,000,000",2025-10,,PI,CHI,,,,XI,
AGRUPACIÓN DE VIVIENDA BOSQUE DE TURPIAL,ETAPA 1,8/13/2024,No,Banco,Banderas y/o señalización,"2,311,000,000,000",2024-8,,PI,CHI,,,,XI,
VERDE ESPERANZA EL DORADO,ETAPA 1,1/23/2026,No,Banco,Banderas y/o señalización,"1,793,000,000,000",2026-1,,PI,CHI,,,,XI,
Agrupación De Vivienda La Macarena,3,2/12/2024,Si,Banco,Sin Informacion,"1,475,000,000,000",2024-2,,PI,CHI,,,,XI,
VILLA FIORITA,ETAPA 2,6/11/2025,No,Colsubsidio,Banderas y/o señalización,"2,135,250,000,000",2025-6,2025-6,SIGMA,OMEGA,20 a 35 años,1,1,ZETA,
Agrupacion De Vivienda Payande,ETAPA 1,4/20/2024,No,Colsubsidio,Página web ,"1,755,000,000,000",2024-4,2024-4,SIGMA,OMEGA,Mayor de 55 años,1,,TAU,
Agrupación De Vivienda La Macarena,ETAPA 3,6/14/2025,No,Colsubsidio,Referido,"1,477,593,000,000",2025-6,2025-6,KAPPA,OMEGA,46 a 55 años,,,TAU,
Agrupación De Vivienda La Macarena,ETAPA 3,6/14/2025,No,Colsubsidio,Banderas y/o señalización,"1,470,475,500,000",2025-6,2025-6,NU,OMEGA,20 a 35 años,,,TAU,
Agrupación De Vivienda La Macarena,3,9/30/2024,Si,Colsubsidio,Sin Informacion,"1,479,515,000,000",2024-9,2024-9,KAPPA,OMEGA,36 - 45 años,3,2,TAU,
Agrupación De Vivienda La Macarena,ETAPA 3,6/18/2025,No,Colsubsidio,Ferias empresariales,"1,473,322,500,000",2025-6,2025-6,SIGMA,OMEGA,46 a 55 años,1,1,TAU,
AGRUPACIÓN DE VIVIENDA BOSQUE DE TURPIAL,,6/16/2024,Si,Colsubsidio,Sin Informacion,"2,311,000,000,000",2024-6,2024-6,NU,OMEGA,20 - 35 años,,,TAU,
Agrupación De Vivienda Monguí,ETAPA 1,5/23/2026,No,Banco,Banderas y/o señalización,"1,952,259,000,000",2026-5,2026-5,KAPPA,OMEGA,20 a 35 años,2,1,TAU,
Agrupación De Vivienda Pamplona I,ETAPA 3,5/18/2026,No,Colsubsidio,Banderas y/o señalización,"2,100,000,000,000",2026-5,2026-5,KAPPA,OMEGA,20 a 35 años,,,TAU,
Agrupación De Vivienda Pamplona I,,2/15/2026,Si,Colsubsidio,Sin Informacion,"1,786,000,000,000",2026-2,2026-2,NU,OMEGA,20 a 35 años,,,ALPHA,
Agrupación De Vivienda Monguí,ETAPA 2,2/15/2026,No,Colsubsidio,Banderas y/o señalización,"1,575,815,000,000",2026-2,2026-2,KAPPA,OMEGA,Mayor de 55 años,,,GAMMA,
Agrupación De Vivienda Monguí,ETAPA 2,2/12/2026,No,Banco,Banderas y/o señalización,"1,969,768,000,000",2026-2,2026-2,NU,OMEGA,20 a 35 años,,,RHO,X
VILLA MERCEDES EL DORADO,ETAPA 1,2/13/2026,No,Banco,Referido Alcaldía,"1,715,000,000,000",2026-2,2026-2,KAPPA,OMEGA,46 a 55 años,1,1,TAU,
VERDE ESPERANZA EL DORADO,ETAPA 1,2/14/2026,No,Banco,Banderas y/o señalización,"1,578,000,000,000",2026-2,2026-2,KAPPA,OMEGA,20 a 35 años,2,1,TAU,
VILLA MERCEDES EL DORADO,ETAPA 1,2/18/2026,No,Banco,Referido Alcaldía,"1,715,000,000,000",2026-2,2026-2,KAPPA,OMEGA,36 a 45 años,1,,TAU,
Agrupación De Vivienda Monguí,ETAPA 2,2/19/2024,No,Banco,Banderas y/o señalización,"1,984,359,000,000",2024-2,2024-2,SIGMA,ETA,36 - 45 años,4,2,NU,
Los Nogales,ETAPA 1,2/14/2024,No,Banco,Activación,"5,506,560,000,000",2024-2,2024-2,SIGMA,TAU,46 - 55 años,3,,ALPHA,
AGRUPACION DE VIVIENDA JARDIN,ETAPA 3,2/7/2024,No,Colsubsidio,Banderas y/o señalización,"1,534,000,000,000",2024-2,2024-2,KAPPA,OMEGA,20 - 35 años,5,2,RHO,X
Conjunto Residencial Campo Alegre El Dorado,ETAPA 2,12/20/2024,No,Colsubsidio,Referido Alcaldía,"1,118,728,650,000",2024-12,2024-12,NU,OMEGA,Menor de 19 años,,,GAMMA,
Los Nogales,ETAPA 2,2/11/2024,No,Contado,Ferias empresariales,"7,788,820,000,000",2024-2,2024-2,SIGMA,TAU,46 - 55 años,,,GAMMA,
Agrupación De Vivienda Pamplona I,,5/24/2024,Si,Banco,Sin Informacion,"1,950,195,000,000",2024-5,2024-5,KAPPA,OMEGA,20 - 35 años,,,NU,
AGRUPACIÓN DE VIVIENDA BOSQUE DE TURPIAL,ETAPA 1,12/20/2024,No,Banco,Banderas y/o señalización,"2,311,190,000,000",2024-12,2024-12,SIGMA,OMEGA,20 - 35 años,1,1,ZETA,
La Arboleda,ETAPA 1,3/21/2026,No,Colsubsidio,Banderas y/o señalización,"1,641,295,500,000",2026-3,2026-3,KAPPA,OMEGA,36 a 45 años,,,RHO,X
Agrupacion De Vivienda Bosque De Arrayan,ETAPA 3,6/12/2026,No,Colsubsidio,Banderas y/o señalización,"2,190,000,000,000",2026-6,2026-6,KAPPA,OMEGA,20 a 35 años,2,2,ZETA,
Agrupación De Vivienda Pamplona I,ETAPA 3,3/15/2026,No,Banco,Activación,"2,100,000,000,000",2026-3,2026-3,SIGMA,OMEGA,36 a 45 años,2,2,NU,
Agrupación De Vivienda Monguí,ETAPA 2,3/26/2026,No,Banco,Banderas y/o señalización,"1,777,169,000,000",2026-3,2026-3,KAPPA,OMEGA,36 a 45 años,2,1,TAU,
Agrupación De Vivienda Monguí,ETAPA 2,12/29/2025,No,Colsubsidio,Banderas y/o señalización,"1,836,187,000,000",2025-12,2025-12,KAPPA,OMEGA,46 a 55 años,2,1,TAU,
Agrupación De Vivienda La Macarena,ETAPA 3,3/26/2024,No,Banco,Banderas y/o señalización,"1,530,262,500,000",2024-3,2024-3,KAPPA,OMEGA,20 - 35 años,3,2,GAMMA,X
Agrupación De Vivienda La Macarena,ETAPA 1,3/12/2024,No,Banco,Banderas y/o señalización,"1,461,200,000,000",2024-3,2024-3,KAPPA,OMEGA,20 - 35 años,1,1,GAMMA,
Agrupación De Vivienda Pamplona I,ETAPA 2,3/19/2024,No,Banco,Banderas y/o señalización,"1,950,195,000,000",2024-3,2024-3,KAPPA,OMEGA,20 - 35 años,3,2,GAMMA,X
INARI,ETAPA 1,3/22/2024,No,Banco,Whatsapp,"2,916,000,000,000",2024-3,2024-3,SIGMA,ETA,20 - 35 años,1,1,GAMMA,X
Agrupacion De Vivienda Bosque De Arrayan,ETAPA 3,3/17/2024,No,Banco,Banderas y/o señalización,"1,913,600,000,000",2024-3,2024-3,KAPPA,OMEGA,20 - 35 años,,,TAU,
VERDE ESPERANZA EL DORADO,ETAPA 1,9/23/2025,No,Colsubsidio,Banderas y/o señalización,"1,578,000,000,000",2025-9,2025-9,NU,OMEGA,20 a 35 años,,,RHO,X
VERDE ESPERANZA EL DORADO,ETAPA 1,9/23/2025,No,Banco,Valla ,"1,578,000,000,000",2025-9,2025-9,SIGMA,ETA,20 a 35 años,3,2,GAMMA,
Agrupación De Vivienda Monguí,ETAPA 1,4/4/2026,No,Colsubsidio,Banderas y/o señalización,"1,777,169,000,000",2026-4,2026-4,NU,OMEGA,20 a 35 años,,,RHO,X
INARI,ETAPA 1,4/25/2026,No,Colsubsidio,Activación,"2,549,000,000,000",2026-4,2026-4,SIGMA,OMEGA,20 a 35 años,2,,GAMMA,X
Agrupacion De Vivienda Reserva De Guayacan,ETAPA 1,4/26/2026,No,Banco,Ferias empresariales,"2,360,000,000,000",2026-4,2026-4,KAPPA,OMEGA,46 a 55 años,2,,ZETA,
VERDE ESPERANZA EL DORADO,ETAPA 1,4/7/2026,No,Colsubsidio,Banderas y/o señalización,"1,753,000,000,000",2026-4,2026-4,NU,OMEGA,20 a 35 años,,,ZETA,
VERDE ESPERANZA EL DORADO,ETAPA 1,9/29/2025,No,Colsubsidio,Valla ,"1,578,000,000,000",2025-9,2025-9,SIGMA,OMEGA,36 a 45 años,3,3,ZETA,
INARI,ETAPA 1,4/26/2026,No,Colsubsidio,Banderas y/o señalización,"2,506,000,000,000",2026-4,2026-4,KAPPA,OMEGA,20 a 35 años,2,1,TAU,
Agrupacion De Vivienda Reserva De Guayacan,ETAPA 1,4/25/2026,No,Banco,Redes Sociales,"1,754,000,000,000",2026-4,2026-4,NU,OMEGA,20 a 35 años,,,TAU,
Los Nogales,ETAPA 1,4/12/2026,No,Contado,Activación,"5,386,430,000,000",2026-4,2026-4,SIGMA,ETA,Mayor de 55 años,1,,ETA,
Agrupación De Vivienda Monguí,ETAPA 3,4/24/2026,No,Colsubsidio,Banderas y/o señalización,"1,952,259,000,000",2026-4,2026-4,KAPPA,OMEGA,36 a 45 años,2,2,TAU,
VILLA FIORITA,ETAPA 2,7/28/2024,No,Banco,Banderas y/o señalización,"1,987,206,000,000",2024-7,2024-7,KAPPA,OMEGA,20 - 35 años,,,RHO,X
Agrupacion De Vivienda Bosque De Arrayan,ETAPA 1,4/24/2026,No,Banco,Banderas y/o señalización,"2,205,000,000,000",2026-4,2026-4,KAPPA,OMEGA,20 a 35 años,1,1,ALPHA,
Agrupación De Vivienda Monguí,ETAPA 3,4/25/2026,No,Banco,Banderas y/o señalización,"1,584,569,000,000",2026-4,2026-4,NU,OMEGA,20 a 35 años,,,RHO,X
Zarzal,ETAPA 1,4/25/2026,No,Colsubsidio,Banderas y/o señalización,"2,267,000,000,000",2026-4,2026-4,SIGMA,ETA,20 a 35 años,1,1,RHO,X
Agrupación De Vivienda Monguí,ETAPA 3,4/25/2026,No,Banco,Activación,"1,785,923,000,000",2026-4,2026-4,KAPPA,OMEGA,20 a 35 años,1,1,GAMMA,
AGRUPACIÓN DE VIVIENDA SAMÁN ,ETAPA 1,9/16/2025,No,Banco,Redes Sociales,"2,550,000,000,000",2025-9,2025-9,SIGMA,ETA,46 a 55 años,1,,GAMMA,
INARI,ETAPA 1,4/26/2026,No,Colsubsidio,Banderas y/o señalización,"2,506,000,000,000",2026-4,2026-4,NU,ETA,20 a 35 años,,,GAMMA,
Agrupación De Vivienda Monguí,ETAPA 2,3/19/2025,No,Banco,Ferias empresariales,"1,991,476,500,000",2025-3,2025-3,NU,OMEGA,20 a 35 años,,,GAMMA,
VERDE ESPERANZA EL DORADO,ETAPA 1,9/16/2025,No,Colsubsidio,Banderas y/o señalización,"1,578,000,000,000",2025-9,2025-9,KAPPA,OMEGA,36 a 45 años,1,1,TAU,
VERDE ESPERANZA EL DORADO,ETAPA 1,9/22/2025,No,Colsubsidio,Valla ,"1,618,000,000,000",2025-9,2025-9,SIGMA,OMEGA,Mayor de 55 años,1,,TAU,
La Arboleda,ETAPA 3,4/25/2026,No,Colsubsidio,Campaña FNA,"2,412,130,000,000",2026-4,2026-4,KAPPA,OMEGA,46 a 55 años,2,,TAU,
VERDE ESPERANZA EL DORADO,ETAPA 1,4/29/2026,No,Banco,Banderas y/o señalización,"1,753,000,000,000",2026-4,2026-4,KAPPA,OMEGA,Mayor de 55 años,1,,ETA,
La Arboleda,ETAPA 3,9/29/2025,No,Banco,Whatsapp,"2,412,130,000,000",2025-9,2025-9,SIGMA,OMEGA,20 a 35 años,2,,TAU,
AGRUPACIÓN DE VIVIENDA SAMÁN ,ETAPA 1,4/25/2026,No,Banco,Ferias empresariales,"2,532,490,950,000",2026-4,2026-4,NU,OMEGA,20 a 35 años,,,TAU,
VERDE ESPERANZA EL DORADO,ETAPA 1,11/30/2025,No,Banco,Banderas y/o señalización,"1,753,000,000,000",2025-11,2025-11,KAPPA,OMEGA,20 a 35 años,2,,NU,
Agrupacion De Vivienda Payande,ETAPA 2,10/18/2025,No,Colsubsidio,Contact Center,"1,910,240,000,000",2025-10,2025-10,KAPPA,OMEGA,46 a 55 años,,,TAU,
VILLA FIORITA,ETAPA 2,10/17/2025,No,Banco,Whatsapp,"2,007,135,000,000",2025-10,2025-10,NU,OMEGA,20 a 35 años,,,ZETA,
VERDE ESPERANZA EL DORADO,ETAPA 1,11/13/2025,No,Banco,Banderas y/o señalización,"1,618,000,000,000",2025-11,2025-11,KAPPA,OMEGA,20 a 35 años,1,,TAU,
CONJUNTO RESIDENCIAL VIBO ONCE,ETAPA 1,11/29/2025,No,Banco,Banderas y/o señalización,"2,813,000,000,000",2025-11,2025-11,NU,OMEGA,20 a 35 años,,,TAU,
Agrupacion De Vivienda Payande,ETAPA 1,8/30/2024,No,Banco,Banderas y/o señalización,"1,755,000,000,000",2024-8,2024-8,NU,OMEGA,20 - 35 años,,,GAMMA,
Agrupacion De Vivienda Bosque De Arrayan,ETAPA 4,1/5/2024,No,Banco,Redes Sociales,"1,773,200,000,000",2024-1,2024-1,KAPPA,OMEGA,20 - 35 años,3,2,ZETA,
Agrupación De Vivienda Monguí,ETAPA 2,6/21/2025,No,Colsubsidio,Ferias empresariales,"1,763,716,500,000",2025-6,2025-6,NU,ETA,20 a 35 años,,,NU,
AGRUPACIÓN DE VIVIENDA SAMÁN ,ETAPA 1,6/30/2025,No,Banco,Banderas y/o señalización,"2,550,000,000,000",2025-6,2025-6,SIGMA,OMEGA,36 a 45 años,3,3,TAU,
Agrupacion De Vivienda Fuentevida,ETAPA 2,4/7/2025,No,Banco,Referido Alcaldía,"1,281,150,000,000",2025-4,2025-4,SIGMA,OMEGA,20 a 35 años,2,2,ZETA,
Agrupación De Vivienda Monguí,ETAPA 1,4/28/2025,No,Banco,Banderas y/o señalización,"1,864,785,000,000",2025-4,2025-4,KAPPA,OMEGA,Mayor de 55 años,1,1,TAU,
La Arboleda,ETAPA 1,4/30/2025,No,Colsubsidio,Campaña FNA,"1,766,563,500,000",2025-4,2025-4,SIGMA,ETA,20 a 35 años,1,,RHO,X
La Arboleda,ETAPA 2,4/30/2025,No,Colsubsidio,Redes Sociales,"1,807,845,000,000",2025-4,2025-4,SIGMA,OMEGA,20 a 35 años,1,1,RHO,X
VERDE ESPERANZA EL DORADO,ETAPA 1,2/12/2026,No,Banco,Banderas y/o señalización,"1,753,000,000,000",2026-2,2026-2,KAPPA,OMEGA,36 a 45 años,1,1,TAU,
VILLA MERCEDES EL DORADO,ETAPA 1,2/28/2026,No,Banco,Referido Alcaldía,"1,715,000,000,000",2026-2,2026-2,KAPPA,OMEGA,Mayor de 55 años,,,ETA,
Agrupación De Vivienda Monguí,ETAPA 2,2/22/2026,No,Colsubsidio,Banderas y/o señalización,"1,952,259,000,000",2026-2,2026-2,KAPPA,OMEGA,36 a 45 años,4,3,NU,
Agrupacion De Vivienda Bosque De Arrayan,ETAPA 1,2/15/2026,No,Banco,Banderas y/o señalización,"2,205,000,000,000",2026-2,2026-2,SIGMA,OMEGA,36 a 45 años,2,2,GAMMA,
Agrupacion De Vivienda Bosque De Arrayan,ETAPA 2,2/15/2026,No,Banco,Banderas y/o señalización,"2,205,000,000,000",2026-2,2026-2,SIGMA,OMEGA,46 a 55 años,1,1,GAMMA,
VILLA MERCEDES EL DORADO,ETAPA 1,2/10/2026,No,Banco,Referido Alcaldía,"1,715,000,000,000",2026-2,2026-2,KAPPA,OMEGA,46 a 55 años,3,3,ZETA,
VILLA MERCEDES EL DORADO,ETAPA 1,2/14/2026,No,Banco,Referido Alcaldía,"1,715,000,000,000",2026-2,2026-2,KAPPA,OMEGA,46 a 55 años,,,TAU,
VILLA MERCEDES EL DORADO,ETAPA 1,2/17/2026,No,Banco,Referido Alcaldía,"1,715,000,000,000",2026-2,2026-2,KAPPA,ETA,46 a 55 años,1,,IOTA,
VILLA MERCEDES EL DORADO,ETAPA 1,2/27/2026,No,Colsubsidio,Referido Alcaldía,"1,715,000,000,000",2026-2,2026-2,KAPPA,OMEGA,36 a 45 años,,,TAU,
Agrupación De Vivienda Monguí,ETAPA 2,2/14/2026,No,Banco,Banderas y/o señalización,"1,575,815,000,000",2026-2,2026-2,KAPPA,OMEGA,20 a 35 años,1,1,TAU,
VILLA MERCEDES EL DORADO,ETAPA 1,2/26/2026,No,Banco,Referido Alcaldía,"1,715,000,000,000",2026-2,2026-2,KAPPA,ETA,20 a 35 años,2,,IOTA,
VILLA MERCEDES EL DORADO,ETAPA 1,2/20/2026,No,Banco,Referido Alcaldía,"1,715,000,000,000",2026-2,2026-2,NU,OMEGA,20 a 35 años,,,GAMMA,
Agrupación De Vivienda Monguí,ETAPA 1,10/20/2024,No,Colsubsidio,Banderas y/o señalización,"1,580,800,000,000",2024-10,2024-10,NU,OMEGA,20 - 35 años,,,GAMMA,
Agrupación De Vivienda Monguí,ETAPA 1,10/23/2024,No,Banco,Banderas y/o señalización,"1,765,400,000,000",2024-10,2024-10,SIGMA,OMEGA,36 - 45 años,2,2,GAMMA,
VILLA MERCEDES EL DORADO,ETAPA 1,2/11/2026,No,Banco,Referido Alcaldía,"1,715,000,000,000",2026-2,2026-2,KAPPA,OMEGA,20 a 35 años,,,TAU,
VILLA MERCEDES EL DORADO,ETAPA 1,2/28/2026,No,Banco,Referido Alcaldía,"1,715,000,000,000",2026-2,2026-2,KAPPA,OMEGA,Mayor de 55 años,,,ETA,
La Arboleda,ETAPA 3,2/7/2026,No,Colsubsidio,Banderas y/o señalización,"2,233,450,000,000",2026-2,2026-2,KAPPA,OMEGA,20 a 35 años,3,1,GAMMA,
Agrupación De Vivienda Monguí,ETAPA 2,2/1/2026,No,Banco,Contact Center,"1,969,768,000,000",2026-2,2026-2,NU,OMEGA,20 a 35 años,,,RHO,
VILLA MERCEDES EL DORADO,ETAPA 1,2/27/2026,No,Banco,Referido Alcaldía,"1,715,000,000,000",2026-2,2026-2,KAPPA,OMEGA,36 a 45 años,1,,TAU,
VILLA MERCEDES EL DORADO,ETAPA 1,2/14/2026,No,Banco,Referido Alcaldía,"1,715,000,000,000",2026-2,2026-2,SIGMA,OMEGA,46 a 55 años,2,2,TAU,
VILLA MERCEDES EL DORADO,ETAPA 1,2/26/2026,No,Banco,Referido Alcaldía,"1,715,000,000,000",2026-2,2026-2,KAPPA,ETA,36 a 45 años,,,IOTA,
VILLA MERCEDES EL DORADO,ETAPA 1,2/20/2026,No,Banco,Referido Alcaldía,"1,715,000,000,000",2026-2,2026-2,KAPPA,OMEGA,36 a 45 años,,,TAU,
Agrupacion De Vivienda Bosque De Arrayan,ETAPA 3,10/26/2024,No,Colsubsidio,Banderas y/o señalización,"1,933,100,000,000",2024-10,2024-10,SIGMA,ETA,20 - 35 años,1,,RHO,
Agrupación De Vivienda Monguí,ETAPA 2,2/23/2026,No,Colsubsidio,Banderas y/o señalización,"1,584,569,000,000",2026-2,2026-2,SIGMA,OMEGA,36 a 45 años,1,1,RHO,
Agrupación De Vivienda Monguí,ETAPA 2,2/22/2026,No,Banco,Banderas y/o señalización,"1,961,014,000,000",2026-2,2026-2,KAPPA,OMEGA,Mayor de 55 años,,,TAU,
Agrupacion De Vivienda Bosque De Arrayan,ETAPA 4,2/7/2026,No,Banco,Banderas y/o señalización,"2,034,180,000,000",2026-2,2026-2,NU,OMEGA,20 a 35 años,,,NU,
AGRUPACIÓN DE VIVIENDA SAMÁN ,ETAPA 1,2/18/2026,No,Banco,Página web ,"2,550,000,000,000",2026-2,2026-2,KAPPA,OMEGA,36 a 45 años,2,2,TAU,
VILLA MERCEDES EL DORADO,ETAPA 1,2/20/2026,No,Banco,Referido Alcaldía,"1,715,000,000,000",2026-2,2026-2,KAPPA,ETA,20 a 35 años,1,,IOTA,
Agrupación De Vivienda Pamplona I,ETAPA 4,7/14/2026,No,Colsubsidio,Ferias empresariales,"2,515,000,000,000",2026-7,2026-6,KAPPA,OMEGA,36 a 45 años,,,TAU,
Agrupación De Vivienda Monguí,ETAPA 1,2/15/2024,No,Colsubsidio,Banderas y/o señalización,"1,579,000,000,000",2024-2,2024-2,NU,OMEGA,Menor de 19 años,,,RHO,X
Agrupación De Vivienda La Macarena,ETAPA 3,2/1/2024,No,Banco,Página web ,"1,506,063,000,000",2024-2,2024-2,KAPPA,OMEGA,20 - 35 años,1,1,TAU,
Los Nogales,ETAPA 1,2/10/2024,No,Banco,Ferias empresariales,"5,408,970,000,000",2024-2,2024-2,NU,TAU,20 - 35 años,,,RHO,X
Agrupacion De Vivienda Reserva De Guayacan,ETAPA 1,1/31/2025,No,Banco,Redes Sociales,"2,360,000,000,000",2025-1,2025-1,SIGMA,OMEGA,46 - 55 años,,,GAMMA,
La Arboleda,,1/31/2025,Si,Banco,Sin Informacion,"1,766,563,500,000",2025-1,2025-1,SIGMA,ETA,20 - 35 años,1,1,GAMMA,X
Agrupación De Vivienda Monguí,ETAPA 1,1/18/2025,No,Banco,Banderas y/o señalización,"1,963,006,500,000",2025-1,2025-1,KAPPA,OMEGA,20 - 35 años,2,,TAU,
Agrupación De Vivienda La Macarena,ETAPA 3,3/14/2026,No,Colsubsidio,Banderas y/o señalización,"1,505,815,000,000",2026-3,2026-3,KAPPA,OMEGA,20 a 35 años,,,GAMMA,X
Agrupación De Vivienda La Macarena,ETAPA 3,3/15/2026,No,Banco,Contact Center,"1,505,815,000,000",2026-3,2026-3,KAPPA,OMEGA,36 a 45 años,2,1,GAMMA,
Agrupación De Vivienda La Macarena,ETAPA 4,3/14/2026,No,Colsubsidio,Banderas y/o señalización,"1,584,569,000,000",2026-3,2026-3,KAPPA,OMEGA,36 a 45 años,1,1,ALPHA,
Agrupación De Vivienda Pamplona I,ETAPA 2,3/20/2026,No,Banco,Banderas y/o señalización,"1,786,000,000,000",2026-3,2026-3,SIGMA,OMEGA,36 a 45 años,2,2,GAMMA,
Agrupación De Vivienda Monguí,ETAPA 2,3/7/2026,No,Colsubsidio,Banderas y/o señalización,"1,961,014,000,000",2026-3,2026-3,KAPPA,OMEGA,20 a 35 años,1,1,RHO,X
Agrupación De Vivienda La Macarena,ETAPA 3,3/12/2024,No,Colsubsidio,Banderas y/o señalización,"1,487,200,000,000",2024-3,2024-3,KAPPA,OMEGA,36 - 45 años,,,TAU,
Agrupacion De Vivienda Payande,ETAPA 2,3/9/2024,No,Banco,Banderas y/o señalización,"1,755,000,000,000",2024-3,2024-3,KAPPA,OMEGA,20 - 35 años,,,TAU,
Agrupacion De Vivienda Bosque De Arrayan,,3/17/2024,Si,Contado,Sin Informacion,"1,897,530,000,000",2024-3,2024-3,SIGMA,OMEGA,46 - 55 años,2,2,TAU,
VILLA FIORITA,ETAPA 3,8/25/2025,No,Banco,Whatsapp,"2,135,250,000,000",2025-8,2025-8,KAPPA,OMEGA,20 a 35 años,,,GAMMA,
AGRUPACIÓN DE VIVIENDA BOSQUE DE TURPIAL,ETAPA 1,4/25/2026,No,Colsubsidio,Banderas y/o señalización,"2,261,000,000,000",2026-4,2026-4,SIGMA,ETA,20 a 35 años,1,1,RHO,X
VERDE ESPERANZA EL DORADO,ETAPA 1,9/24/2025,No,Colsubsidio,Valla ,"1,578,000,000,000",2025-9,2025-9,KAPPA,OMEGA,46 a 55 años,,,GAMMA,
Agrupación De Vivienda Monguí,ETAPA 1,4/4/2026,No,Colsubsidio,Banderas y/o señalización,"1,575,815,000,000",2026-4,2026-4,KAPPA,OMEGA,20 a 35 años,2,1,NU,
CONJUNTO RESIDENCIAL VIBO ONCE,ETAPA 1,4/26/2026,No,Banco,Banderas y/o señalización,"2,813,000,000,000",2026-4,2026-4,KAPPA,OMEGA,20 a 35 años,1,1,TAU,
AGRUPACIÓN DE VIVIENDA BOSQUE DE TURPIAL,ETAPA 1,4/25/2026,No,Colsubsidio,Banderas y/o señalización,"2,261,000,000,000",2026-4,2026-4,NU,OMEGA,20 a 35 años,,,TAU,
Agrupación De Vivienda La Macarena,ETAPA 3,9/27/2025,No,Banco,Banderas y/o señalización,"1,397,877,000,000",2025-9,2025-9,NU,OMEGA,20 a 35 años,,,TAU,
La Arboleda,ETAPA 3,4/7/2026,No,Colsubsidio,Banderas y/o señalización,"2,412,130,000,000",2026-4,2026-4,KAPPA,OMEGA,36 a 45 años,,,TAU,
INARI,ETAPA 1,8/23/2025,No,Colsubsidio,Activación,"2,808,000,000,000",2025-8,2025-8,NU,OMEGA,20 a 35 años,,,NU,
VILLA FIORITA,ETAPA 3,3/27/2025,No,Banco,Redes Sociales,"2,135,250,000,000",2025-3,2025-3,NU,OMEGA,20 a 35 años,,,RHO,X
Agrupación De Vivienda Monguí,ETAPA 1,4/12/2026,No,Colsubsidio,Banderas y/o señalización,"1,969,768,000,000",2026-4,2026-4,KAPPA,OMEGA,20 a 35 años,1,1,GAMMA,
Agrupación De Vivienda La Macarena,3,7/31/2024,Si,Banco,Sin Informacion,"1,403,571,000,000",2024-7,2024-7,KAPPA,OMEGA,20 - 35 años,1,,GAMMA,X
Agrupación De Vivienda Monguí,ETAPA 3,4/24/2026,No,Colsubsidio,Activación,"1,575,815,000,000",2026-4,2026-4,KAPPA,OMEGA,36 a 45 años,,,GAMMA,
La Arboleda,3,8/24/2025,Si,Colsubsidio,Sin Informacion,"2,233,450,000,000",2025-8,2025-8,SIGMA,OMEGA,46 a 55 años,2,2,RHO,X
Agrupación De Vivienda Monguí,ETAPA 2,7/5/2024,No,Banco,Banderas y/o señalización,"1,914,607,500,000",2024-7,2024-7,NU,OMEGA,20 - 35 años,,,GAMMA,
Versalles,ETAPA 1,9/7/2025,No,Banco,Banderas y/o señalización,"1,987,000,000,000",2025-9,2025-9,NU,OMEGA,20 a 35 años,,,ZETA,
Agrupación De Vivienda Pamplona I,ETAPA 5,11/16/2024,No,Banco,Página web ,"2,293,000,000,000",2024-11,2024-11,NU,OMEGA,20 - 35 años,,,NU,
La Arboleda,ETAPA 4,4/26/2026,No,Colsubsidio,Ferias empresariales,"1,976,071,000,000",2026-4,2026-4,SIGMA,ETA,20 a 35 años,2,2,NU,
INARI,ETAPA 1,4/19/2026,No,Colsubsidio,Activación,"2,506,000,000,000",2026-4,2026-4,SIGMA,OMEGA,36 a 45 años,,,TAU,
Agrupación De Vivienda La Macarena,ETAPA 2,4/26/2026,No,Colsubsidio,Banderas y/o señalización,"1,567,060,000,000",2026-4,2026-4,KAPPA,OMEGA,36 a 45 años,1,1,TAU,
La Arboleda,ETAPA 3,8/24/2025,No,Banco,Whatsapp,"2,446,170,000,000",2025-8,2025-8,KAPPA,OMEGA,36 a 45 años,3,3,TAU,
Agrupación De Vivienda La Macarena,ETAPA 3,3/18/2025,No,Banco,Banderas y/o señalización,"1,601,437,500,000",2025-3,2025-3,KAPPA,OMEGA,46 a 55 años,3,3,TAU,
Agrupación De Vivienda Monguí,ETAPA 3,4/24/2026,No,Colsubsidio,Banderas y/o señalización,"1,575,815,000,000",2026-4,2026-4,KAPPA,OMEGA,46 a 55 años,1,1,TAU,
VERDE ESPERANZA EL DORADO,ETAPA 1,9/24/2025,No,Colsubsidio,Banderas y/o señalización,"1,578,000,000,000",2025-9,2025-9,KAPPA,OMEGA,20 a 35 años,1,1,TAU,
VILLA FIORITA,ETAPA 3,8/15/2025,No,Banco,Activación,"2,135,250,000,000",2025-8,2025-8,KAPPA,OMEGA,Mayor de 55 años,,,TAU,
Agrupacion De Vivienda Payande,ETAPA 3,7/10/2025,No,Colsubsidio,Ferias empresariales,"1,821,725,000,000",2025-7,2025-7,NU,ETA,20 a 35 años,,,ALPHA,
Proyecto Karakalí,ETAPA 1,7/26/2025,No,Colsubsidio,Tus beneficios,"2,451,267,000,000",2025-7,2025-7,NU,OMEGA,20 a 35 años,,,NU,
VERDE ESPERANZA EL DORADO,ETAPA 1,11/7/2025,No,Colsubsidio,Banderas y/o señalización,"1,578,000,000,000",2025-11,2025-11,KAPPA,OMEGA,20 a 35 años,2,,GAMMA,
VERDE ESPERANZA EL DORADO,ETAPA 1,10/16/2025,No,Banco,Valla ,"1,618,000,000,000",2025-10,2025-10,NU,OMEGA,20 a 35 años,,,TAU,
Versalles,ETAPA 2,11/26/2025,No,Banco,Banderas y/o señalización,"2,312,000,000,000",2025-11,2025-11,KAPPA,OMEGA,20 a 35 años,2,,TAU,
Agrupacion De Vivienda Payande,ETAPA 1,10/14/2025,No,Banco,Página web ,"1,779,375,000,000",2025-10,2025-10,SIGMA,ETA,36 a 45 años,3,3,RHO,X
Agrupación De Vivienda Monguí,,10/26/2025,Si,Banco,Sin Informacion,"1,921,725,000,000",2025-10,2025-10,KAPPA,OMEGA,20 a 35 años,2,2,RHO,X
Agrupación De Vivienda Pamplona I,ETAPA 4,7/22/2025,No,Banco,Banderas y/o señalización,"2,361,000,000,000",2025-7,2025-7,KAPPA,OMEGA,20 a 35 años,,,GAMMA,
AGRUPACIÓN DE VIVIENDA SAMÁN ,ETAPA 1,10/31/2025,No,Banco,Página web ,"2,550,000,000,000",2025-10,2025-10,KAPPA,OMEGA,46 a 55 años,,,ZETA,
VERDE ESPERANZA EL DORADO,ETAPA 1,10/1/2025,No,Colsubsidio,Valla ,"1,578,000,000,000",2025-10,2025-10,KAPPA,OMEGA,20 a 35 años,2,1,NU,
AGRUPACIÓN DE VIVIENDA BOSQUE DE TURPIAL,ETAPA 1,1/21/2026,No,Banco,Banderas y/o señalización,"2,311,000,000,000",2026-1,2026-1,KAPPA,OMEGA,20 a 35 años,2,1,TAU,
La Arboleda,ETAPA 3,7/21/2025,No,Banco,Banderas y/o señalización,"2,446,170,000,000",2025-7,2025-7,SIGMA,OMEGA,36 a 45 años,2,1,TAU,
Agrupación De Vivienda Pamplona I,ETAPA 4,11/9/2025,No,Banco,Página web ,"2,361,000,000,000",2025-11,2025-11,KAPPA,OMEGA,20 a 35 años,,,TAU,
AGRUPACIÓN DE VIVIENDA BOSQUE DE TURPIAL,ETAPA 1,5/11/2026,No,Banco,Banderas y/o señalización,"2,036,000,000,000",2026-5,2026-5,SIGMA,OMEGA,46 a 55 años,1,1,ZETA,
INARI,ETAPA 1,6/15/2025,No,Colsubsidio,Banderas y/o señalización,"2,506,000,000,000",2025-6,2025-6,KAPPA,OMEGA,36 a 45 años,,,TAU,
Agrupación De Vivienda Monguí,,6/18/2025,Si,Banco,Sin Informacion,"1,871,902,500,000",2025-6,2025-6,SIGMA,OMEGA,36 a 45 años,2,,RHO,X
Agrupación De Vivienda Monguí,,6/13/2025,Si,Colsubsidio,Sin Informacion,"1,996,014,000,000",2025-6,2025-6,KAPPA,OMEGA,36 a 45 años,2,1,TAU,
Agrupacion De Vivienda Bosque De Arrayan,ETAPA 3,5/12/2026,No,Banco,Banderas y/o señalización,"2,190,000,000,000",2026-5,2026-5,NU,OMEGA,20 a 35 años,,,RHO,X
AGRUPACIÓN DE VIVIENDA SAMÁN ,ETAPA 1,4/2/2025,No,Banco,Redes Sociales,"2,550,000,000,000",2025-4,2025-4,KAPPA,OMEGA,46 a 55 años,1,1,TAU,
INARI,ETAPA 1,4/28/2025,No,Banco,Banderas y/o señalización,"2,808,000,000,000",2025-4,2025-4,KAPPA,OMEGA,36 a 45 años,2,1,TAU,
Agrupacion De Vivienda Payande,ETAPA 3,4/19/2025,No,Colsubsidio,Redes Sociales,"1,649,375,000,000",2025-4,2025-4,SIGMA,ETA,20 a 35 años,1,1,RHO,X
Agrupación De Vivienda Pamplona I,ETAPA 2,2/13/2026,No,Banco,Banderas y/o señalización,"1,786,000,000,000",2026-2,2026-2,KAPPA,OMEGA,20 a 35 años,1,1,NU,
VILLA MERCEDES EL DORADO,ETAPA 1,2/13/2026,No,Banco,Referido Alcaldía,"1,715,000,000,000",2026-2,2026-2,KAPPA,ETA,36 a 45 años,1,,IOTA,
VERDE ESPERANZA EL DORADO,ETAPA 1,2/26/2026,No,Banco,Banderas y/o señalización,"1,753,000,000,000",2026-2,2026-2,KAPPA,OMEGA,20 a 35 años,1,,TAU,
Agrupación De Vivienda Monguí,ETAPA 2,2/20/2026,No,Colsubsidio,Banderas y/o señalización,"1,575,815,000,000",2026-2,2026-2,KAPPA,OMEGA,20 a 35 años,,,NU,
Agrupación De Vivienda La Macarena,ETAPA 4,2/22/2026,No,Colsubsidio,Banderas y/o señalización,"1,479,515,000,000",2026-2,2026-2,KAPPA,OMEGA,20 a 35 años,1,1,NU,
VILLA MERCEDES EL DORADO,ETAPA 1,2/26/2026,No,Banco,Referido Alcaldía,"1,715,000,000,000",2026-2,2026-2,SIGMA,ETA,46 a 55 años,,,RHO,X
La Arboleda,ETAPA 2,10/31/2024,No,Colsubsidio,Banderas y/o señalización,"1,972,971,000,000",2024-10,2024-10,KAPPA,OMEGA,36 - 45 años,3,2,RHO,X
VILLA MERCEDES EL DORADO,ETAPA 1,2/13/2026,No,Colsubsidio,Referido Alcaldía,"1,715,000,000,000",2026-2,2026-2,SIGMA,OMEGA,36 a 45 años,1,1,GAMMA,
Agrupacion De Vivienda Bosque De Arrayan,ETAPA 3,2/19/2026,No,Banco,Banderas y/o señalización,"2,205,000,000,000",2026-2,2026-2,SIGMA,OMEGA,36 a 45 años,2,1,GAMMA,
VILLA MERCEDES EL DORADO,ETAPA 1,2/20/2026,No,Banco,Referido Alcaldía,"1,715,000,000,000",2026-2,2026-2,KAPPA,OMEGA,20 a 35 años,2,2,TAU,
VILLA MERCEDES EL DORADO,ETAPA 1,2/14/2026,No,Banco,Referido Alcaldía,"1,715,000,000,000",2026-2,2026-2,KAPPA,ETA,20 a 35 años,1,,IOTA,
VILLA MERCEDES EL DORADO,ETAPA 1,2/23/2026,No,Banco,Referido Alcaldía,"1,715,000,000,000",2026-2,2026-2,KAPPA,OMEGA,46 a 55 años,,,TAU,
CONJUNTO RESIDENCIAL VIBO ONCE,ETAPA 1,7/3/2026,No,Banco,Banderas y/o señalización,"2,813,000,000,000",2026-7,2026-6,SIGMA,ETA,46 a 55 años,1,,GAMMA,
VERDE ESPERANZA EL DORADO,ETAPA 1,7/14/2026,No,Banco,Banderas y/o señalización,"1,793,000,000,000",2026-7,2026-6,KAPPA,OMEGA,36 a 45 años,1,1,TAU,
ARAUCARIA,ETAPA 2,7/10/2026,No,Banco,Banderas y/o señalización,"6,088,000,000,000",2026-7,2026-6,NU,TAU,20 a 35 años,,,GAMMA,
Los Nogales,ETAPA 1,1/24/2026,No,Banco,Banderas y/o señalización,"5,795,420,000,000",2026-1,,PI,CHI,,,,XI,
VERDE ESPERANZA EL DORADO,ETAPA 1,9/17/2025,No,Banco,Banderas y/o señalización,"1,618,000,000,000",2025-9,,PI,CHI,,,,XI,
VERDE ESPERANZA EL DORADO,ETAPA 1,12/30/2025,No,Banco,Banderas y/o señalización,"1,793,000,000,000",2025-12,,PI,CHI,,,,XI,
INARI,1,6/15/2025,Si,Colsubsidio,Sin Informacion,"2,506,000,000,000",2025-6,,PI,CHI,,,,XI,
VERDE ESPERANZA EL DORADO,ETAPA 1,1/24/2026,No,Banco,Banderas y/o señalización,"1,793,000,000,000",2026-1,,PI,CHI,,,,XI,
Agrupación De Vivienda La Macarena,ETAPA 3,9/21/2025,No,Banco,Banderas y/o señalización,"1,631,331,000,000",2025-9,,PI,CHI,,,,XI,
Agrupación De Vivienda La Macarena,ETAPA 4,5/11/2026,No,Banco,Banderas y/o señalización,"1,610,815,000,000",2026-5,,PI,CHI,,,,XI,
La Arboleda,ETAPA 2,4/30/2025,No,Banco,Banderas y/o señalización,"1,974,394,500,000",2025-4,,PI,CHI,,,,XI,
VERDE ESPERANZA EL DORADO,ETAPA 1,4/11/2026,No,Banco,Banderas y/o señalización,"1,793,000,000,000",2026-4,,PI,CHI,,,,XI,
VERDE ESPERANZA EL DORADO,ETAPA 1,9/22/2025,No,Banco,Valla ,"1,618,000,000,000",2025-9,,PI,CHI,,,,XI,
Agrupación De Vivienda Monguí,,12/28/2024,Si,Banco,Sin Informacion,"1,970,124,000,000",2024-12,,PI,CHI,,,,XI,
Agrupación De Vivienda Monguí,ETAPA 2,2/7/2026,No,Banco,Banderas y/o señalización,"1,777,169,000,000",2026-2,,PI,CHI,,,,XI,
La Arboleda,ETAPA 3,2/28/2026,No,Colsubsidio,Banderas y/o señalización,"2,412,130,000,000",2026-2,,PI,CHI,,,,XI,
INARI,ETAPA 1,12/17/2024,No,Banco,Banderas y/o señalización,"2,808,000,000,000",2024-12,,PI,CHI,,,,XI,
Agrupacion De Vivienda Fuentevida,ETAPA 2,3/26/2025,No,Contado,Referido Alcaldía,"1,281,150,000,000",2025-3,,PI,CHI,,,,XI,
ARAUCARIA,ETAPA 2,4/24/2026,No,Banco,Banderas y/o señalización,"6,359,000,000,000",2026-4,,PI,CHI,,,,XI,
VERDE ESPERANZA EL DORADO,ETAPA 1,10/30/2025,No,Banco,Banderas y/o señalización,"1,618,000,000,000",2025-10,,PI,CHI,,,,XI,
Agrupación De Vivienda La Macarena,3,6/25/2024,Si,Banco,Sin Informacion,"1,610,815,000,000",2024-6,,PI,CHI,,,,XI,
La Arboleda,ETAPA 3,4/15/2024,No,Banco,Banderas y/o señalización,"2,412,130,000,000",2024-4,,PI,CHI,,,,XI,
VERDE ESPERANZA EL DORADO,ETAPA 1,3/28/2026,No,Banco,Banderas y/o señalización,"1,793,000,000,000",2026-3,,PI,CHI,,,,XI,
Agrupación De Vivienda Monguí,ETAPA 2,7/11/2024,No,Banco,Banderas y/o señalización,"1,917,454,500,000",2024-7,,PI,CHI,,,,XI,
AGRUPACIÓN DE VIVIENDA BOSQUE DE TURPIAL,,6/15/2024,Si,Colsubsidio,Sin Informacion,"2,311,000,000,000",2024-6,,PI,CHI,,,,XI,
La Arboleda,ETAPA 2,4/2/2025,No,Banco,Redes Sociales,"1,783,645,500,000",2025-4,,PI,CHI,,,,XI,
Los Nogales,2,7/12/2025,Si,Colsubsidio,Sin Informacion,"7,597,830,000,000",2025-7,,PI,CHI,,,,XI,
Agrupación De Vivienda Monguí,ETAPA 2,2/28/2026,No,Banco,Banderas y/o señalización,"1,987,259,000,000",2026-2,,PI,CHI,,,,XI,
AGRUPACIÓN DE VIVIENDA BOSQUE DE TURPIAL,ETAPA 1,1/12/2025,No,Colsubsidio,Banderas y/o señalización,"2,311,000,000,000",2025-1,,PI,CHI,,,,XI,
Versalles,ETAPA 2,12/10/2025,No,Banco,Banderas y/o señalización,"2,270,000,000,000",2025-12,,PI,CHI,,,,XI,
Agrupación De Vivienda Pamplona I,ETAPA 5,1/26/2024,No,Banco,Banderas y/o señalización,"2,293,000,000,000",2024-1,,PI,CHI,,,,XI,
Agrupacion De Vivienda Payande,ETAPA 2,3/19/2025,No,Banco,Página web ,"1,793,610,000,000",2025-3,,PI,CHI,,,,XI,
Agrupación De Vivienda La Macarena,ETAPA 3,1/20/2024,No,Banco,Referido,"1,525,992,000,000",2024-1,,PI,CHI,,,,XI,
Proyecto Karakalí,ETAPA 1,11/30/2024,No,Colsubsidio,Redes Sociales,"2,451,267,000,000",2024-11,,PI,CHI,,,,XI,
VERDE ESPERANZA EL DORADO,ETAPA 1,3/14/2026,No,Banco,Banderas y/o señalización,"1,793,000,000,000",2026-3,,PI,CHI,,,,XI,
VERDE ESPERANZA EL DORADO,ETAPA 1,5/17/2026,No,Banco,Banderas y/o señalización,"1,793,000,000,000",2026-5,,PI,CHI,,,,XI,
Agrupación De Vivienda La Macarena,3,7/15/2025,Si,Banco,Sin Informacion,"1,532,024,000,000",2025-7,,PI,CHI,,,,XI,
Agrupación De Vivienda Pamplona I,ETAPA 5,3/7/2026,No,Banco,Banderas y/o señalización,"2,275,000,000,000",2026-3,,PI,CHI,,,,XI,
Los Nogales,ETAPA 1,4/15/2026,No,Contado,Activación,"5,322,700,000,000",2026-4,,PI,CHI,,,,XI,
VERDE ESPERANZA EL DORADO,ETAPA 1,9/26/2025,No,Banco,Valla ,"1,618,000,000,000",2025-9,,PI,CHI,,,,XI,
Agrupación De Vivienda Pamplona I,,5/30/2025,Si,Banco,Sin Informacion,"2,361,000,000,000",2025-5,,PI,CHI,,,,XI,
Agrupación De Vivienda Monguí,ETAPA 3,4/25/2026,No,Banco,Activación,"1,610,815,000,000",2026-4,,PI,CHI,,,,XI,
Agrupación De Vivienda Monguí,ETAPA 2,10/19/2025,No,Banco,Banderas y/o señalización,"2,014,252,500,000",2025-10,,PI,CHI,,,,XI,
Agrupación De Vivienda La Macarena,ETAPA 3,4/22/2024,No,Banco,Banderas y/o señalización,"1,365,000,000,000",2024-4,,PI,CHI,,,,XI,
INARI,ETAPA 1,12/29/2024,No,Banco,Banderas y/o señalización,"2,808,000,000,000",2024-12,,PI,CHI,,,,XI,
ARAUCARIA,ETAPA 1,12/21/2025,No,Banco,Banderas y/o señalización,"5,655,000,000,000",2025-12,,PI,CHI,,,,XI,
VILLA MERCEDES EL DORADO,ETAPA 1,2/27/2026,No,Banco,Referido Alcaldía,"1,715,000,000,000",2026-2,,PI,CHI,,,,XI,
Agrupación De Vivienda La Macarena,3,6/27/2024,Si,Banco,Sin Informacion,"1,567,060,000,000",2024-6,,PI,CHI,,,,XI,
VILLA FIORITA,,6/28/2025,Si,Banco,Sin Informacion,"2,135,250,000,000",2025-6,,PI,CHI,,,,XI,
ARAUCARIA,ETAPA 1,12/27/2025,No,Banco,Activación,"6,103,000,000,000",2025-12,,PI,CHI,,,,XI,
La Arboleda,ETAPA 3,4/15/2026,No,Banco,Banderas y/o señalización,"2,233,450,000,000",2026-4,,PI,CHI,,,,XI,
Agrupación De Vivienda Pamplona I,ETAPA 4,1/31/2025,No,Banco,Banderas y/o señalización,"2,361,000,000,000",2025-1,,PI,CHI,,,,XI,
Agrupación De Vivienda Monguí,ETAPA 2,3/7/2026,No,Banco,Banderas y/o señalización,"1,996,014,000,000",2026-3,,PI,CHI,,,,XI,
VILLA MERCEDES EL DORADO,ETAPA 1,6/16/2026,No,Banco,Referido Alcaldía,"1,715,000,000,000",2026-6,,PI,CHI,,,,XI,
INARI,1,5/29/2025,Si,Colsubsidio,Sin Informacion,"2,916,000,000,000",2025-5,,PI,CHI,,,,XI,
Agrupación De Vivienda La Macarena,ETAPA 3,9/1/2024,No,Banco,Banderas y/o señalización,"1,541,650,500,000",2024-9,,PI,CHI,,,,XI,
Versalles,ETAPA 2,4/26/2026,No,Banco,Activación,"2,305,000,000,000",2026-4,,PI,CHI,,,,XI,
Conjunto Residencial Campo Alegre El Dorado,ETAPA 1,6/22/2026,No,Banco,Referido Alcaldía,"1,417,000,000,000",2026-6,,PI,CHI,,,,XI,
AGRUPACIÓN DE VIVIENDA BOSQUE DE TURPIAL,,2/11/2026,Si,Colsubsidio,Sin Informacion,"2,311,190,000,000",2026-2,,PI,CHI,,,,XI,
VERDE ESPERANZA EL DORADO,ETAPA 1,6/3/2026,No,Banco,Banderas y/o señalización,"1,793,000,000,000",2026-6,,PI,CHI,,,,XI,
INARI,1,6/29/2024,Si,Banco,Sin Informacion,"2,808,000,000,000",2024-6,,PI,CHI,,,,XI,
INARI,ETAPA 1,6/15/2025,No,Colsubsidio,Activación,"2,506,000,000,000",2025-6,,PI,CHI,,,,XI,
Agrupacion De Vivienda Bosque De Arrayan,ETAPA 4,6/20/2026,No,Banco,Banderas y/o señalización,"2,240,000,000,000",2026-6,,PI,CHI,,,,XI,
Agrupacion De Vivienda Bosque De Arrayan,ETAPA 4,1/19/2024,No,Banco,Banderas y/o señalización,"1,770,600,000,000",2024-1,,PI,CHI,,,,XI,
Agrupación De Vivienda Monguí,ETAPA 2,1/13/2026,No,Contado,Banderas y/o señalización,"1,584,569,000,000",2026-1,,PI,CHI,,,,XI,
ARAUCARIA,ETAPA 1,12/21/2025,No,Banco,Banderas y/o señalización,"5,838,000,000,000",2025-12,,PI,CHI,,,,XI,
Proyecto Karakalí,ETAPA 1,2/28/2025,No,Banco,Fincaraíz,"2,451,267,000,000",2025-2,,PI,CHI,,,,XI,
VERDE ESPERANZA EL DORADO,ETAPA 1,1/31/2026,No,Banco,Banderas y/o señalización,"1,793,000,000,000",2026-1,,PI,CHI,,,,XI,
Los Nogales,ETAPA 1,6/27/2024,No,Contado,Banderas y/o señalización,"7,710,550,000,000",2024-6,,PI,CHI,,,,XI,
Los Nogales,1,2/9/2024,Si,Contado,Sin Informacion,"6,806,390,000,000",2024-2,,PI,CHI,,,,XI,
VILLA MERCEDES EL DORADO,ETAPA 1,2/9/2026,No,Banco,Referido Alcaldía,"1,715,000,000,000",2026-2,,PI,CHI,,,,XI,
Agrupación De Vivienda Monguí,ETAPA 1,2/26/2024,No,Banco,Banderas y/o señalización,"1,709,500,000,000",2024-2,,PI,CHI,,,,XI,
La Arboleda,,7/4/2024,Si,Banco,Sin Informacion,"1,972,971,000,000",2024-7,,PI,CHI,,,,XI,
Conjunto Residencial Campo Alegre El Dorado,ETAPA 2,3/28/2025,No,Banco,Valla ,"1,184,494,350,000",2025-3,,PI,CHI,,,,XI,
VILLA FIORITA,ETAPA 2,11/19/2024,No,Banco,Ferias empresariales,"1,950,000,000,000",2024-11,,PI,CHI,,,,XI,
INARI,1,10/23/2024,Si,Banco,Sin Informacion,"2,808,000,000,000",2024-10,,PI,CHI,,,,XI,
VERDE ESPERANZA EL DORADO,ETAPA 1,2/14/2026,No,Banco,Banderas y/o señalización,"1,793,000,000,000",2026-2,,PI,CHI,,,,XI,
Versalles,ETAPA 1,9/30/2024,No,Banco,Redes Sociales,"1,987,000,000,000",2024-9,,PI,CHI,,,,XI,
VERDE ESPERANZA EL DORADO,ETAPA 1,1/24/2026,No,Banco,Banderas y/o señalización,"1,793,000,000,000",2026-1,,PI,CHI,,,,XI,
Agrupación De Vivienda Monguí,ETAPA 2,2/28/2026,No,Banco,Banderas y/o señalización,"1,820,923,000,000",2026-2,,PI,CHI,,,,XI,
Versalles,ETAPA 1,7/3/2024,No,Banco,Referido,"2,171,000,000,000",2024-7,,PI,CHI,,,,XI,
Los Nogales,ETAPA 1,7/28/2025,No,Banco,Whatsapp,"5,930,180,000,000",2025-7,,PI,CHI,,,,XI,
Agrupacion De Vivienda Reserva De Guayacan,ETAPA 1,4/19/2025,No,Banco,Valla ,"2,360,000,000,000",2025-4,,PI,CHI,,,,XI,
Los Nogales,1,4/30/2024,Si,Banco,Sin Informacion,"5,766,840,000,000",2024-4,,PI,CHI,,,,XI,
Agrupacion De Vivienda Fuentevida,ETAPA 2,10/23/2025,No,Banco,Banderas y/o señalización,"1,281,150,000,000",2025-10,,PI,CHI,,,,XI,
Agrupacion De Vivienda Reserva De Guayacan,ETAPA 1,9/9/2025,No,Banco,Página web ,"2,360,000,000,000",2025-9,,PI,CHI,,,,XI,
ARAUCARIA,ETAPA 1,3/29/2026,No,Banco,Banderas y/o señalización,"7,148,000,000,000",2026-3,,PI,CHI,,,,XI,
INARI,1,1/27/2025,Si,Banco,Sin Informacion,"2,808,000,000,000",2025-1,,PI,CHI,,,,XI,
Los Nogales,2,2/11/2024,Si,Banco,Sin Informacion,"7,583,300,000,000",2024-2,,PI,CHI,,,,XI,
VILLA MERCEDES EL DORADO,ETAPA 1,2/27/2026,No,Banco,Referido Alcaldía,"1,715,000,000,000",2026-2,,PI,CHI,,,,XI,
Agrupación De Vivienda La Macarena,ETAPA 4,3/15/2026,No,Banco,Banderas y/o señalización,"1,602,060,000,000",2026-3,,PI,CHI,,,,XI,
Agrupación De Vivienda Pamplona I,ETAPA 5,10/3/2025,No,Banco,Banderas y/o señalización,"2,306,000,000,000",2025-10,,PI,CHI,,,,XI,
Agrupacion De Vivienda Fuentevida,ETAPA 2,11/22/2024,No,Banco,Referido Alcaldía,"1,170,000,000,000",2024-11,,PI,CHI,,,,XI,
Los Nogales,ETAPA 1,2/11/2024,No,Banco,Redes Sociales,"5,254,290,000,000",2024-2,,PI,CHI,,,,XI,
Agrupacion De Vivienda Fuentevida,ETAPA 1,1/29/2024,No,Banco,Referido Alcaldía,"1,170,000,000,000",2024-1,,PI,CHI,,,,XI,
VERDE ESPERANZA EL DORADO,ETAPA 1,10/30/2025,No,Banco,Banderas y/o señalización,"1,618,000,000,000",2025-10,,PI,CHI,,,,XI,
Los Nogales,1,2/10/2024,Si,Contado,Sin Informacion,"5,660,024,840,000",2024-2,,PI,CHI,,,,XI,
INARI,ETAPA 1,6/27/2024,No,Banco,Banderas y/o señalización,"2,808,000,000,000",2024-6,,PI,CHI,,,,XI,
INARI,1,7/20/2024,Si,Banco,Sin Informacion,"2,217,000,000,000",2024-7,,PI,CHI,,,,XI,
Agrupación De Vivienda Pamplona I,ETAPA 5,7/31/2024,No,Banco,Banderas y/o señalización,"2,293,000,000,000",2024-7,,PI,CHI,,,,XI,
INARI,ETAPA 1,6/7/2024,No,Banco,Página web ,"2,808,000,000,000",2024-6,,PI,CHI,,,,XI,
Los Nogales,ETAPA 2,3/14/2024,No,Banco,Valla ,"5,453,505,100,000",2024-3,,PI,CHI,,,,XI,
La Arboleda,ETAPA 1,9/28/2024,No,Banco,Activación,"1,664,071,500,000",2024-9,,PI,CHI,,,,XI,
AGRUPACIÓN DE VIVIENDA SAMÁN ,ETAPA 1,2/23/2025,No,Banco,Redes Sociales,"2,550,000,000,000",2025-2,,PI,CHI,,,,XI,
Agrupacion De Vivienda Bosque De Arrayan,ETAPA 1,3/22/2025,No,Banco,Banderas y/o señalización,"2,081,157,000,000",2025-3,,PI,CHI,,,,XI,
Los Nogales,ETAPA 2,2/17/2025,No,Banco,Activación,"5,710,428,900,000",2025-2,,PI,CHI,,,,XI,
VERDE ESPERANZA EL DORADO,ETAPA 1,10/31/2025,No,Banco,Banderas y/o señalización,"1,618,000,000,000",2025-10,,PI,CHI,,,,XI,
Agrupacion De Vivienda Fuentevida,ETAPA 2,3/26/2025,No,Banco,Referido Alcaldía,"1,281,150,000,000",2025-3,,PI,CHI,,,,XI,
VERDE ESPERANZA EL DORADO,ETAPA 1,9/22/2025,No,Banco,Valla ,"1,578,000,000,000",2025-9,,PI,CHI,,,,XI,
Agrupación De Vivienda La Macarena,ETAPA 3,9/19/2024,No,Banco,Redes Sociales,"1,493,700,000,000",2024-9,,PI,CHI,,,,XI,
Agrupacion De Vivienda Reserva De Guayacan,ETAPA 1,4/26/2026,No,Banco,Ferias empresariales,"2,395,000,000,000",2026-4,,PI,CHI,,,,XI,
Agrupación De Vivienda La Macarena,3,2/12/2024,Si,Banco,Sin Informacion,"1,397,877,000,000",2024-2,,PI,CHI,,,,XI,
VERDE ESPERANZA EL DORADO,ETAPA 1,11/1/2025,No,Banco,Banderas y/o señalización,"1,618,000,000,000",2025-11,,PI,CHI,,,,XI,
Agrupación De Vivienda Pamplona I,ETAPA 4,12/9/2024,No,Banco,Banderas y/o señalización,"2,361,000,000,000",2024-12,,PI,CHI,,,,XI,
AGRUPACIÓN DE VIVIENDA BOSQUE DE TURPIAL,ETAPA 1,5/26/2024,No,Colsubsidio,Banderas y/o señalización,"2,311,000,000,000",2024-5,,PI,CHI,,,,XI,
Los Nogales,ETAPA 2,1/10/2025,No,Contado,Valla ,"7,680,430,000,000",2025-1,,PI,CHI,,,,XI,
INARI,ETAPA 1,7/15/2026,No,Colsubsidio,Activación,"2,506,000,000,000",2026-7,,PI,CHI,,,,XI,
VERDE ESPERANZA EL DORADO,ETAPA 1,4/7/2026,No,Banco,Banderas y/o señalización,"1,793,000,000,000",2026-4,,PI,CHI,,,,XI,
Agrupación De Vivienda La Macarena,ETAPA 3,3/20/2024,No,Banco,Referido,"1,489,800,000,000",2024-3,,PI,CHI,,,,XI,
Agrupacion De Vivienda Reserva De Guayacan,ETAPA 1,9/11/2025,No,Banco,Redes Sociales,"2,360,000,000,000",2025-9,,PI,CHI,,,,XI,
INARI,1,10/25/2024,Si,Banco,Sin Informacion,"2,808,000,000,000",2024-10,,PI,CHI,,,,XI,
La Arboleda,ETAPA 1,3/23/2024,No,Banco,Banderas y/o señalización,"1,781,000,000,000",2024-3,,PI,CHI,,,,XI,
INARI,ETAPA 1,8/9/2025,No,Colsubsidio,Banderas y/o señalización,"2,506,000,000,000",2025-8,,PI,CHI,,,,XI,
La Arboleda,ETAPA 4,7/5/2026,No,Banco,Banderas y/o señalización,"1,976,071,000,000",2026-7,,PI,CHI,,,,XI,
VERDE ESPERANZA EL DORADO,ETAPA 1,11/18/2025,No,Banco,Banderas y/o señalización,"1,793,000,000,000",2025-11,,PI,CHI,,,,XI,
CONJUNTO RESIDENCIAL VIBO ONCE,ETAPA 1,12/6/2025,No,Banco,Banderas y/o señalización,"2,813,000,000,000",2025-12,,PI,CHI,,,,XI,
AGRUPACIÓN DE VIVIENDA SAMÁN ,ETAPA 1,6/13/2025,No,Banco,Ferias empresariales,"2,550,000,000,000",2025-6,,PI,CHI,,,,XI,
INARI,1,1/25/2025,Si,Banco,Sin Informacion,"2,808,000,000,000",2025-1,,PI,CHI,,,,XI,
VERDE ESPERANZA EL DORADO,ETAPA 1,6/24/2026,No,Banco,Banderas y/o señalización,"1,793,000,000,000",2026-6,,PI,CHI,,,,XI,
La Arboleda,ETAPA 4,6/22/2026,No,Banco,Banderas y/o señalización,"1,976,071,000,000",2026-6,,PI,CHI,,,,XI,
AGRUPACIÓN DE VIVIENDA BOSQUE DE TURPIAL,,6/27/2024,Si,Colsubsidio,Sin Informacion,"2,263,000,000,000",2024-6,,PI,CHI,,,,XI,
ARAUCARIA,ETAPA 1,1/8/2026,No,Banco,Banderas y/o señalización,"6,284,000,000,000",2026-1,,PI,CHI,,,,XI,
VILLA FIORITA,ETAPA 2,6/18/2025,No,Banco,Activación,"2,135,250,000,000",2025-6,,PI,CHI,,,,XI,
La Arboleda,ETAPA 4,6/12/2026,No,Banco,Banderas y/o señalización,"1,976,071,000,000",2026-6,,PI,CHI,,,,XI,
Agrupación De Vivienda La Macarena,ETAPA 3,3/27/2024,No,Banco,Referido,"1,534,533,000,000",2024-3,,PI,CHI,,,,XI,
AGRUPACIÓN DE VIVIENDA BOSQUE DE TURPIAL,,6/30/2025,Si,Banco,Sin Informacion,"2,553,000,000,000",2025-6,,PI,CHI,,,,XI,
Agrupacion De Vivienda Fuentevida,ETAPA 2,10/24/2025,No,Banco,Banderas y/o señalización,"1,281,150,000,000",2025-10,,PI,CHI,,,,XI,
Los Nogales,ETAPA 1,2/10/2024,No,Banco,Valla ,"7,087,748,040,000",2024-2,,PI,CHI,,,,XI,
VERDE ESPERANZA EL DORADO,ETAPA 1,2/24/2026,No,Banco,Banderas y/o señalización,"1,793,000,000,000",2026-2,,PI,CHI,,,,XI,
INARI,ETAPA 1,7/17/2024,No,Banco,Contact Center,"2,808,000,000,000",2024-7,,PI,CHI,,,,XI,
La Arboleda,ETAPA 4,4/26/2026,No,Colsubsidio,Banderas y/o señalización,"1,976,071,000,000",2026-4,,PI,CHI,,,,XI,
Agrupacion De Vivienda Payande,,11/23/2025,Si,Contado,Sin Informacion,"1,910,240,000,000",2025-11,,PI,CHI,,,,XI,
INARI,1,6/30/2024,Si,Banco,Sin Informacion,"2,217,000,000,000",2024-6,,PI,CHI,,,,XI,
Los Nogales,ETAPA 1,2/10/2024,No,Banco,Ferias empresariales,"5,428,450,000,000",2024-2,,PI,CHI,,,,XI,
La Arboleda,3,8/10/2024,Si,Banco,Sin Informacion,"2,146,000,000,000",2024-8,,PI,CHI,,,,XI,
VERDE ESPERANZA EL DORADO,ETAPA 1,9/29/2025,No,Banco,Valla ,"1,618,000,000,000",2025-9,,PI,CHI,,,,XI,
VILLA MERCEDES EL DORADO,ETAPA 1,2/11/2026,No,Banco,Referido Alcaldía,"1,715,000,000,000",2026-2,,PI,CHI,,,,XI,
Agrupacion De Vivienda Payande,,8/6/2024,Si,Banco,Sin Informacion,"1,664,071,500,000",2024-8,,PI,CHI,,,,XI,
ARAUCARIA,ETAPA 1,2/7/2026,No,Banco,Banderas y/o señalización,"6,203,000,000,000",2026-2,,PI,CHI,,,,XI,
Agrupación De Vivienda Monguí,ETAPA 2,2/7/2026,No,Banco,Banderas y/o señalización,"1,567,060,000,000",2026-2,,PI,CHI,,,,XI,
VERDE ESPERANZA EL DORADO,ETAPA 1,5/26/2026,No,Colsubsidio,Banderas y/o señalización,"1,793,000,000,000",2026-5,,PI,CHI,,,,XI,
INARI,ETAPA 1,9/24/2024,No,Banco,Banderas y/o señalización,"2,916,000,000,000",2024-9,,PI,CHI,,,,XI,
Agrupación De Vivienda La Macarena,ETAPA 4,6/15/2026,No,Banco,Banderas y/o señalización,"1,610,815,000,000",2026-6,,PI,CHI,,,,XI,
INARI,ETAPA 1,6/26/2024,No,Banco,Ferias empresariales,"2,808,000,000,000",2024-6,,PI,CHI,,,,XI,
Versalles,ETAPA 1,11/20/2024,No,Banco,Redes Sociales,"1,987,000,000,000",2024-11,,PI,CHI,,,,XI,
VILLA MERCEDES EL DORADO,ETAPA 1,2/24/2026,No,Banco,Referido Alcaldía,"1,715,000,000,000",2026-2,,PI,CHI,,,,XI,
La Arboleda,ETAPA 2,9/30/2025,No,Banco,Whatsapp,"1,676,883,000,000",2025-9,,PI,CHI,,,,XI,
Los Nogales,2,9/5/2025,Si,Banco,Sin Informacion,"7,679,010,000,000",2025-9,,PI,CHI,,,,XI,
Conjunto Residencial Campo Alegre El Dorado,,6/21/2024,Si,Colsubsidio,Sin Informacion,"1,118,728,650,000",2024-6,,PI,CHI,,,,XI,
MIRADOR DEL VIRREY II,UNICA,5/20/2025,No,Banco,Banderas ,"1,700,000,000,000",2025-5,,PI,CHI,,,,XI,
Agrupación De Vivienda La Macarena,ETAPA 3,3/20/2024,No,Banco,Google,"1,354,600,000,000",2024-3,,PI,CHI,,,,XI,
Agrupación De Vivienda La Macarena,ETAPA 3,8/10/2024,No,Banco,CS Calle 26,"1,498,900,000,000",2024-8,,PI,CHI,,,,XI,
VERDE ESPERANZA EL DORADO,ETAPA 1,6/11/2026,No,Colsubsidio,Banderas y/o señalización,"1,793,000,000,000",2026-6,,PI,CHI,,,,XI,
Agrupacion De Vivienda Reserva De Guayacan,ETAPA 1,5/29/2026,No,Banco,Contact Center,"2,395,000,000,000",2026-5,,PI,CHI,,,,XI,
INARI,ETAPA 1,6/18/2025,No,Colsubsidio,Banderas y/o señalización,"2,549,000,000,000",2025-6,,PI,CHI,,,,XI,
Agrupacion De Vivienda Fuentevida,ETAPA 2,3/7/2024,No,Banco,Referido Alcaldía,"1,044,000,000,000",2024-3,,PI,CHI,,,,XI,
Agrupación De Vivienda Monguí,ETAPA 1,3/16/2024,No,Banco,Banderas y/o señalización,"1,793,610,000,000",2024-3,,PI,CHI,,,,XI,
Los Nogales,ETAPA 1,2/11/2024,No,Banco,Banderas y/o señalización,"5,597,140,000,000",2024-2,,PI,CHI,,,,XI,
VILLA MERCEDES EL DORADO,ETAPA 1,2/18/2026,No,Banco,Referido Alcaldía,"1,715,000,000,000",2026-2,,PI,CHI,,,,XI,
Agrupación De Vivienda La Macarena,ETAPA 4,5/25/2026,No,Banco,Banderas y/o señalización,"1,532,024,000,000",2026-5,,PI,CHI,,,,XI,
AGRUPACIÓN DE VIVIENDA BOSQUE DE TURPIAL,ETAPA 1,6/20/2024,No,Colsubsidio,Whatsapp,"2,311,000,000,000",2024-6,,PI,CHI,,,,XI,
AGRUPACIÓN DE VIVIENDA BOSQUE DE TURPIAL,,3/26/2024,Si,Banco,Sin Informacion,"2,263,000,000,000",2024-3,,PI,CHI,,,,XI,
Los Nogales,1,2/11/2024,Si,Colsubsidio,Sin Informacion,"5,745,208,200,000",2024-2,,PI,CHI,,,,XI,
INARI,1,7/3/2025,Si,Colsubsidio,Sin Informacion,"2,506,000,000,000",2025-7,,PI,CHI,,,,XI,
VERDE ESPERANZA EL DORADO,ETAPA 1,9/24/2025,No,Banco,Banderas y/o señalización,"1,618,000,000,000",2025-9,,PI,CHI,,,,XI,
Agrupación De Vivienda Pamplona I,ETAPA 4,4/9/2025,No,Banco,Banderas y/o señalización,"2,361,000,000,000",2025-4,,PI,CHI,,,,XI,
Los Nogales,1,2/9/2024,Si,Colsubsidio,Sin Informacion,"5,502,480,000,000",2024-2,,PI,CHI,,,,XI,
Versalles,ETAPA 1,3/16/2025,No,Banco,Banderas y/o señalización,"1,987,000,000,000",2025-3,,PI,CHI,,,,XI,
Conjunto Residencial Campo Alegre El Dorado,ETAPA 2,6/24/2024,No,Colsubsidio,Referido Alcaldía,"1,081,730,000,000",2024-6,,PI,CHI,,,,XI,
INARI,ETAPA 1,8/31/2024,No,Banco,Banderas y/o señalización,"2,808,000,000,000",2024-8,,PI,CHI,,,,XI,
VERDE ESPERANZA EL DORADO,ETAPA 1,3/16/2026,No,Banco,Banderas y/o señalización,"1,793,000,000,000",2026-3,,PI,CHI,,,,XI,
Los Nogales,ETAPA 1,2/25/2026,No,Banco,Whatsapp,"5,347,810,000,000",2026-2,,PI,CHI,,,,XI,
Los Nogales,ETAPA 1,2/10/2024,No,Banco,Ferias empresariales,"5,254,530,000,000",2024-2,,PI,CHI,,,,XI,
Agrupacion De Vivienda Payande,,2/7/2025,Si,Banco,Sin Informacion,"1,945,240,000,000",2025-2,,PI,CHI,,,,XI,
ARAUCARIA,ETAPA 1,12/20/2025,No,Banco,CS Unicentro de Occidente,"6,101,000,000,000",2025-12,,PI,CHI,,,,XI,
Agrupación De Vivienda Monguí,ETAPA 2,10/15/2025,No,Banco,Ferias empresariales,"1,876,173,000,000",2025-10,,PI,CHI,,,,XI,
VERDE ESPERANZA EL DORADO,ETAPA 1,11/8/2025,No,Banco,Banderas y/o señalización,"1,618,000,000,000",2025-11,,PI,CHI,,,,XI,
Agrupación De Vivienda Monguí,ETAPA 1,3/26/2024,No,Banco,Banderas y/o señalización,"1,599,000,000,000",2024-3,,PI,CHI,,,,XI,
VERDE ESPERANZA EL DORADO,ETAPA 1,11/30/2025,No,Banco,Banderas y/o señalización,"1,618,000,000,000",2025-11,,PI,CHI,,,,XI,
Agrupación De Vivienda La Macarena,ETAPA 3,6/15/2025,No,Banco,Referido,"1,618,519,500,000",2025-6,,PI,CHI,,,,XI,
Versalles,,9/24/2024,Si,Contado,Sin Informacion,"2,110,000,000,000",2024-9,,PI,CHI,,,,XI,
Agrupación De Vivienda La Macarena,ETAPA 3,4/24/2024,No,Banco,Referido,"1,365,000,000,000",2024-4,,PI,CHI,,,,XI,
ARAUCARIA,ETAPA 1,12/20/2025,No,Banco,,"6,193,000,000,000",2025-12,,PI,CHI,,,,XI,
INARI,ETAPA 1,1/18/2026,No,Colsubsidio,Banderas y/o señalización,"2,506,000,000,000",2026-1,,PI,CHI,,,,XI,
VERDE ESPERANZA EL DORADO,ETAPA 1,5/21/2026,No,Colsubsidio,Banderas y/o señalización,"1,793,000,000,000",2026-5,,PI,CHI,,,,XI,
INARI,1,6/24/2024,Si,Banco,Sin Informacion,"2,916,000,000,000",2024-6,,PI,CHI,,,,XI,
Agrupación De Vivienda Pamplona I,ETAPA 4,8/16/2025,No,Banco,Banderas y/o señalización,"2,361,000,000,000",2025-8,,PI,CHI,,,,XI,
ARAUCARIA,ETAPA 1,12/21/2025,No,Banco,Banderas y/o señalización,"6,225,000,000,000",2025-12,,PI,CHI,,,,XI,
Agrupación De Vivienda Monguí,ETAPA 3,4/26/2026,No,Banco,Activación,"1,812,169,000,000",2026-4,,PI,CHI,,,,XI,
INARI,ETAPA 1,2/5/2025,No,Banco,Referido,"2,808,000,000,000",2025-2,,PI,CHI,,,,XI,
Agrupación De Vivienda La Macarena,ETAPA 3,4/6/2024,No,Banco,Banderas y/o señalización,"1,358,500,000,000",2024-4,,PI,CHI,,,,XI,
ARAUCARIA,ETAPA 1,12/25/2025,No,Banco,Banderas y/o señalización,"6,315,000,000,000",2025-12,,PI,CHI,,,,XI,
La Arboleda,ETAPA 2,10/9/2025,No,Banco,Whatsapp,"1,970,124,000,000",2025-10,,PI,CHI,,,,XI,
Agrupación De Vivienda Pamplona I,ETAPA 3,7/15/2025,No,Banco,Banderas y/o señalización,"2,217,000,000,000",2025-7,,PI,CHI,,,,XI,
Agrupacion De Vivienda Bosque De Arrayan,ETAPA 2,12/6/2025,No,Banco,Banderas y/o señalización,"2,091,121,500,000",2025-12,,PI,CHI,,,,XI,
ABETO,ETAPA 2,5/14/2026,No,Banco,Banderas y/o señalización,"3,464,000,000,000",2026-5,,PI,CHI,,,,XI,
VERDE ESPERANZA EL DORADO,ETAPA 1,4/8/2026,No,Banco,Banderas y/o señalización,"1,793,000,000,000",2026-4,,PI,CHI,,,,XI,
Agrupación De Vivienda La Macarena,,7/19/2024,Si,Banco,Sin Informacion,"1,527,415,500,000",2024-7,,PI,CHI,,,,XI,
INARI,1,8/31/2024,Si,Banco,Sin Informacion,"2,808,000,000,000",2024-8,,PI,CHI,,,,XI,
Agrupación De Vivienda Monguí,ETAPA 2,2/15/2026,No,Colsubsidio,Banderas y/o señalización,"1,785,923,000,000",2026-2,2026-2,KAPPA,OMEGA,20 a 35 años,1,1,TAU,
VILLA MERCEDES EL DORADO,ETAPA 1,2/13/2026,No,Banco,Referido Alcaldía,"1,715,000,000,000",2026-2,2026-2,KAPPA,OMEGA,46 a 55 años,2,1,TAU,
Agrupación De Vivienda Monguí,,8/16/2024,Si,Banco,Sin Informacion,"1,987,206,000,000",2024-8,2024-8,KAPPA,OMEGA,20 - 35 años,3,1,ZETA,
Agrupacion De Vivienda Payande,ETAPA 1,11/5/2025,No,Banco,Whatsapp,"2,052,060,000,000",2025-11,2025-11,KAPPA,OMEGA,Mayor de 55 años,1,,ETA,
Agrupación De Vivienda Pamplona I,ETAPA 2,6/19/2024,No,Colsubsidio,Ferias empresariales,"1,950,195,000,000",2024-6,2024-6,NU,OMEGA,20 - 35 años,,,ALPHA,
Agrupación De Vivienda La Macarena,ETAPA 3,6/15/2025,No,Colsubsidio,Activación,"1,480,440,000,000",2025-6,2025-6,NU,OMEGA,20 a 35 años,,,RHO,X
La Arboleda,ETAPA 3,5/29/2026,No,Banco,Banderas y/o señalización,"2,233,450,000,000",2026-5,2026-5,NU,OMEGA,20 a 35 años,,,GAMMA,X
Agrupación De Vivienda La Macarena,ETAPA 3,6/18/2024,No,Banco,Banderas y/o señalización,"1,525,992,000,000",2024-6,2024-6,KAPPA,OMEGA,20 - 35 años,2,2,NU,
Agrupacion De Vivienda Bosque De Arrayan,ETAPA 3,6/22/2025,No,Banco,Banderas y/o señalización,"2,062,651,500,000",2025-6,2025-6,NU,TAU,20 a 35 años,,,RHO,
Agrupacion De Vivienda Payande,ETAPA 3,6/14/2025,No,Colsubsidio,Ferias empresariales,"1,679,375,000,000",2025-6,2025-6,NU,ETA,20 a 35 años,,,GAMMA,X
Agrupación De Vivienda Monguí,,6/30/2024,Si,Banco,Sin Informacion,"1,914,607,500,000",2024-6,2024-6,KAPPA,OMEGA,20 - 35 años,2,2,TAU,
VERDE ESPERANZA EL DORADO,ETAPA 1,5/12/2026,No,Colsubsidio,Banderas y/o señalización,"1,753,000,000,000",2026-5,2026-5,KAPPA,OMEGA,20 a 35 años,1,1,TAU,
AGRUPACIÓN DE VIVIENDA SAMÁN ,ETAPA 1,6/18/2025,No,Colsubsidio,Referido,"2,550,000,000,000",2025-6,2025-6,KAPPA,OMEGA,20 a 35 años,,,TAU,
VILLA FIORITA,ETAPA 1,6/14/2024,No,Colsubsidio,Ferias empresariales,"1,950,000,000,000",2024-6,2024-6,SIGMA,OMEGA,36 - 45 años,1,1,ALPHA,
Agrupación De Vivienda La Macarena,3,6/15/2025,Si,Banco,Sin Informacion,"1,584,569,000,000",2025-6,2025-6,KAPPA,OMEGA,36 a 45 años,3,2,RHO,X
Agrupación De Vivienda La Macarena,ETAPA 1,6/8/2024,No,Banco,Referido,"1,331,200,000,000",2024-6,2024-6,KAPPA,OMEGA,36 - 45 años,,,NU,
Agrupación De Vivienda La Macarena,3,6/15/2025,Si,Banco,Sin Informacion,"1,584,569,000,000",2025-6,2025-6,KAPPA,OMEGA,36 a 45 años,1,1,NU,
VILLA FIORITA,ETAPA 3,6/14/2025,No,Banco,Activación,"2,135,250,000,000",2025-6,2025-6,NU,OMEGA,20 a 35 años,,,NU,
AGRUPACIÓN DE VIVIENDA SAMÁN ,ETAPA 1,6/15/2025,No,Banco,Ferias empresariales,"2,550,000,000,000",2025-6,2025-6,KAPPA,OMEGA,46 a 55 años,3,,TAU,
AGRUPACIÓN DE VIVIENDA BOSQUE DE TURPIAL,,6/27/2024,Si,Colsubsidio,Sin Informacion,"2,311,000,000,000",2024-6,2024-6,KAPPA,OMEGA,20 - 35 años,,,TAU,
Agrupación De Vivienda Monguí,ETAPA 1,5/16/2026,No,Colsubsidio,Activación,"1,952,259,000,000",2026-5,2026-5,SIGMA,OMEGA,20 a 35 años,1,1,TAU,
VILLA FIORITA,ETAPA 1,6/15/2024,No,Colsubsidio,Ferias empresariales,"1,950,000,000,000",2024-6,2024-6,KAPPA,OMEGA,46 - 55 años,1,,TAU,
VILLA MERCEDES EL DORADO,ETAPA 1,2/19/2026,No,Colsubsidio,Referido Alcaldía,"1,715,000,000,000",2026-2,2026-2,KAPPA,OMEGA,20 a 35 años,1,1,TAU,
VILLA MERCEDES EL DORADO,ETAPA 1,2/17/2026,No,Colsubsidio,Referido Alcaldía,"1,715,000,000,000",2026-2,2026-2,KAPPA,OMEGA,Mayor de 55 años,1,,TAU,
VILLA MERCEDES EL DORADO,ETAPA 1,2/24/2026,No,Banco,Referido Alcaldía,"1,715,000,000,000",2026-2,2026-2,KAPPA,ETA,20 a 35 años,1,,IOTA,
Agrupación De Vivienda Pamplona I,ETAPA 2,2/28/2026,No,Colsubsidio,Banderas y/o señalización,"1,570,000,000,000",2026-2,2026-2,KAPPA,OMEGA,20 a 35 años,2,1,TAU,
VILLA MERCEDES EL DORADO,ETAPA 1,2/28/2026,No,Colsubsidio,Referido Alcaldía,"1,715,000,000,000",2026-2,2026-2,KAPPA,OMEGA,20 a 35 años,2,2,TAU,
Agrupación De Vivienda Monguí,ETAPA 1,2/3/2024,No,Banco,Banderas y/o señalización,"1,604,284,500,000",2024-2,2024-2,SIGMA,OMEGA,20 - 35 años,2,1,ALPHA,
Agrupación De Vivienda La Macarena,3,2/15/2024,Si,Banco,Sin Informacion,"1,610,815,000,000",2024-2,2024-2,KAPPA,OMEGA,20 - 35 años,2,2,ALPHA,
Agrupación De Vivienda La Macarena,ETAPA 1,2/7/2024,No,Colsubsidio,Banderas y/o señalización,"1,292,200,000,000",2024-2,2024-2,KAPPA,OMEGA,20 - 35 años,1,1,NU,
Agrupación De Vivienda La Macarena,,2/27/2024,Si,Colsubsidio,Sin Informacion,"1,488,500,000,000",2024-2,2024-2,NU,OMEGA,20 - 35 años,,,TAU,
Agrupacion De Vivienda Bosque De Arrayan,ETAPA 2,5/20/2024,No,Banco,Contact Center,"1,935,700,000,000",2024-5,2024-5,KAPPA,OMEGA,20 - 35 años,2,2,RHO,X
Agrupación De Vivienda La Macarena,ETAPA 3,2/20/2024,No,Banco,Banderas y/o señalización,"1,513,180,500,000",2024-2,2024-2,KAPPA,OMEGA,20 - 35 años,1,1,RHO,X
VILLA FIORITA,,5/26/2024,Si,Banco,Sin Informacion,"2,135,250,000,000",2024-5,2024-5,NU,OMEGA,20 - 35 años,,,GAMMA,
Los Nogales,ETAPA 1,2/10/2024,No,Banco,Activación,"6,757,550,000,000",2024-2,2024-2,KAPPA,OMEGA,20 - 35 años,4,2,TAU,
INARI,1,2/16/2024,Si,Colsubsidio,Sin Informacion,"2,916,000,000,000",2024-2,2024-2,KAPPA,OMEGA,36 - 45 años,,,TAU,
Agrupación De Vivienda Monguí,ETAPA 2,3/14/2026,No,Colsubsidio,Banderas y/o señalización,"1,961,014,000,000",2026-3,2026-3,NU,OMEGA,20 a 35 años,,,GAMMA,
Agrupación De Vivienda Monguí,ETAPA 1,3/29/2026,No,Colsubsidio,Banderas y/o señalización,"1,567,060,000,000",2026-3,2026-3,KAPPA,OMEGA,36 a 45 años,2,1,GAMMA,
Agrupación De Vivienda Monguí,ETAPA 2,3/14/2026,No,Banco,Activación,"1,794,678,000,000",2026-3,2026-3,NU,OMEGA,20 a 35 años,,,GAMMA,
VERDE ESPERANZA EL DORADO,ETAPA 1,3/12/2026,No,Banco,Banderas y/o señalización,"1,753,000,000,000",2026-3,2026-3,KAPPA,OMEGA,20 a 35 años,,,GAMMA,
Agrupación De Vivienda La Macarena,ETAPA 4,6/28/2026,No,Banco,Banderas y/o señalización,"1,567,060,000,000",2026-6,2026-6,KAPPA,OMEGA,20 a 35 años,1,1,NU,
Agrupación De Vivienda Pamplona I,ETAPA 1,6/29/2026,No,Banco,Banderas y/o señalización,"2,180,000,000,000",2026-6,2026-6,SIGMA,ETA,36 a 45 años,,,IOTA,
Agrupación De Vivienda Pamplona I,ETAPA 1,3/15/2026,No,Banco,Banderas y/o señalización,"2,100,000,000,000",2026-3,2026-3,NU,OMEGA,36 a 45 años,,,GAMMA,
Agrupación De Vivienda Monguí,ETAPA 2,6/11/2026,No,Banco,Banderas y/o señalización,"1,952,259,000,000",2026-6,2026-6,KAPPA,OMEGA,20 a 35 años,2,2,TAU,
Agrupación De Vivienda Pamplona I,ETAPA 3,3/15/2026,No,Banco,Banderas y/o señalización,"2,100,000,000,000",2026-3,2026-3,KAPPA,OMEGA,36 a 45 años,1,1,TAU,
La Arboleda,ETAPA 3,12/20/2025,No,Colsubsidio,Banderas y/o señalización,"2,233,450,000,000",2025-12,2025-12,NU,OMEGA,20 a 35 años,,,NU,
ARAUCARIA,ETAPA 1,12/20/2025,No,Banco,Banderas y/o señalización,"6,073,000,000,000",2025-12,2025-12,NU,TAU,36 a 45 años,,,GAMMA,
ARAUCARIA,ETAPA 1,12/21/2025,No,Banco,Activación,"6,096,000,000,000",2025-12,2025-12,SIGMA,TAU,46 a 55 años,1,,RHO,
Agrupación De Vivienda Monguí,ETAPA 2,3/21/2024,No,Colsubsidio,Banderas y/o señalización,"1,776,528,000,000",2024-3,2024-3,SIGMA,OMEGA,36 - 45 años,5,3,GAMMA,
La Arboleda,ETAPA 1,3/16/2024,No,Banco,Banderas y/o señalización,"1,631,331,000,000",2024-3,2024-3,NU,OMEGA,20 - 35 años,,,GAMMA,
Agrupación De Vivienda La Macarena,ETAPA 1,3/9/2024,No,Colsubsidio,Banderas y/o señalización,"1,290,900,000,000",2024-3,2024-3,KAPPA,OMEGA,46 - 55 años,2,,NU,
Agrupacion De Vivienda Bosque De Arrayan,ETAPA 4,3/23/2024,No,Colsubsidio,Banderas y/o señalización,"1,935,700,000,000",2024-3,2024-3,SIGMA,OMEGA,36 - 45 años,3,,TAU,
Agrupación De Vivienda La Macarena,ETAPA 3,4/18/2026,No,Banco,Banderas y/o señalización,"1,488,269,000,000",2026-4,2026-4,NU,OMEGA,20 a 35 años,,,RHO,X
AGRUPACIÓN DE VIVIENDA BOSQUE DE TURPIAL,ETAPA 1,4/30/2026,No,Banco,Activación,"2,346,000,000,000",2026-4,2026-4,KAPPA,OMEGA,20 a 35 años,,,NU,
Agrupación De Vivienda Pamplona I,ETAPA 1,4/26/2026,No,Colsubsidio,Banderas y/o señalización,"2,100,000,000,000",2026-4,2026-4,KAPPA,OMEGA,36 a 45 años,2,2,GAMMA,
Agrupación De Vivienda Monguí,ETAPA 2,4/26/2026,No,Colsubsidio,Activación,"1,785,923,000,000",2026-4,2026-4,SIGMA,OMEGA,36 a 45 años,2,2,NU,
Agrupación De Vivienda Monguí,ETAPA 3,4/26/2026,No,Colsubsidio,Activación,"1,785,923,000,000",2026-4,2026-4,SIGMA,OMEGA,46 a 55 años,,,TAU,
Agrupación De Vivienda Pamplona I,ETAPA 3,8/23/2025,No,Colsubsidio,Banderas y/o señalización,"2,293,000,000,000",2025-8,2025-8,SIGMA,ETA,36 a 45 años,,,TAU,
Proyecto Karakalí,ETAPA 1,8/23/2025,No,Banco,Activación,"2,451,267,000,000",2025-8,2025-8,NU,OMEGA,20 a 35 años,,,TAU,
Agrupación De Vivienda La Macarena,ETAPA 4,4/26/2026,No,Colsubsidio,Activación,"1,479,515,000,000",2026-4,2026-4,KAPPA,OMEGA,46 a 55 años,3,2,TAU,
Versalles,,11/5/2024,Si,Banco,Sin Informacion,"2,110,000,000,000",2024-11,2024-11,KAPPA,OMEGA,20 - 35 años,,,GAMMA,
La Arboleda,ETAPA 4,4/26/2026,No,Colsubsidio,Banderas y/o señalización,"1,976,071,000,000",2026-4,2026-4,KAPPA,OMEGA,46 a 55 años,2,1,GAMMA,
Agrupacion De Vivienda Fuentevida,ETAPA 2,11/29/2024,No,Banco,Referido Alcaldía,"1,208,551,500,000",2024-11,2024-11,KAPPA,OMEGA,46 - 55 años,1,1,GAMMA,
Agrupacion De Vivienda Fuentevida,ETAPA 2,11/25/2024,No,Banco,Referido Alcaldía,"1,208,551,500,000",2024-11,2024-11,SIGMA,OMEGA,36 - 45 años,1,1,RHO,X
AGRUPACIÓN DE VIVIENDA SAMÁN ,ETAPA 1,9/19/2025,No,Banco,Página web ,"2,550,000,000,000",2025-9,2025-9,NU,ETA,20 a 35 años,,,RHO,
Agrupación De Vivienda Monguí,ETAPA 2,8/21/2025,No,Banco,Banderas y/o señalización,"1,910,337,000,000",2025-8,2025-8,KAPPA,OMEGA,46 a 55 años,1,,NU,
Agrupacion De Vivienda Payande,ETAPA 2,7/22/2024,No,Banco,Banderas y/o señalización,"1,755,000,000,000",2024-7,2024-7,NU,OMEGA,20 - 35 años,,,TAU,
VILLA FIORITA,ETAPA 3,8/15/2025,No,Banco,Whatsapp,"2,135,250,000,000",2025-8,2025-8,NU,OMEGA,20 a 35 años,,,TAU,
Agrupación De Vivienda Pamplona I,ETAPA 3,4/28/2026,No,Banco,Banderas y/o señalización,"2,100,000,000,000",2026-4,2026-4,KAPPA,OMEGA,36 a 45 años,3,2,TAU,
Agrupación De Vivienda La Macarena,ETAPA 3,8/25/2025,No,Colsubsidio,Banderas y/o señalización,"1,618,519,500,000",2025-8,2025-8,NU,OMEGA,20 a 35 años,,,TAU,
La Arboleda,ETAPA 2,11/29/2024,No,Banco,Banderas y/o señalización,"1,945,924,500,000",2024-11,2024-11,KAPPA,OMEGA,46 - 55 años,,,TAU,
Agrupación De Vivienda La Macarena,ETAPA 2,7/26/2024,No,Banco,Referido,"1,527,415,500,000",2024-7,2024-7,KAPPA,OMEGA,36 - 45 años,1,1,TAU,
Agrupación De Vivienda Monguí,ETAPA 3,4/25/2026,No,Colsubsidio,Activación,"1,777,169,000,000",2026-4,2026-4,KAPPA,OMEGA,36 a 45 años,4,2,TAU,
Agrupacion De Vivienda Bosque De Arrayan,ETAPA 3,4/21/2026,No,Colsubsidio,Banderas y/o señalización,"2,205,000,000,000",2026-4,2026-4,KAPPA,OMEGA,46 a 55 años,1,1,TAU,
Agrupación De Vivienda Monguí,ETAPA 3,4/26/2026,No,Colsubsidio,Activación,"1,785,923,000,000",2026-4,2026-4,KAPPA,OMEGA,20 a 35 años,4,,TAU,
Proyecto Karakalí,1,7/20/2025,Si,Banco,Sin Informacion,"2,293,000,000,000",2025-7,2025-7,SIGMA,ETA,20 a 35 años,1,1,RHO,X
VILLA FIORITA,,7/19/2025,Si,Banco,Sin Informacion,"2,007,135,000,000",2025-7,2025-7,NU,ETA,20 a 35 años,,,GAMMA,
Agrupación De Vivienda Pamplona I,ETAPA 5,10/16/2025,No,Colsubsidio,Banderas y/o señalización,"2,293,000,000,000",2025-10,2025-10,KAPPA,OMEGA,46 a 55 años,,,ZETA,
Agrupacion De Vivienda Bosque De Arrayan,ETAPA 4,7/28/2025,No,Colsubsidio,Banderas y/o señalización,"2,119,591,500,000",2025-7,2025-7,KAPPA,OMEGA,36 a 45 años,2,1,TAU,
Agrupacion De Vivienda Payande,ETAPA 3,10/18/2025,No,Colsubsidio,Contact Center,"1,779,375,000,000",2025-10,2025-10,SIGMA,OMEGA,36 a 45 años,3,2,TAU,
La Arboleda,ETAPA 2,7/17/2025,No,Colsubsidio,Banderas y/o señalización,"1,972,971,000,000",2025-7,2025-7,SIGMA,OMEGA,20 a 35 años,2,2,GAMMA,
Proyecto Karakalí,ETAPA 1,7/16/2025,No,Colsubsidio,Página web ,"2,451,267,000,000",2025-7,2025-7,SIGMA,ETA,20 a 35 años,1,1,GAMMA,X
Agrupacion De Vivienda Payande,ETAPA 1,8/16/2024,No,Colsubsidio,Ferias empresariales,"1,634,178,000,000",2024-8,2024-8,NU,OMEGA,20 - 35 años,,,TAU,
Proyecto Karakalí,ETAPA 1,6/13/2025,No,Banco,Página web ,"2,451,267,000,000",2025-6,2025-6,KAPPA,OMEGA,20 a 35 años,,,RHO,
VILLA FIORITA,ETAPA 3,6/4/2025,No,Banco,Whatsapp,"2,135,250,000,000",2025-6,2025-6,KAPPA,OMEGA,20 a 35 años,1,1,NU,
Agrupacion De Vivienda Bosque De Arrayan,ETAPA 3,5/27/2026,No,Banco,Banderas y/o señalización,"2,190,000,000,000",2026-5,2026-5,NU,OMEGA,20 a 35 años,,,NU,
INARI,1,6/18/2025,Si,Colsubsidio,Sin Informacion,"2,506,000,000,000",2025-6,2025-6,KAPPA,OMEGA,36 a 45 años,1,1,TAU,
Agrupación De Vivienda Monguí,ETAPA 1,6/15/2025,No,Colsubsidio,Banderas y/o señalización,"1,879,020,000,000",2025-6,2025-6,KAPPA,OMEGA,20 a 35 años,3,2,GAMMA,
INARI,ETAPA 1,6/18/2025,No,Colsubsidio,Banderas y/o señalización,"2,549,000,000,000",2025-6,2025-6,SIGMA,OMEGA,46 a 55 años,,,NU,
VILLA FIORITA,ETAPA 2,4/1/2024,No,Banco,Valla ,"1,974,394,500,000",2024-4,2024-4,KAPPA,OMEGA,36 - 45 años,1,1,NU,
VERDE ESPERANZA EL DORADO,ETAPA 1,5/15/2026,No,Banco,Banderas y/o señalización,"1,753,000,000,000",2026-5,2026-5,SIGMA,OMEGA,46 a 55 años,,,GAMMA,
Agrupación De Vivienda Monguí,ETAPA 2,5/31/2025,No,Banco,Banderas y/o señalización,"1,967,277,000,000",2025-5,2025-5,KAPPA,OMEGA,46 a 55 años,,,TAU,
Proyecto Karakalí,ETAPA 1,6/15/2025,No,Banco,Ferias empresariales,"2,451,267,000,000",2025-6,2025-6,NU,ETA,36 a 45 años,,,NU,
Agrupación De Vivienda Monguí,ETAPA 2,5/23/2026,No,Banco,Banderas y/o señalización,"1,952,259,000,000",2026-5,2026-5,SIGMA,OMEGA,20 a 35 años,1,1,TAU,
Agrupacion De Vivienda Bosque De Arrayan,,4/29/2024,Si,Colsubsidio,Sin Informacion,"1,940,230,500,000",2024-4,2024-4,KAPPA,OMEGA,46 - 55 años,1,1,TAU,
VILLA MERCEDES EL DORADO,ETAPA 1,2/12/2026,No,Banco,Referido Alcaldía,"1,715,000,000,000",2026-2,2026-2,KAPPA,OMEGA,20 a 35 años,2,2,GAMMA,
VILLA MERCEDES EL DORADO,ETAPA 1,2/23/2026,No,Banco,Referido Alcaldía,"1,715,000,000,000",2026-2,2026-2,KAPPA,OMEGA,46 a 55 años,2,1,TAU,
VILLA MERCEDES EL DORADO,ETAPA 1,2/20/2026,No,Banco,Referido Alcaldía,"1,715,000,000,000",2026-2,2026-2,KAPPA,OMEGA,20 a 35 años,,,TAU,
VILLA MERCEDES EL DORADO,ETAPA 1,2/9/2026,No,Banco,Referido Alcaldía,"1,715,000,000,000",2026-2,2026-2,SIGMA,OMEGA,20 a 35 años,2,2,RHO,X
Agrupación De Vivienda Monguí,ETAPA 2,2/22/2026,No,Colsubsidio,Activación,"1,777,169,000,000",2026-2,2026-2,NU,ETA,20 a 35 años,,,GAMMA,X
VERDE ESPERANZA EL DORADO,ETAPA 1,2/22/2026,No,Colsubsidio,Banderas y/o señalización,"1,753,000,000,000",2026-2,2026-2,KAPPA,OMEGA,36 a 45 años,3,,TAU,
Agrupación De Vivienda Monguí,ETAPA 2,2/28/2026,No,Banco,Banderas y/o señalización,"1,584,569,000,000",2026-2,2026-2,KAPPA,OMEGA,20 a 35 años,2,2,TAU,
VILLA MERCEDES EL DORADO,ETAPA 1,2/27/2026,No,Banco,Referido Alcaldía,"1,715,000,000,000",2026-2,2026-2,KAPPA,OMEGA,46 a 55 años,1,,TAU,
INARI,1,2/25/2024,Si,Banco,Sin Informacion,"2,293,000,000,000",2024-2,2024-2,NU,TAU,20 - 35 años,,,RHO,X
Agrupacion De Vivienda Bosque De Arrayan,ETAPA 4,5/13/2024,No,Colsubsidio,Whatsapp,"1,913,600,000,000",2024-5,2024-5,SIGMA,OMEGA,20 - 35 años,1,1,ALPHA,
Los Nogales,ETAPA 1,2/10/2024,No,Banco,Activación,"6,886,180,000,000",2024-2,2024-2,SIGMA,TAU,46 - 55 años,2,,RHO,X
Los Nogales,ETAPA 1,2/9/2024,No,Banco,Ferias empresariales,"5,115,000,000,000",2024-2,2024-2,SIGMA,TAU,46 - 55 años,3,,RHO,X
Los Nogales,1,2/10/2024,Si,Banco,Sin Informacion,"6,833,600,000,000",2024-2,2024-2,SIGMA,TAU,46 - 55 años,,,TAU,
Agrupación De Vivienda La Macarena,ETAPA 3,5/31/2024,No,Banco,Referido,"1,283,400,000,000",2024-5,2024-5,NU,ETA,36 - 45 años,,,TAU,
Agrupación De Vivienda Pamplona I,ETAPA 3,3/15/2026,No,Banco,Banderas y/o señalización,"2,100,000,000,000",2026-3,2026-3,KAPPA,OMEGA,20 a 35 años,3,3,RHO,X
Agrupación De Vivienda Pamplona I,ETAPA 3,3/15/2026,No,Banco,Banderas y/o señalización,"2,100,000,000,000",2026-3,2026-3,KAPPA,OMEGA,20 a 35 años,1,1,RHO,X
Agrupación De Vivienda Monguí,ETAPA 1,3/15/2026,No,Banco,Banderas y/o señalización,"1,584,569,000,000",2026-3,2026-3,KAPPA,OMEGA,20 a 35 años,1,1,GAMMA,
Los Nogales,ETAPA 2,3/31/2026,No,Banco,Activación,"7,679,010,000,000",2026-3,2026-3,KAPPA,ETA,46 a 55 años,2,,IOTA,
AGRUPACIÓN DE VIVIENDA BOSQUE DE TURPIAL,ETAPA 2,12/26/2025,No,Colsubsidio,Banderas y/o señalización,"2,807,000,000,000",2025-12,2025-12,KAPPA,OMEGA,20 a 35 años,,,TAU,
Agrupación De Vivienda Monguí,ETAPA 2,12/7/2025,No,Colsubsidio,Banderas y/o señalización,"2,041,940,000,000",2025-12,2025-12,NU,OMEGA,20 a 35 años,,,ZETA,
Agrupación De Vivienda Monguí,ETAPA 2,12/14/2025,No,Banco,Banderas y/o señalización,"1,836,187,000,000",2025-12,2025-12,KAPPA,OMEGA,36 a 45 años,2,1,TAU,
La Arboleda,ETAPA 1,3/14/2024,No,Colsubsidio,Banderas y/o señalización,"1,731,600,000,000",2024-3,2024-3,NU,OMEGA,20 - 35 años,,,GAMMA,
Agrupación De Vivienda Monguí,ETAPA 2,4/26/2026,No,Colsubsidio,Ferias empresariales,"1,794,678,000,000",2026-4,2026-4,KAPPA,OMEGA,20 a 35 años,,,RHO,X
La Arboleda,ETAPA 4,4/26/2026,No,Colsubsidio,Activación,"1,976,071,000,000",2026-4,2026-4,KAPPA,OMEGA,20 a 35 años,1,1,GAMMA,
Versalles,ETAPA 1,4/5/2026,No,Colsubsidio,Banderas y/o señalización,"2,110,000,000,000",2026-4,2026-4,KAPPA,OMEGA,Mayor de 55 años,1,1,GAMMA,
Proyecto Karakalí,ETAPA 1,4/25/2026,No,Colsubsidio,Ferias empresariales,"2,363,721,750,000",2026-4,2026-4,NU,OMEGA,20 a 35 años,,,RHO,X
Agrupación De Vivienda Monguí,ETAPA 3,4/24/2026,No,Colsubsidio,Activación,"1,952,259,000,000",2026-4,2026-4,KAPPA,OMEGA,36 a 45 años,4,3,GAMMA,
INARI,ETAPA 1,8/22/2025,No,Colsubsidio,Activación,"2,506,000,000,000",2025-8,2025-8,KAPPA,OMEGA,20 a 35 años,,,GAMMA,
INARI,ETAPA 1,4/25/2026,No,Colsubsidio,Activación,"2,808,000,000,000",2026-4,2026-4,SIGMA,ETA,46 a 55 años,1,,TAU,
AGRUPACIÓN DE VIVIENDA SAMÁN ,ETAPA 1,8/24/2025,No,Banco,Ferias empresariales,"2,550,000,000,000",2025-8,2025-8,NU,OMEGA,20 a 35 años,,,NU,
Agrupación De Vivienda Monguí,ETAPA 3,4/24/2026,No,Colsubsidio,Activación,"1,584,569,000,000",2026-4,2026-4,KAPPA,OMEGA,20 a 35 años,,,TAU,
INARI,ETAPA 1,7/12/2024,No,Banco,Banderas y/o señalización,"2,808,000,000,000",2024-7,2024-7,KAPPA,OMEGA,20 - 35 años,1,1,GAMMA,
Agrupacion De Vivienda Fuentevida,ETAPA 2,11/29/2024,No,Colsubsidio,Referido Alcaldía,"1,208,551,500,000",2024-11,2024-11,KAPPA,OMEGA,20 - 35 años,1,1,NU,
Agrupación De Vivienda Monguí,,11/19/2024,Si,Banco,Sin Informacion,"1,779,375,000,000",2024-11,2024-11,SIGMA,OMEGA,20 - 35 años,1,,NU,
Agrupación De Vivienda Monguí,ETAPA 3,4/24/2026,No,Colsubsidio,Activación,"1,952,259,000,000",2026-4,2026-4,KAPPA,OMEGA,36 a 45 años,,,TAU,
VERDE ESPERANZA EL DORADO,ETAPA 1,9/18/2025,No,Colsubsidio,Banderas y/o señalización,"1,578,000,000,000",2025-9,2025-9,KAPPA,OMEGA,36 a 45 años,3,2,NU,
Agrupacion De Vivienda Bosque De Arrayan,ETAPA 4,4/26/2026,No,Banco,Banderas y/o señalización,"2,155,000,000,000",2026-4,2026-4,NU,OMEGA,36 a 45 años,,,NU,
Agrupacion De Vivienda Fuentevida,ETAPA 2,11/26/2024,No,Banco,Referido Alcaldía,"1,208,551,500,000",2024-11,2024-11,KAPPA,OMEGA,20 - 35 años,,,TAU,
Agrupacion De Vivienda Bosque De Arrayan,ETAPA 2,4/26/2026,No,Colsubsidio,Activación,"2,190,000,000,000",2026-4,2026-4,SIGMA,OMEGA,20 a 35 años,2,1,NU,
INARI,ETAPA 1,4/26/2026,No,Colsubsidio,Activación,"2,506,000,000,000",2026-4,2026-4,SIGMA,OMEGA,36 a 45 años,2,1,TAU,
Agrupación De Vivienda La Macarena,ETAPA 4,1/10/2026,No,Colsubsidio,Banderas y/o señalización,"1,621,000,000,000",2026-1,2026-1,KAPPA,OMEGA,20 a 35 años,,,RHO,X
VERDE ESPERANZA EL DORADO,ETAPA 1,10/31/2025,No,Colsubsidio,Valla ,"1,578,000,000,000",2025-10,2025-10,KAPPA,OMEGA,20 a 35 años,1,1,GAMMA,
VERDE ESPERANZA EL DORADO,ETAPA 1,11/24/2025,No,Colsubsidio,Banderas y/o señalización,"1,753,000,000,000",2025-11,2025-11,NU,ETA,20 a 35 años,,,NU,
VERDE ESPERANZA EL DORADO,ETAPA 1,1/30/2026,No,Banco,Banderas y/o señalización,"1,753,000,000,000",2026-1,2026-1,KAPPA,OMEGA,20 a 35 años,,,TAU,
La Arboleda,ETAPA 3,1/24/2026,No,Banco,Banderas y/o señalización,"2,233,450,000,000",2026-1,2026-1,KAPPA,OMEGA,46 a 55 años,2,1,TAU,
VERDE ESPERANZA EL DORADO,ETAPA 1,11/29/2025,No,Banco,Banderas y/o señalización,"1,753,000,000,000",2025-11,2025-11,KAPPA,OMEGA,46 a 55 años,3,,TAU,
Agrupacion De Vivienda Payande,,8/15/2024,Si,Banco,Sin Informacion,"1,755,000,000,000",2024-8,2024-8,NU,ETA,20 - 35 años,,,RHO,X
Agrupacion De Vivienda Payande,ETAPA 1,8/16/2024,No,Banco,Ferias empresariales,"1,755,000,000,000",2024-8,2024-8,SIGMA,ETA,36 - 45 años,1,,ALPHA,
La Arboleda,ETAPA 1,8/2/2024,No,Colsubsidio,Banderas y/o señalización,"1,631,500,000,000",2024-8,2024-8,NU,OMEGA,20 - 35 años,,,RHO,X
Versalles,ETAPA 1,8/16/2024,No,Banco,Referido,"2,171,000,000,000",2024-8,2024-8,SIGMA,OMEGA,36 - 45 años,,,RHO,X
La Arboleda,ETAPA 2,8/2/2024,No,Banco,Banderas y/o señalización,"1,780,798,500,000",2024-8,2024-8,KAPPA,OMEGA,20 - 35 años,,,GAMMA,
La Arboleda,ETAPA 2,8/26/2024,No,Colsubsidio,Banderas y/o señalización,"1,819,233,000,000",2024-8,2024-8,NU,OMEGA,20 - 35 años,,,ZETA,
Agrupacion De Vivienda Payande,,8/15/2024,Si,Banco,Sin Informacion,"1,664,071,500,000",2024-8,2024-8,NU,OMEGA,20 - 35 años,,,NU,
AGRUPACIÓN DE VIVIENDA BOSQUE DE TURPIAL,ETAPA 1,8/22/2024,No,Colsubsidio,Banderas y/o señalización,"2,101,000,000,000",2024-8,2024-8,KAPPA,OMEGA,36 - 45 años,1,1,TAU,
Proyecto Karakalí,ETAPA 1,6/16/2025,No,Colsubsidio,Ferias empresariales,"2,451,267,000,000",2025-6,2025-6,NU,OMEGA,20 a 35 años,,,RHO,
AGRUPACIÓN DE VIVIENDA BOSQUE DE TURPIAL,ETAPA 2,6/14/2025,No,Banco,Banderas y/o señalización,"2,807,000,000,000",2025-6,2025-6,NU,ETA,20 a 35 años,,,NU,
INARI,ETAPA 1,6/6/2025,No,Colsubsidio,Activación,"2,549,000,000,000",2025-6,2025-6,KAPPA,OMEGA,36 a 45 años,2,1,NU,
Agrupación De Vivienda La Macarena,ETAPA 4,5/22/2026,No,Colsubsidio,Banderas y/o señalización,"1,567,060,000,000",2026-5,2026-5,NU,OMEGA,20 a 35 años,,,GAMMA,
AGRUPACIÓN DE VIVIENDA SAMÁN ,ETAPA 1,5/8/2026,No,Banco,Banderas y/o señalización,"2,532,490,950,000",2026-5,2026-5,KAPPA,OMEGA,46 a 55 años,,,TAU,
VERDE ESPERANZA EL DORADO,ETAPA 1,5/2/2026,No,Banco,Banderas y/o señalización,"1,753,000,000,000",2026-5,2026-5,KAPPA,ETA,46 a 55 años,1,,IOTA,
Agrupación De Vivienda La Macarena,3,6/14/2025,Si,Colsubsidio,Sin Informacion,"1,492,024,000,000",2025-6,2025-6,NU,OMEGA,20 a 35 años,,,GAMMA,
Agrupación De Vivienda La Macarena,ETAPA 3,4/18/2024,No,Colsubsidio,Banderas y/o señalización,"1,371,500,000,000",2024-4,2024-4,KAPPA,OMEGA,20 - 35 años,,,GAMMA,
La Arboleda,ETAPA 1,4/22/2024,No,Colsubsidio,Banderas y/o señalización,"1,797,880,500,000",2024-4,2024-4,SIGMA,OMEGA,36 - 45 años,2,2,GAMMA,
Agrupación De Vivienda Monguí,,4/30/2024,Si,Colsubsidio,Sin Informacion,"1,829,678,000,000",2024-4,2024-4,NU,OMEGA,20 - 35 años,,,GAMMA,
AGRUPACIÓN DE VIVIENDA BOSQUE DE TURPIAL,ETAPA 2,6/14/2025,No,Colsubsidio,Banderas y/o señalización,"2,807,000,000,000",2025-6,2025-6,SIGMA,OMEGA,46 a 55 años,2,1,NU,
AGRUPACIÓN DE VIVIENDA SAMÁN ,ETAPA 1,5/12/2025,No,Banco,Banderas y/o señalización,"2,550,000,000,000",2025-5,2025-5,NU,OMEGA,20 a 35 años,,,NU,
VERDE ESPERANZA EL DORADO,ETAPA 1,12/1/2025,No,Banco,Banderas y/o señalización,"1,793,000,000,000",2025-12,,PI,CHI,,,,XI,
Los Nogales,ETAPA 2,2/28/2024,No,Banco,Perifoneo,"5,609,378,400,000",2024-2,,PI,CHI,,,,XI,
La Arboleda,ETAPA 3,2/28/2025,No,Banco,Banderas y/o señalización,"2,233,450,000,000",2025-2,,PI,CHI,,,,XI,
Los Nogales,1,2/11/2024,Si,Colsubsidio,Sin Informacion,"5,597,138,990,000",2024-2,,PI,CHI,,,,XI,
Agrupación De Vivienda Pamplona I,5,1/26/2024,Si,Banco,Sin Informacion,"2,293,000,000,000",2024-1,,PI,CHI,,,,XI,
Agrupación De Vivienda La Macarena,ETAPA 2,4/22/2024,No,Colsubsidio,Banderas y/o señalización,"1,353,300,000,000",2024-4,,PI,CHI,,,,XI,
AGRUPACIÓN DE VIVIENDA BOSQUE DE TURPIAL,ETAPA 2,6/8/2025,No,Colsubsidio,Banderas y/o señalización,"2,807,000,000,000",2025-6,,PI,CHI,,,,XI,
VERDE ESPERANZA EL DORADO,ETAPA 1,11/30/2025,No,Banco,Banderas y/o señalización,"1,793,000,000,000",2025-11,,PI,CHI,,,,XI,
INARI,1,4/21/2025,Si,Colsubsidio,Sin Informacion,"2,361,000,000,000",2025-4,,PI,CHI,,,,XI,
Agrupación De Vivienda Pamplona I,,1/25/2026,Si,Banco,Sin Informacion,"2,180,000,000,000",2026-1,,PI,CHI,,,,XI,
Agrupación De Vivienda La Macarena,ETAPA 3,11/2/2025,No,Banco,Banderas y/o señalización,"1,631,331,000,000",2025-11,,PI,CHI,,,,XI,
VERDE ESPERANZA EL DORADO,ETAPA 1,4/7/2026,No,Banco,Banderas y/o señalización,"1,793,000,000,000",2026-4,,PI,CHI,,,,XI,
La Arboleda,ETAPA 3,2/7/2026,No,Banco,Banderas y/o señalización,"2,233,450,000,000",2026-2,,PI,CHI,,,,XI,
Versalles,ETAPA 1,6/3/2025,No,Banco,Banderas y/o señalización,"2,171,000,000,000",2025-6,,PI,CHI,,,,XI,
Versalles,ETAPA 1,3/2/2025,No,Banco,Banderas y/o señalización,"2,110,000,000,000",2025-3,,PI,CHI,,,,XI,
Agrupacion De Vivienda Payande,ETAPA 2,6/30/2024,No,Banco,Banderas y/o señalización,"1,793,610,000,000",2024-6,,PI,CHI,,,,XI,
Agrupacion De Vivienda Fuentevida,ETAPA 2,3/27/2025,No,Banco,Referido Alcaldía,"1,281,150,000,000",2025-3,,PI,CHI,,,,XI,
VERDE ESPERANZA EL DORADO,ETAPA 1,9/26/2025,No,Banco,Valla ,"1,618,000,000,000",2025-9,,PI,CHI,,,,XI,
VERDE ESPERANZA EL DORADO,ETAPA 1,3/5/2026,No,Banco,Banderas y/o señalización,"1,793,000,000,000",2026-3,,PI,CHI,,,,XI,
Los Nogales,1,2/11/2024,Si,Banco,Sin Informacion,"5,567,250,000,000",2024-2,,PI,CHI,,,,XI,
La Arboleda,ETAPA 1,3/14/2024,No,Banco,Banderas y/o señalización,"1,734,200,000,000",2024-3,,PI,CHI,,,,XI,
INARI,ETAPA 1,6/7/2025,No,Colsubsidio,Banderas y/o señalización,"2,808,000,000,000",2025-6,,PI,CHI,,,,XI,
Agrupación De Vivienda Monguí,ETAPA 2,2/27/2026,No,Banco,Banderas y/o señalización,"1,996,014,000,000",2026-2,,PI,CHI,,,,XI,
Agrupación De Vivienda La Macarena,ETAPA 3,6/20/2024,No,Colsubsidio,Ferias empresariales,"1,528,839,000,000",2024-6,,PI,CHI,,,,XI,
Agrupación De Vivienda La Macarena,ETAPA 1,8/18/2024,No,Banco,Referido,"1,520,298,000,000",2024-8,,PI,CHI,,,,XI,
La Arboleda,ETAPA 3,4/4/2026,No,Banco,Banderas y/o señalización,"2,233,450,000,000",2026-4,,PI,CHI,,,,XI,
La Arboleda,ETAPA 3,12/17/2025,No,Colsubsidio,Whatsapp,"2,412,130,000,000",2025-12,,PI,CHI,,,,XI,
Agrupacion De Vivienda Fuentevida,ETAPA 1,1/31/2024,No,Banco,Referido Alcaldía,"1,170,000,000,000",2024-1,,PI,CHI,,,,XI,
Agrupación De Vivienda La Macarena,3,3/14/2024,Si,Banco,Sin Informacion,"1,488,269,000,000",2024-3,,PI,CHI,,,,XI,
AGRUPACIÓN DE VIVIENDA BOSQUE DE TURPIAL,ETAPA 1,9/23/2025,No,Banco,Banderas y/o señalización,"2,311,190,000,000",2025-9,,PI,CHI,,,,XI,
VERDE ESPERANZA EL DORADO,ETAPA 1,9/26/2025,No,Banco,Banderas y/o señalización,"1,618,000,000,000",2025-9,,PI,CHI,,,,XI,
Agrupación De Vivienda Monguí,ETAPA 1,1/17/2024,No,Banco,Banderas y/o señalización,"1,806,421,500,000",2024-1,,PI,CHI,,,,XI,
Agrupación De Vivienda Monguí,ETAPA 1,2/26/2024,No,Banco,Página web ,"1,772,700,000,000",2024-2,,PI,CHI,,,,XI,
Agrupacion De Vivienda Payande,ETAPA 1,9/9/2024,No,Banco,Referido,"1,793,610,000,000",2024-9,,PI,CHI,,,,XI,
Los Nogales,ETAPA 2,11/20/2024,No,Banco,Whatsapp,"7,689,430,000,000",2024-11,,PI,CHI,,,,XI,
INARI,1,2/15/2024,Si,Banco,Sin Informacion,"2,916,000,000,000",2024-2,,PI,CHI,,,,XI,
VERDE ESPERANZA EL DORADO,ETAPA 1,6/10/2026,No,Banco,Banderas y/o señalización,"1,793,000,000,000",2026-6,,PI,CHI,,,,XI,
La Arboleda,ETAPA 3,7/6/2025,No,Banco,Activación,"2,412,130,000,000",2025-7,,PI,CHI,,,,XI,
ARAUCARIA,ETAPA 1,1/8/2026,No,Banco,Banderas y/o señalización,"9,152,000,000,000",2026-1,,PI,CHI,,,,XI,
Los Nogales,ETAPA 1,2/11/2024,No,Contado,Ferias empresariales,"5,366,880,000,000",2024-2,,PI,CHI,,,,XI,
La Arboleda,ETAPA 3,9/17/2025,No,Banco,Whatsapp,"2,412,130,000,000",2025-9,,PI,CHI,,,,XI,
Agrupación De Vivienda Monguí,ETAPA 3,4/22/2026,No,Banco,Banderas y/o señalización,"1,820,923,000,000",2026-4,,PI,CHI,,,,XI,
INARI,1,10/31/2024,Si,Banco,Sin Informacion,"2,916,000,000,000",2024-10,,PI,CHI,,,,XI,
ARAUCARIA,ETAPA 2,4/10/2026,No,Banco,Banderas y/o señalización,"7,222,000,000,000",2026-4,,PI,CHI,,,,XI,
Agrupacion De Vivienda Reserva De Guayacan,ETAPA 1,11/28/2025,No,Banco,Valla ,"2,360,000,000,000",2025-11,,PI,CHI,,,,XI,
VILLA FIORITA,ETAPA 1,6/16/2024,No,Banco,,"1,950,000,000,000",2024-6,,PI,CHI,,,,XI,
Los Nogales,ETAPA 1,2/10/2024,No,Banco,Valla ,"6,778,094,360,000",2024-2,,PI,CHI,,,,XI,
ARAUCARIA,ETAPA 2,5/8/2026,No,Banco,Banderas y/o señalización,"6,292,000,000,000",2026-5,,PI,CHI,,,,XI,
Agrupación De Vivienda Pamplona I,ETAPA 4,3/18/2025,No,Banco,Activación,"2,361,000,000,000",2025-3,,PI,CHI,,,,XI,
Los Nogales,ETAPA 2,3/21/2024,No,Banco,Valla ,"5,811,651,100,000",2024-3,,PI,CHI,,,,XI,
Agrupación De Vivienda Monguí,ETAPA 2,3/14/2026,No,Colsubsidio,Activación,"2,004,768,000,000",2026-3,,PI,CHI,,,,XI,
Agrupacion De Vivienda Reserva De Guayacan,ETAPA 1,2/27/2026,No,Banco,Referido,"2,395,000,000,000",2026-2,,PI,CHI,,,,XI,
Agrupacion De Vivienda Bosque De Arrayan,ETAPA 3,11/18/2024,No,Banco,Banderas y/o señalización,"1,935,700,000,000",2024-11,,PI,CHI,,,,XI,
INARI,ETAPA 1,4/24/2026,No,Colsubsidio,Activación,"2,808,000,000,000",2026-4,,PI,CHI,,,,XI,
INARI,ETAPA 1,1/4/2025,No,Banco,Banderas y/o señalización,"2,808,000,000,000",2025-1,,PI,CHI,,,,XI,
VERDE ESPERANZA EL DORADO,ETAPA 1,5/13/2026,No,Banco,Banderas y/o señalización,"1,793,000,000,000",2026-5,,PI,CHI,,,,XI,
VILLA FIORITA,ETAPA 3,3/17/2025,No,Banco,CS Calle 63,"2,135,250,000,000",2025-3,,PI,CHI,,,,XI,
VERDE ESPERANZA EL DORADO,ETAPA 1,12/4/2025,No,Banco,Banderas y/o señalización,"1,618,000,000,000",2025-12,,PI,CHI,,,,XI,
Agrupacion De Vivienda Fuentevida,ETAPA 2,11/22/2024,No,Banco,Referido Alcaldía,"1,170,000,000,000",2024-11,,PI,CHI,,,,XI,
Los Nogales,1,6/3/2025,Si,Banco,Sin Informacion,"5,598,760,000,000",2025-6,,PI,CHI,,,,XI,
Zarzal,ETAPA 1,4/18/2026,No,Banco,Banderas y/o señalización,"2,267,000,000,000",2026-4,,PI,CHI,,,,XI,
La Arboleda,ETAPA 2,8/11/2024,No,Banco,Banderas y/o señalización,"1,810,692,000,000",2024-8,,PI,CHI,,,,XI,
Versalles,ETAPA 1,10/23/2024,No,Banco,Referido,"2,110,000,000,000",2024-10,,PI,CHI,,,,XI,
INARI,1,4/17/2024,Si,Banco,Sin Informacion,"2,916,000,000,000",2024-4,,PI,CHI,,,,XI,
Agrupación De Vivienda Monguí,ETAPA 3,4/21/2026,No,Banco,Banderas y/o señalización,"1,996,014,000,000",2026-4,,PI,CHI,,,,XI,
Agrupacion De Vivienda Payande,ETAPA 2,8/14/2024,No,Banco,Ferias empresariales,"1,755,000,000,000",2024-8,,PI,CHI,,,,XI,
Agrupacion De Vivienda Reserva De Guayacan,ETAPA 1,11/12/2025,No,Banco,Redes Sociales,"2,360,000,000,000",2025-11,,PI,CHI,,,,XI,
ARAUCARIA,ETAPA 1,12/21/2025,No,Contado,Activación,"6,057,000,000,000",2025-12,,PI,CHI,,,,XI,
VERDE ESPERANZA EL DORADO,ETAPA 1,7/4/2026,No,Colsubsidio,Banderas y/o señalización,"1,793,000,000,000",2026-7,,PI,CHI,,,,XI,
INARI,ETAPA 1,8/31/2024,No,Banco,Ferias empresariales,"2,808,000,000,000",2024-8,,PI,CHI,,,,XI,
AGRUPACIÓN DE VIVIENDA BOSQUE DE TURPIAL,,8/11/2024,Si,Colsubsidio,Sin Informacion,"2,311,000,000,000",2024-8,,PI,CHI,,,,XI,
ARAUCARIA,ETAPA 1,1/18/2026,No,Banco,Banderas y/o señalización,"7,220,000,000,000",2026-1,,PI,CHI,,,,XI,
AGRUPACIÓN DE VIVIENDA SAMÁN ,ETAPA 1,4/1/2025,No,Banco,Redes Sociales,"2,550,000,000,000",2025-4,,PI,CHI,,,,XI,
Agrupación De Vivienda La Macarena,ETAPA 4,6/13/2026,No,Banco,Banderas y/o señalización,"1,619,569,000,000",2026-6,,PI,CHI,,,,XI,
Agrupación De Vivienda Pamplona I,ETAPA 4,6/30/2025,No,Banco,Banderas y/o señalización,"2,361,000,000,000",2025-6,,PI,CHI,,,,XI,
ARAUCARIA,ETAPA 1,12/21/2025,No,Banco,Banderas y/o señalización,"9,613,000,000,000",2025-12,,PI,CHI,,,,XI,
VERDE ESPERANZA EL DORADO,ETAPA 1,1/28/2026,No,Banco,Banderas y/o señalización,"1,793,000,000,000",2026-1,,PI,CHI,,,,XI,
Agrupación De Vivienda La Macarena,ETAPA 3,11/5/2024,No,Banco,Referido,"1,537,380,000,000",2024-11,,PI,CHI,,,,XI,
Agrupación De Vivienda Pamplona I,ETAPA 5,1/26/2024,No,Banco,Redes Sociales,"2,293,000,000,000",2024-1,,PI,CHI,,,,XI,
VERDE ESPERANZA EL DORADO,ETAPA 1,3/17/2026,No,Banco,Banderas y/o señalización,"1,793,000,000,000",2026-3,,PI,CHI,,,,XI,
ARAUCARIA,ETAPA 1,1/12/2026,No,Banco,Banderas y/o señalización,"6,330,000,000,000",2026-1,,PI,CHI,,,,XI,
Proyecto Karakalí,ETAPA 1,7/13/2025,No,Banco,Activación,"2,451,267,000,000",2025-7,,PI,CHI,,,,XI,
VERDE ESPERANZA EL DORADO,ETAPA 1,2/23/2026,No,Banco,Banderas y/o señalización,"1,793,000,000,000",2026-2,,PI,CHI,,,,XI,
ARAUCARIA,ETAPA 2,5/30/2026,No,Banco,Activación,"6,359,000,000,000",2026-5,,PI,CHI,,,,XI,
La Arboleda,ETAPA 2,4/3/2025,No,Banco,Banderas y/o señalización,"1,789,339,500,000",2025-4,,PI,CHI,,,,XI,
Proyecto Karakalí,ETAPA 1,9/25/2025,No,Banco,Activación,"2,451,267,000,000",2025-9,,PI,CHI,,,,XI,
Agrupacion De Vivienda Payande,ETAPA 2,6/16/2024,No,Banco,Ferias empresariales,"1,755,000,000,000",2024-6,,PI,CHI,,,,XI,
CONJUNTO RESIDENCIAL VIBO ONCE,ETAPA 1,4/29/2026,No,Banco,Banderas y/o señalización,"2,813,000,000,000",2026-4,,PI,CHI,,,,XI,
Agrupacion De Vivienda Payande,ETAPA 1,8/30/2024,No,Banco,Banderas y/o señalización,"1,755,000,000,000",2024-8,,PI,CHI,,,,XI,
Agrupacion De Vivienda Fuentevida,ETAPA 2,11/26/2024,No,Banco,Referido Alcaldía,"1,208,551,500,000",2024-11,,PI,CHI,,,,XI,
Versalles,,8/18/2024,Si,Banco,Sin Informacion,"2,171,000,000,000",2024-8,,PI,CHI,,,,XI,
Agrupacion De Vivienda Reserva De Guayacan,ETAPA 1,10/19/2025,No,Banco,Página web ,"2,360,000,000,000",2025-10,,PI,CHI,,,,XI,
ABETO,ETAPA 3,2/12/2026,No,Banco,Banderas y/o señalización,"3,649,000,000,000",2026-2,,PI,CHI,,,,XI,
Agrupación De Vivienda Monguí,ETAPA 2,10/27/2025,No,Banco,Referido,"1,662,648,000,000",2025-10,,PI,CHI,,,,XI,
Proyecto Karakalí,ETAPA 1,7/6/2025,No,Banco,Redes Sociales,"2,451,267,000,000",2025-7,,PI,CHI,,,,XI,
ARAUCARIA,ETAPA 1,12/19/2025,No,Colsubsidio,Activación,"5,892,000,000,000",2025-12,,PI,CHI,,,,XI,
Agrupacion De Vivienda Bosque De Arrayan,ETAPA 4,1/16/2024,No,Banco,CS Tocancipá,"1,935,700,000,000",2024-1,,PI,CHI,,,,XI,
RESERVA DEL NOGAL,UNICA,8/5/2025,No,Banco,Banderas ,"1,700,000,000,000",2025-8,,PI,CHI,,,,XI,
La Arboleda,ETAPA 3,8/2/2025,No,Banco,Whatsapp,"2,412,130,000,000",2025-8,,PI,CHI,,,,XI,
Agrupación De Vivienda Pamplona I,ETAPA 1,4/29/2024,No,Banco,Banderas y/o señalización,"2,064,075,000,000",2024-4,,PI,CHI,,,,XI,
ARAUCARIA,ETAPA 1,12/23/2025,No,Banco,CS Unicentro de Occidente,"6,278,000,000,000",2025-12,,PI,CHI,,,,XI,
Agrupación De Vivienda Monguí,ETAPA 2,2/22/2026,No,Banco,Activación,"1,987,259,000,000",2026-2,,PI,CHI,,,,XI,
INARI,1,8/12/2024,Si,Banco,Sin Informacion,"2,808,000,000,000",2024-8,,PI,CHI,,,,XI,
La Arboleda,3,9/30/2024,Si,Banco,Sin Informacion,"2,233,450,000,000",2024-9,,PI,CHI,,,,XI,
La Arboleda,ETAPA 1,4/30/2025,No,Banco,Banderas y/o señalización,"1,671,189,000,000",2025-4,,PI,CHI,,,,XI,
ARAUCARIA,ETAPA 1,12/21/2025,No,Banco,Banderas y/o señalización,"7,173,000,000,000",2025-12,,PI,CHI,,,,XI,
Agrupacion De Vivienda Payande,ETAPA 1,6/29/2025,No,Banco,Ferias empresariales,"1,861,725,000,000",2025-6,,PI,CHI,,,,XI,
ABETO,ETAPA 2,5/14/2026,No,Banco,Banderas y/o señalización,"3,464,000,000,000",2026-5,,PI,CHI,,,,XI,
Agrupación De Vivienda Monguí,,8/30/2025,Si,Banco,Sin Informacion,"1,820,923,000,000",2025-8,,PI,CHI,,,,XI,
Agrupación De Vivienda Monguí,ETAPA 1,3/13/2025,No,Banco,Banderas y/o señalización,"1,954,465,500,000",2025-3,,PI,CHI,,,,XI,
AGRUPACIÓN DE VIVIENDA BOSQUE DE TURPIAL,ETAPA 1,4/26/2026,No,Colsubsidio,Banderas y/o señalización,"2,588,000,000,000",2026-4,,PI,CHI,,,,XI,
Los Nogales,ETAPA 1,3/22/2026,No,Banco,Banderas y/o señalización,"5,380,640,000,000",2026-3,,PI,CHI,,,,XI,
VILLA MERCEDES EL DORADO,ETAPA 1,2/18/2026,No,Banco,Referido Alcaldía,"1,715,000,000,000",2026-2,,PI,CHI,,,,XI,
Agrupación De Vivienda Monguí,,2/8/2024,Si,Banco,Sin Informacion,"1,987,259,000,000",2024-2,,PI,CHI,,,,XI,
Los Nogales,ETAPA 1,2/19/2024,No,Banco,Valla ,"5,359,880,000,000",2024-2,,PI,CHI,,,,XI,
Agrupacion De Vivienda Reserva De Guayacan,ETAPA 1,9/11/2025,No,Banco,Valla ,"2,360,000,000,000",2025-9,,PI,CHI,,,,XI,
Conjunto Residencial Campo Alegre El Dorado,ETAPA 2,6/25/2024,No,Banco,Referido Alcaldía,"1,081,730,000,000",2024-6,,PI,CHI,,,,XI,
Los Nogales,1,9/3/2025,Si,Banco,Sin Informacion,"5,313,270,000,000",2025-9,,PI,CHI,,,,XI,
La Arboleda,ETAPA 2,3/26/2025,No,Banco,Redes Sociales,"1,780,798,500,000",2025-3,,PI,CHI,,,,XI,
Agrupación De Vivienda La Macarena,ETAPA 3,9/18/2025,No,Banco,Página web ,"1,541,650,500,000",2025-9,,PI,CHI,,,,XI,
ARAUCARIA,ETAPA 1,1/13/2026,No,Banco,Banderas y/o señalización,"6,217,000,000,000",2026-1,,PI,CHI,,,,XI,
Proyecto Karakalí,ETAPA 1,12/2/2024,No,Banco,Banderas y/o señalización,"2,451,267,000,000",2024-12,,PI,CHI,,,,XI,
Agrupacion De Vivienda Fuentevida,ETAPA 2,3/29/2025,No,Banco,Referido Alcaldía,"1,281,150,000,000",2025-3,,PI,CHI,,,,XI,
La Arboleda,,6/12/2025,Si,Banco,Sin Informacion,"1,786,492,500,000",2025-6,,PI,CHI,,,,XI,
CONJUNTO RESIDENCIAL VIBO ONCE,ETAPA 1,2/7/2026,No,Banco,Banderas y/o señalización,"2,813,000,000,000",2026-2,,PI,CHI,,,,XI,
ARAUCARIA,ETAPA 1,12/21/2025,No,Banco,Activación,"6,022,000,000,000",2025-12,,PI,CHI,,,,XI,
Agrupación De Vivienda Monguí,ETAPA 2,2/28/2026,No,Banco,Banderas y/o señalización,"1,602,060,000,000",2026-2,,PI,CHI,,,,XI,
VERDE ESPERANZA EL DORADO,ETAPA 1,9/25/2025,No,Banco,Banderas y/o señalización,"1,618,000,000,000",2025-9,,PI,CHI,,,,XI,
Proyecto Karakalí,ETAPA 1,6/30/2025,No,Banco,Activación,"2,451,267,000,000",2025-6,,PI,CHI,,,,XI,
ARAUCARIA,ETAPA 1,1/2/2026,No,Banco,Banderas y/o señalización,"9,092,000,000,000",2026-1,,PI,CHI,,,,XI,
ARAUCARIA,ETAPA 1,12/19/2025,No,Banco,CS Unicentro de Occidente,"6,224,000,000,000",2025-12,,PI,CHI,,,,XI,
La Arboleda,ETAPA 2,4/27/2025,No,Banco,Ferias empresariales,"1,783,645,500,000",2025-4,,PI,CHI,,,,XI,
AGRUPACIÓN DE VIVIENDA BOSQUE DE TURPIAL,,7/7/2024,Si,Banco,Sin Informacion,"2,263,000,000,000",2024-7,,PI,CHI,,,,XI,
ARAUCARIA,ETAPA 2,4/26/2026,No,Contado,Referido,"6,638,000,000,000",2026-4,,PI,CHI,,,,XI,
INARI,1,9/30/2025,Si,Colsubsidio,Sin Informacion,"2,506,000,000,000",2025-9,,PI,CHI,,,,XI,
VERDE ESPERANZA EL DORADO,ETAPA 1,9/30/2025,No,Banco,Valla ,"1,618,000,000,000",2025-9,,PI,CHI,,,,XI,
VERDE ESPERANZA EL DORADO,ETAPA 1,7/11/2026,No,Banco,Banderas y/o señalización,"1,793,000,000,000",2026-7,,PI,CHI,,,,XI,
Agrupacion De Vivienda Reserva De Guayacan,ETAPA 1,1/9/2025,No,Banco,Redes Sociales,"2,360,000,000,000",2025-1,,PI,CHI,,,,XI,
Agrupación De Vivienda Monguí,ETAPA 2,10/5/2025,No,Banco,Banderas y/o señalización,"1,787,916,000,000",2025-10,,PI,CHI,,,,XI,
Agrupacion De Vivienda Payande,ETAPA 1,8/16/2024,No,Banco,Ferias empresariales,"1,780,798,500,000",2024-8,,PI,CHI,,,,XI,
Agrupacion De Vivienda Bosque De Arrayan,,6/13/2025,Si,Colsubsidio,Sin Informacion,"2,205,000,000,000",2025-6,,PI,CHI,,,,XI,
ARAUCARIA,ETAPA 1,12/29/2025,No,Banco,CS Unicentro de Occidente,"6,069,000,000,000",2025-12,,PI,CHI,,,,XI,
Agrupación De Vivienda Pamplona I,ETAPA 3,3/15/2026,No,Colsubsidio,Banderas y/o señalización,"2,235,000,000,000",2026-3,,PI,CHI,,,,XI,
ARAUCARIA,ETAPA 1,12/20/2025,No,Banco,Activación,"6,859,000,000,000",2025-12,,PI,CHI,,,,XI,
Agrupacion De Vivienda Fuentevida,,11/25/2024,Si,Banco,Sin Informacion,"1,208,551,500,000",2024-11,,PI,CHI,,,,XI,
La Arboleda,ETAPA 3,2/11/2025,No,Banco,Banderas y/o señalización,"2,233,450,000,000",2025-2,,PI,CHI,,,,XI,
Agrupacion De Vivienda Bosque De Arrayan,ETAPA 3,12/6/2025,No,Banco,Banderas y/o señalización,"2,006,922,000,000",2025-12,,PI,CHI,,,,XI,
Agrupación De Vivienda Monguí,ETAPA 2,11/6/2024,No,Banco,Redes Sociales,"1,987,206,000,000",2024-11,,PI,CHI,,,,XI,
VERDE ESPERANZA EL DORADO,ETAPA 1,12/5/2025,No,Banco,Banderas y/o señalización,"1,618,000,000,000",2025-12,,PI,CHI,,,,XI,
Los Nogales,ETAPA 1,3/11/2026,No,Banco,Banderas y/o señalización,"8,020,540,000,000",2026-3,,PI,CHI,,,,XI,
Agrupación De Vivienda La Macarena,ETAPA 4,6/9/2026,No,Banco,Banderas y/o señalización,"1,619,569,000,000",2026-6,,PI,CHI,,,,XI,
Los Nogales,ETAPA 2,2/15/2024,No,Banco,Valla ,"5,637,143,300,000",2024-2,,PI,CHI,,,,XI,
ARAUCARIA,ETAPA 1,12/21/2025,No,Banco,Pantallas empresariales,"6,022,000,000,000",2025-12,,PI,CHI,,,,XI,
Los Nogales,1,2/10/2024,Si,Colsubsidio,Sin Informacion,"6,571,712,120,000",2024-2,,PI,CHI,,,,XI,
La Arboleda,ETAPA 2,2/28/2025,No,Banco,Banderas y/o señalización,"1,780,798,500,000",2025-2,,PI,CHI,,,,XI,
Agrupación De Vivienda Monguí,ETAPA 1,3/29/2026,No,Banco,Banderas y/o señalización,"1,584,569,000,000",2026-3,,PI,CHI,,,,XI,
Agrupacion De Vivienda Bosque De Arrayan,ETAPA 3,9/28/2024,No,Banco,Banderas y/o señalización,"1,913,600,000,000",2024-9,,PI,CHI,,,,XI,
Agrupacion De Vivienda Fuentevida,ETAPA 2,3/24/2025,No,Banco,Referido Alcaldía,"1,281,150,000,000",2025-3,,PI,CHI,,,,XI,
INARI,ETAPA 1,8/21/2025,No,Colsubsidio,Banderas y/o señalización,"2,506,000,000,000",2025-8,,PI,CHI,,,,XI,
Proyecto Karakalí,ETAPA 1,2/7/2024,No,Banco,Google,"2,363,721,750,000",2024-2,2024-2,NU,ETA,20 - 35 años,,,RHO,X
Agrupación De Vivienda La Macarena,3,2/29/2024,Si,Colsubsidio,Sin Informacion,"1,530,262,500,000",2024-2,2024-2,KAPPA,OMEGA,46 - 55 años,1,,GAMMA,
Agrupación De Vivienda Pamplona I,ETAPA 4,1/16/2025,No,Banco,Banderas y/o señalización,"2,361,000,000,000",2025-1,2025-1,KAPPA,OMEGA,46 - 55 años,4,2,GAMMA,
La Arboleda,ETAPA 2,2/28/2024,No,Banco,Banderas y/o señalización,"1,786,492,500,000",2024-2,2024-2,KAPPA,OMEGA,20 - 35 años,2,,ZETA,
INARI,ETAPA 1,1/29/2025,No,Banco,Página web ,"2,808,000,000,000",2025-1,2025-1,NU,OMEGA,20 - 35 años,,,GAMMA,
Versalles,ETAPA 1,1/21/2025,No,Banco,Referido,"2,171,000,000,000",2025-1,2025-1,NU,OMEGA,36 - 45 años,,,ZETA,
Los Nogales,1,1/24/2025,Si,Banco,Sin Informacion,"5,675,380,000,000",2025-1,2025-1,SIGMA,TAU,20 - 35 años,3,,NU,
Agrupacion De Vivienda Bosque De Arrayan,ETAPA 2,1/21/2025,No,Colsubsidio,Banderas y/o señalización,"1,823,611,050,000",2025-1,2025-1,SIGMA,ETA,36 - 45 años,2,1,TAU,
Agrupación De Vivienda Monguí,ETAPA 2,2/15/2024,No,Banco,Banderas y/o señalización,"1,966,992,300,000",2024-2,2024-2,NU,OMEGA,20 - 35 años,,,TAU,
Proyecto Karakalí,ETAPA 1,12/13/2024,No,Colsubsidio,Contact Center,"2,451,267,000,000",2024-12,2024-12,SIGMA,OMEGA,46 - 55 años,2,1,TAU,
Agrupación De Vivienda Monguí,ETAPA 2,3/15/2026,No,Colsubsidio,Banderas y/o señalización,"1,785,923,000,000",2026-3,2026-3,NU,OMEGA,20 a 35 años,,,RHO,X
Agrupación De Vivienda Monguí,ETAPA 2,3/1/2026,No,Colsubsidio,Banderas y/o señalización,"1,952,259,000,000",2026-3,2026-3,NU,OMEGA,20 a 35 años,,,TAU,
Agrupación De Vivienda Monguí,ETAPA 1,3/28/2026,No,Colsubsidio,Banderas y/o señalización,"1,952,259,000,000",2026-3,2026-3,SIGMA,ETA,36 a 45 años,,,GAMMA,
Agrupación De Vivienda Monguí,ETAPA 2,3/14/2026,No,Colsubsidio,Banderas y/o señalización,"1,794,678,000,000",2026-3,2026-3,KAPPA,OMEGA,Mayor de 55 años,,,GAMMA,
Agrupación De Vivienda Monguí,ETAPA 2,3/1/2026,No,Colsubsidio,Banderas y/o señalización,"1,584,569,000,000",2026-3,2026-3,SIGMA,OMEGA,46 a 55 años,,,NU,
Agrupación De Vivienda Monguí,ETAPA 2,3/3/2026,No,Banco,Banderas y/o señalización,"1,952,259,000,000",2026-3,2026-3,KAPPA,OMEGA,36 a 45 años,3,1,TAU,
CONJUNTO RESIDENCIAL VIBO ONCE,ETAPA 1,3/8/2026,No,Banco,Banderas y/o señalización,"2,813,000,000,000",2026-3,2026-3,KAPPA,OMEGA,36 a 45 años,1,,TAU,
La Arboleda,3,3/5/2026,Si,Colsubsidio,Sin Informacion,"2,233,450,000,000",2026-3,2026-3,KAPPA,OMEGA,36 a 45 años,1,,TAU,
Agrupación De Vivienda Monguí,ETAPA 2,3/14/2026,No,Colsubsidio,Activación,"1,567,060,000,000",2026-3,2026-3,NU,ETA,20 a 35 años,,,NU,
AGRUPACIÓN DE VIVIENDA BOSQUE DE TURPIAL,ETAPA 1,12/29/2025,No,Colsubsidio,Banderas y/o señalización,"2,311,000,000,000",2025-12,2025-12,NU,OMEGA,20 a 35 años,,,GAMMA,
VERDE ESPERANZA EL DORADO,ETAPA 1,12/29/2025,No,Banco,Banderas y/o señalización,"1,753,000,000,000",2025-12,2025-12,SIGMA,OMEGA,20 a 35 años,1,1,RHO,X
VERDE ESPERANZA EL DORADO,ETAPA 1,12/5/2025,No,Banco,Banderas y/o señalización,"1,753,000,000,000",2025-12,2025-12,KAPPA,OMEGA,Mayor de 55 años,,,TAU,
ARAUCARIA,ETAPA 1,12/19/2025,No,Colsubsidio,Banderas y/o señalización,"5,729,000,000,000",2025-12,2025-12,SIGMA,TAU,Mayor de 55 años,2,,RHO,X
Agrupación De Vivienda La Macarena,ETAPA 3,3/8/2024,No,Banco,Banderas y/o señalización,"1,358,500,000,000",2024-3,2024-3,KAPPA,OMEGA,36 - 45 años,3,2,NU,
La Arboleda,ETAPA 2,3/5/2024,No,Colsubsidio,Banderas y/o señalización,"1,676,883,000,000",2024-3,2024-3,KAPPA,OMEGA,20 - 35 años,1,,GAMMA,
Agrupación De Vivienda Monguí,ETAPA 2,3/31/2024,No,Banco,Banderas y/o señalización,"1,987,206,000,000",2024-3,2024-3,NU,OMEGA,20 - 35 años,,,RHO,
AGRUPACIÓN DE VIVIENDA SAMÁN ,ETAPA 1,9/1/2025,No,Colsubsidio,Página web ,"2,550,000,000,000",2025-9,2025-9,SIGMA,OMEGA,20 a 35 años,,2,ALPHA,
Agrupación De Vivienda Monguí,ETAPA 3,4/25/2026,No,Colsubsidio,Banderas y/o señalización,"1,584,569,000,000",2026-4,2026-4,NU,OMEGA,20 a 35 años,,,RHO,X
Agrupación De Vivienda Monguí,ETAPA 3,4/25/2026,No,Banco,Banderas y/o señalización,"1,952,259,000,000",2026-4,2026-4,KAPPA,OMEGA,36 a 45 años,1,,GAMMA,
AGRUPACIÓN DE VIVIENDA BOSQUE DE TURPIAL,ETAPA 1,9/27/2025,No,Colsubsidio,Activación,"2,311,190,000,000",2025-9,2025-9,KAPPA,OMEGA,46 a 55 años,2,2,GAMMA,
Conjunto Residencial Campo Alegre El Dorado,ETAPA 2,9/23/2025,No,Colsubsidio,Referido Alcaldía,"1,184,494,350,000",2025-9,2025-9,KAPPA,OMEGA,20 a 35 años,1,1,GAMMA,
Proyecto Karakalí,ETAPA 1,4/25/2026,No,Banco,Ferias empresariales,"2,363,721,750,000",2026-4,2026-4,NU,OMEGA,20 a 35 años,,,TAU,
Agrupación De Vivienda Monguí,ETAPA 3,4/26/2026,No,Banco,Activación,"1,785,923,000,000",2026-4,2026-4,KAPPA,ETA,20 a 35 años,2,,IOTA,
Agrupación De Vivienda Monguí,ETAPA 3,4/24/2026,No,Banco,Activación,"1,961,014,000,000",2026-4,2026-4,NU,ETA,36 a 45 años,,,IOTA,
Agrupacion De Vivienda Payande,ETAPA 3,4/25/2026,No,Banco,Ferias empresariales,"1,892,730,950,000",2026-4,2026-4,NU,ETA,20 a 35 años,,,TAU,
Agrupación De Vivienda Monguí,ETAPA 1,7/31/2024,No,Banco,Banderas y/o señalización,"1,697,800,000,000",2024-7,2024-7,SIGMA,OMEGA,36 - 45 años,2,2,RHO,X
Agrupación De Vivienda Monguí,ETAPA 1,3/5/2025,No,Banco,Referido,"1,886,137,500,000",2025-3,2025-3,KAPPA,OMEGA,20 a 35 años,,,RHO,X
Agrupación De Vivienda Pamplona I,ETAPA 3,3/15/2025,No,Banco,Mensaje de texto,"2,293,000,000,000",2025-3,2025-3,SIGMA,OMEGA,20 a 35 años,2,1,ALPHA,
VILLA FIORITA,ETAPA 2,3/2/2025,No,Colsubsidio,Banderas y/o señalización,"2,135,250,000,000",2025-3,2025-3,SIGMA,ETA,20 a 35 años,1,1,ALPHA,
Agrupacion De Vivienda Bosque De Arrayan,ETAPA 4,3/29/2025,No,Colsubsidio,Banderas y/o señalización,"2,062,651,500,000",2025-3,2025-3,NU,OMEGA,20 a 35 años,,,RHO,X
CONJUNTO RESIDENCIAL VIBO ONCE,ETAPA 1,4/26/2026,No,Banco,Banderas y/o señalización,"2,813,000,000,000",2026-4,2026-4,SIGMA,TAU,Mayor de 55 años,1,,RHO,X
AGRUPACIÓN DE VIVIENDA SAMÁN ,ETAPA 1,4/24/2026,No,Banco,Redes Sociales,"2,532,490,950,000",2026-4,2026-4,KAPPA,OMEGA,20 a 35 años,2,2,GAMMA,
Agrupacion De Vivienda Fuentevida,ETAPA 2,11/22/2024,No,Banco,Referido Alcaldía,"1,208,551,500,000",2024-11,2024-11,KAPPA,OMEGA,20 - 35 años,1,1,GAMMA,
Agrupación De Vivienda Pamplona I,ETAPA 2,3/3/2025,No,Colsubsidio,Banderas y/o señalización,"2,095,000,000,000",2025-3,2025-3,KAPPA,OMEGA,20 a 35 años,,,RHO,
Agrupación De Vivienda Monguí,ETAPA 2,11/26/2024,No,Banco,Banderas y/o señalización,"1,898,949,000,000",2024-11,2024-11,KAPPA,OMEGA,20 - 35 años,,,NU,
La Arboleda,ETAPA 1,8/30/2025,No,Colsubsidio,Banderas y/o señalización,"1,676,883,000,000",2025-8,2025-8,SIGMA,OMEGA,20 a 35 años,2,2,NU,
Agrupación De Vivienda Monguí,ETAPA 1,3/16/2025,No,Banco,Banderas y/o señalización,"1,736,670,000,000",2025-3,2025-3,KAPPA,OMEGA,36 a 45 años,3,2,NU,
VERDE ESPERANZA EL DORADO,ETAPA 1,9/28/2025,No,Colsubsidio,Valla ,"1,578,000,000,000",2025-9,2025-9,SIGMA,OMEGA,46 a 55 años,,,GAMMA,
INARI,ETAPA 1,4/26/2026,No,Colsubsidio,Activación,"2,506,000,000,000",2026-4,2026-4,KAPPA,OMEGA,36 a 45 años,,,TAU,
Agrupación De Vivienda Monguí,ETAPA 3,4/25/2026,No,Colsubsidio,Activación,"1,567,060,000,000",2026-4,2026-4,KAPPA,OMEGA,20 a 35 años,2,2,GAMMA,
Agrupacion De Vivienda Fuentevida,ETAPA 2,11/26/2024,No,Colsubsidio,Referido Alcaldía,"1,208,551,500,000",2024-11,2024-11,NU,OMEGA,20 - 35 años,,,TAU,
INARI,ETAPA 1,4/24/2026,No,Colsubsidio,Activación,"2,808,000,000,000",2026-4,2026-4,KAPPA,OMEGA,Mayor de 55 años,,,TAU,
AGRUPACIÓN DE VIVIENDA BOSQUE DE TURPIAL,,1/24/2026,Si,Banco,Sin Informacion,"2,311,000,000,000",2026-1,2026-1,NU,OMEGA,20 a 35 años,,,RHO,X
Agrupacion De Vivienda Payande,ETAPA 2,10/7/2025,No,Banco,Valla ,"1,921,725,000,000",2025-10,2025-10,SIGMA,ETA,36 a 45 años,2,1,NU,
Agrupación De Vivienda Monguí,ETAPA 2,1/24/2026,No,Banco,Banderas y/o señalización,"2,041,940,000,000",2026-1,2026-1,NU,OMEGA,20 a 35 años,,,NU,
VERDE ESPERANZA EL DORADO,ETAPA 1,10/29/2025,No,Colsubsidio,Banderas y/o señalización,"1,578,000,000,000",2025-10,2025-10,KAPPA,OMEGA,20 a 35 años,1,1,ZETA,
Agrupación De Vivienda La Macarena,ETAPA 4,1/30/2026,No,Colsubsidio,Banderas y/o señalización,"1,479,515,000,000",2026-1,2026-1,KAPPA,OMEGA,20 a 35 años,1,1,NU,
Agrupacion De Vivienda Reserva De Guayacan,ETAPA 1,10/25/2025,No,Banco,Whatsapp,"2,360,000,000,000",2025-10,2025-10,KAPPA,OMEGA,Mayor de 55 años,1,1,NU,
AGRUPACIÓN DE VIVIENDA BOSQUE DE TURPIAL,ETAPA 1,11/14/2025,No,Banco,Banderas y/o señalización,"2,311,190,000,000",2025-11,2025-11,NU,OMEGA,20 a 35 años,,,GAMMA,
VERDE ESPERANZA EL DORADO,ETAPA 1,11/4/2025,No,Colsubsidio,Banderas y/o señalización,"1,578,000,000,000",2025-11,2025-11,KAPPA,OMEGA,46 a 55 años,1,,TAU,
Agrupación De Vivienda Monguí,ETAPA 2,7/23/2025,No,Banco,Banderas y/o señalización,"1,991,476,500,000",2025-7,2025-7,KAPPA,OMEGA,46 a 55 años,2,1,TAU,
VERDE ESPERANZA EL DORADO,ETAPA 1,10/26/2025,No,Colsubsidio,Banderas y/o señalización,"1,578,000,000,000",2025-10,2025-10,SIGMA,OMEGA,46 a 55 años,,,GAMMA,
La Arboleda,ETAPA 2,1/19/2024,No,Banco,Banderas y/o señalización,"1,813,539,000,000",2024-1,2024-1,KAPPA,OMEGA,20 - 35 años,3,2,ZETA,
AGRUPACIÓN DE VIVIENDA BOSQUE DE TURPIAL,ETAPA 2,11/17/2025,No,Banco,Banderas y/o señalización,"2,591,000,000,000",2025-11,2025-11,NU,ETA,20 a 35 años,,,TAU,
Versalles,ETAPA 2,11/19/2025,No,Colsubsidio,Banderas y/o señalización,"2,138,000,000,000",2025-11,2025-11,SIGMA,OMEGA,20 a 35 años,1,,TAU,
Agrupacion De Vivienda Payande,ETAPA 3,7/9/2025,No,Colsubsidio,Ferias empresariales,"1,841,725,000,000",2025-7,2025-7,SIGMA,OMEGA,36 a 45 años,2,2,TAU,
INARI,ETAPA 1,7/31/2025,No,Colsubsidio,Banderas y/o señalización,"2,506,000,000,000",2025-7,2025-7,KAPPA,OMEGA,20 a 35 años,1,1,TAU,
Agrupación De Vivienda Pamplona I,ETAPA 3,5/3/2026,No,Colsubsidio,Banderas y/o señalización,"2,200,000,000,000",2026-5,2026-5,SIGMA,ETA,36 a 45 años,1,1,RHO,X
Agrupacion De Vivienda Bosque De Arrayan,ETAPA 3,5/3/2026,No,Colsubsidio,Banderas y/o señalización,"2,190,000,000,000",2026-5,2026-5,NU,OMEGA,20 a 35 años,,,ALPHA,
La Arboleda,ETAPA 2,6/15/2024,No,Colsubsidio,Banderas y/o señalización,"1,972,971,000,000",2024-6,2024-6,KAPPA,OMEGA,36 - 45 años,2,1,TAU,X
Agrupacion De Vivienda Payande,ETAPA 1,6/18/2024,No,Banco,Ferias empresariales,"1,755,000,000,000",2024-6,2024-6,NU,ETA,36 - 45 años,,,RHO,X
Agrupación De Vivienda Pamplona I,ETAPA 4,5/16/2026,No,Banco,Banderas y/o señalización,"2,480,000,000,000",2026-5,2026-5,NU,OMEGA,20 a 35 años,,,GAMMA,
Agrupación De Vivienda Pamplona I,ETAPA 5,6/20/2025,No,Banco,Banderas y/o señalización,"2,293,000,000,000",2025-6,2025-6,KAPPA,OMEGA,20 a 35 años,1,,TAU,
AGRUPACIÓN DE VIVIENDA BOSQUE DE TURPIAL,,6/27/2024,Si,Colsubsidio,Sin Informacion,"2,311,000,000,000",2024-6,2024-6,NU,OMEGA,20 - 35 años,,,NU,
Agrupacion De Vivienda Bosque De Arrayan,ETAPA 4,9/30/2024,No,Banco,Banderas y/o señalización,"1,935,700,000,000",2024-9,2024-9,NU,ETA,20 - 35 años,0,0,NU,
AGRUPACIÓN DE VIVIENDA BOSQUE DE TURPIAL,,6/9/2024,Si,Colsubsidio,Sin Informacion,"2,311,000,000,000",2024-6,2024-6,KAPPA,OMEGA,36 - 45 años,1,,TAU,
INARI,1,9/16/2024,Si,Banco,Sin Informacion,"2,808,000,000,000",2024-9,2024-9,KAPPA,OMEGA,20 - 35 años,1,0,TAU,
INARI,ETAPA 1,2/1/2025,No,Banco,Banderas y/o señalización,"2,808,000,000,000",2025-2,2025-2,SIGMA,ETA,36 a 45 años,,,RHO,X
VILLA FIORITA,ETAPA 3,6/16/2024,No,Banco,Ferias empresariales,"2,135,250,000,000",2024-6,2024-6,SIGMA,ETA,20 - 35 años,2,,GAMMA,
Agrupacion De Vivienda Reserva De Guayacan,ETAPA 1,5/9/2026,No,Banco,Banderas y/o señalización,"2,360,000,000,000",2026-5,2026-5,KAPPA,OMEGA,20 a 35 años,,,GAMMA,
La Arboleda,ETAPA 1,6/18/2024,No,Colsubsidio,Activación,"1,629,907,500,000",2024-6,2024-6,SIGMA,ETA,36 - 45 años,1,1,GAMMA,X
La Arboleda,ETAPA 2,6/16/2024,No,Banco,Banderas y/o señalización,"1,954,465,500,000",2024-6,2024-6,SIGMA,OMEGA,36 - 45 años,1,1,GAMMA,
Agrupacion De Vivienda Bosque De Arrayan,ETAPA 4,2/4/2025,No,Colsubsidio,Banderas y/o señalización,"2,066,922,000,000",2025-2,2025-2,NU,ETA,20 a 35 años,,,GAMMA,
Versalles,ETAPA 1,6/14/2025,No,Colsubsidio,Ferias empresariales,"2,110,000,000,000",2025-6,2025-6,SIGMA,OMEGA,20 a 35 años,2,1,NU,
AGRUPACIÓN DE VIVIENDA BOSQUE DE TURPIAL,ETAPA 1,6/16/2024,No,Colsubsidio,,"2,311,000,000,000",2024-6,2024-6,NU,OMEGA,36 - 45 años,,,TAU,
AGRUPACIÓN DE VIVIENDA SAMÁN ,ETAPA 1,6/15/2025,No,Banco,Ferias empresariales,"2,550,000,000,000",2025-6,2025-6,NU,OMEGA,20 a 35 años,,,TAU,
Agrupación De Vivienda Monguí,ETAPA 3,5/3/2026,No,Colsubsidio,Banderas y/o señalización,"1,969,768,000,000",2026-5,2026-5,KAPPA,OMEGA,46 a 55 años,6,4,TAU,
Proyecto Karakalí,ETAPA 1,4/3/2025,No,Colsubsidio,Banderas y/o señalización,"2,451,267,000,000",2025-4,2025-4,NU,OMEGA,20 a 35 años,,,GAMMA,
Agrupacion De Vivienda Bosque De Arrayan,ETAPA 3,4/14/2025,No,Banco,Banderas y/o señalización,"2,066,922,000,000",2025-4,2025-4,SIGMA,OMEGA,20 a 35 años,1,1,GAMMA,
La Arboleda,ETAPA 3,4/26/2025,No,Banco,Whatsapp,"2,412,130,000,000",2025-4,2025-4,SIGMA,OMEGA,46 a 55 años,2,,NU,
VILLA FIORITA,ETAPA 3,4/16/2025,No,Banco,Referido,"2,135,250,000,000",2025-4,2025-4,SIGMA,ETA,46 a 55 años,2,2,RHO,X
VERDE ESPERANZA EL DORADO,ETAPA 1,2/20/2026,No,Colsubsidio,Banderas y/o señalización,"1,793,000,000,000",2026-2,2026-2,KAPPA,OMEGA,46 a 55 años,,,ZETA,
VILLA MERCEDES EL DORADO,ETAPA 1,2/25/2026,No,Banco,Referido Alcaldía,"1,715,000,000,000",2026-2,2026-2,KAPPA,OMEGA,46 a 55 años,2,1,TAU,
VERDE ESPERANZA EL DORADO,ETAPA 1,2/8/2026,No,Banco,Banderas y/o señalización,"1,753,000,000,000",2026-2,2026-2,KAPPA,OMEGA,20 a 35 años,2,2,ZETA,
Agrupación De Vivienda Monguí,ETAPA 2,2/21/2026,No,Colsubsidio,Activación,"1,575,815,000,000",2026-2,2026-2,KAPPA,OMEGA,20 a 35 años,,,TAU,
Agrupación De Vivienda Monguí,ETAPA 2,2/25/2026,No,Banco,Activación,"1,575,815,000,000",2026-2,2026-2,KAPPA,OMEGA,20 a 35 años,,,NU,
VERDE ESPERANZA EL DORADO,ETAPA 1,2/21/2026,No,Banco,Banderas y/o señalización,"1,793,000,000,000",2026-2,2026-2,KAPPA,OMEGA,20 a 35 años,2,,TAU,
VERDE ESPERANZA EL DORADO,ETAPA 1,2/28/2026,No,Colsubsidio,Banderas y/o señalización,"1,753,000,000,000",2026-2,2026-2,SIGMA,OMEGA,36 a 45 años,3,3,GAMMA,
VILLA MERCEDES EL DORADO,ETAPA 1,2/18/2026,No,Colsubsidio,Referido Alcaldía,"1,715,000,000,000",2026-2,2026-2,KAPPA,OMEGA,20 a 35 años,,,TAU,
Agrupacion De Vivienda Bosque De Arrayan,ETAPA 4,2/12/2026,No,Colsubsidio,Banderas y/o señalización,"2,205,000,000,000",2026-2,2026-2,KAPPA,OMEGA,36 a 45 años,3,2,GAMMA,
Agrupación De Vivienda Monguí,ETAPA 2,2/5/2026,No,Banco,Contact Center,"1,952,259,000,000",2026-2,2026-2,SIGMA,OMEGA,20 a 35 años,2,2,RHO,X
AGRUPACIÓN DE VIVIENDA BOSQUE DE TURPIAL,ETAPA 1,2/3/2026,No,Banco,Banderas y/o señalización,"2,311,190,000,000",2026-2,2026-2,SIGMA,OMEGA,20 a 35 años,2,2,GAMMA,
Agrupación De Vivienda Monguí,ETAPA 2,2/28/2026,No,Colsubsidio,Activación,"1,952,259,000,000",2026-2,2026-2,KAPPA,OMEGA,20 a 35 años,,,GAMMA,
Agrupación De Vivienda Monguí,ETAPA 2,2/21/2026,No,Banco,Banderas y/o señalización,"1,785,923,000,000",2026-2,2026-2,SIGMA,OMEGA,20 a 35 años,2,1,RHO,X
VILLA MERCEDES EL DORADO,ETAPA 1,2/16/2026,No,Banco,Referido Alcaldía,"1,715,000,000,000",2026-2,2026-2,SIGMA,OMEGA,36 a 45 años,1,1,TAU,
VILLA MERCEDES EL DORADO,ETAPA 1,2/19/2026,No,Banco,Referido Alcaldía,"1,715,000,000,000",2026-2,2026-2,KAPPA,OMEGA,46 a 55 años,1,,TAU,
Los Nogales,ETAPA 2,2/23/2026,No,Banco,Banderas y/o señalización,"5,752,140,000,000",2026-2,2026-2,SIGMA,OMEGA,Mayor de 55 años,,,ETA,
VERDE ESPERANZA EL DORADO,ETAPA 1,7/15/2026,No,Banco,Banderas y/o señalización,"1,793,000,000,000",2026-7,2026-6,SIGMA,OMEGA,20 a 35 años,2,2,GAMMA,
Agrupación De Vivienda Pamplona I,ETAPA 5,2/5/2024,No,Colsubsidio,Banderas y/o señalización,"2,293,000,000,000",2024-2,2024-2,SIGMA,OMEGA,20 - 35 años,1,,ALPHA,
Los Nogales,ETAPA 1,2/9/2024,No,Banco,Ferias empresariales,"5,391,380,000,000",2024-2,2024-2,SIGMA,ETA,36 - 45 años,4,1,RHO,X
Proyecto Karakalí,1,5/28/2024,Si,Banco,Sin Informacion,"2,582,000,000,000",2024-5,2024-5,NU,TAU,20 - 35 años,,,RHO,X
Los Nogales,ETAPA 1,2/9/2024,No,Banco,Valla ,"6,479,150,000,000",2024-2,2024-2,SIGMA,TAU,36 - 45 años,3,,GAMMA,
AGRUPACIÓN DE VIVIENDA BOSQUE DE TURPIAL,ETAPA 1,5/30/2024,No,Colsubsidio,Banderas y/o señalización,"2,311,000,000,000",2024-5,2024-5,NU,OMEGA,20 - 35 años,,,GAMMA,X
Agrupación De Vivienda La Macarena,ETAPA 4,3/14/2026,No,Banco,Activación,"1,567,060,000,000",2026-3,2026-3,KAPPA,OMEGA,20 a 35 años,,,ALPHA,
VILLA MERCEDES EL DORADO,ETAPA 1,6/20/2026,No,Banco,Referido Alcaldía,"1,715,000,000,000",2026-6,2026-6,KAPPA,OMEGA,20 a 35 años,,,NU,
VERDE ESPERANZA EL DORADO,ETAPA 1,3/29/2026,No,Banco,Banderas y/o señalización,"1,753,000,000,000",2026-3,2026-3,SIGMA,OMEGA,20 a 35 años,1,1,GAMMA,
ABETO,ETAPA 3,12/19/2025,No,Banco,Activación,"3,649,000,000,000",2025-12,2025-12,SIGMA,TAU,Mayor de 55 años,2,,RHO,X
ARAUCARIA,ETAPA 1,12/21/2025,No,Banco,Banderas y/o señalización,"6,291,000,000,000",2025-12,2025-12,NU,TAU,20 a 35 años,,,GAMMA,
AGRUPACIÓN DE VIVIENDA BOSQUE DE TURPIAL,ETAPA 1,8/24/2025,No,Colsubsidio,Ferias empresariales,"2,311,190,000,000",2025-8,2025-8,NU,ETA,20 a 35 años,,,TAU,
Los Nogales,ETAPA 1,8/30/2025,No,Banco,Referido,"5,747,340,000,000",2025-8,2025-8,SIGMA,TAU,36 a 45 años,1,,NU,
INARI,ETAPA 1,8/10/2025,No,Colsubsidio,Banderas y/o señalización,"2,506,000,000,000",2025-8,2025-8,NU,ETA,20 a 35 años,,,RHO,X
Versalles,ETAPA 1,3/6/2025,No,Banco,Banderas y/o señalización,"2,171,000,000,000",2025-3,2025-3,NU,OMEGA,20 a 35 años,,,GAMMA,
Agrupacion De Vivienda Fuentevida,ETAPA 2,3/24/2025,No,Colsubsidio,Referido Alcaldía,"1,281,150,000,000",2025-3,2025-3,KAPPA,OMEGA,36 a 45 años,3,2,RHO,X
La Arboleda,ETAPA 2,11/14/2024,No,Colsubsidio,Banderas y/o señalización,"1,807,845,000,000",2024-11,2024-11,SIGMA,OMEGA,46 - 55 años,2,1,GAMMA,
Versalles,ETAPA 1,3/15/2025,No,Banco,Activación,"1,987,000,000,000",2025-3,2025-3,SIGMA,OMEGA,20 a 35 años,1,1,GAMMA,
Agrupacion De Vivienda Fuentevida,ETAPA 2,3/24/2025,No,Colsubsidio,Referido Alcaldía,"1,281,150,000,000",2025-3,2025-3,KAPPA,OMEGA,36 a 45 años,4,2,NU,
Agrupacion De Vivienda Payande,ETAPA 1,3/31/2025,No,Contado,Valla ,"1,791,725,000,000",2025-3,2025-3,SIGMA,OMEGA,Mayor de 55 años,,,TAU,
AGRUPACIÓN DE VIVIENDA SAMÁN ,ETAPA 1,8/22/2025,No,Colsubsidio,Ferias empresariales,"2,550,000,000,000",2025-8,2025-8,KAPPA,OMEGA,36 a 45 años,1,,TAU,
Agrupación De Vivienda Pamplona I,ETAPA 3,3/25/2025,No,Contado,Página web ,"2,293,000,000,000",2025-3,2025-3,NU,OMEGA,20 a 35 años,,,TAU,
Versalles,ETAPA 1,3/3/2025,No,Banco,Redes Sociales,"2,110,000,000,000",2025-3,2025-3,KAPPA,OMEGA,36 a 45 años,2,2,TAU,
Agrupación De Vivienda Monguí,ETAPA 2,1/29/2026,No,Banco,Banderas y/o señalización,"1,969,768,000,000",2026-1,2026-1,KAPPA,OMEGA,20 a 35 años,1,1,GAMMA,
Agrupación De Vivienda La Macarena,ETAPA 4,1/18/2026,No,Banco,Banderas y/o señalización,"1,770,000,000,000",2026-1,2026-1,NU,ETA,20 a 35 años,,,GAMMA,
VERDE ESPERANZA EL DORADO,ETAPA 1,10/20/2025,No,Colsubsidio,Banderas y/o señalización,"1,618,000,000,000",2025-10,2025-10,KAPPA,OMEGA,36 a 45 años,1,1,GAMMA,
VERDE ESPERANZA EL DORADO,ETAPA 1,10/16/2025,No,Colsubsidio,Valla ,"1,578,000,000,000",2025-10,2025-10,SIGMA,OMEGA,46 a 55 años,,,ZETA,
Los Nogales,ETAPA 2,8/30/2024,No,Banco,Valla ,"7,806,643,500,000",2024-8,2024-8,SIGMA,TAU,36 - 45 años,1,,RHO,X
Agrupacion De Vivienda Bosque De Arrayan,ETAPA 4,8/17/2024,No,Contado,,"1,935,700,000,000",2024-8,2024-8,SIGMA,TAU,36 - 45 años,2,,RHO,
Agrupación De Vivienda La Macarena,ETAPA 3,8/27/2024,No,Banco,Referido,"1,362,400,000,000",2024-8,2024-8,KAPPA,OMEGA,Menor de 19 años,,,GAMMA,
AGRUPACIÓN DE VIVIENDA SAMÁN ,ETAPA 1,1/25/2026,No,Banco,Valla ,"2,550,000,000,000",2026-1,2026-1,SIGMA,OMEGA,36 a 45 años,2,1,RHO,
Agrupacion De Vivienda Bosque De Arrayan,ETAPA 3,1/28/2024,No,Colsubsidio,Banderas y/o señalización,"1,933,100,000,000",2024-1,2024-1,NU,OMEGA,20 - 35 años,,,NU,
Agrupación De Vivienda Pamplona I,ETAPA 3,10/28/2025,No,Banco,Página web ,"2,217,000,000,000",2025-10,2025-10,NU,OMEGA,20 a 35 años,,,NU,
Proyecto Karakalí,ETAPA 1,10/29/2025,No,Colsubsidio,Banderas y/o señalización,"2,306,000,000,000",2025-10,2025-10,KAPPA,OMEGA,20 a 35 años,,,TAU,
Agrupación De Vivienda Pamplona I,ETAPA 1,8/16/2024,No,Colsubsidio,Revista Estrenar Vivienda,"2,064,075,000,000",2024-8,2024-8,SIGMA,OMEGA,46 - 55 años,,,TAU,
Conjunto Residencial Campo Alegre El Dorado,ETAPA 2,6/21/2024,No,Banco,Referido Alcaldía,"1,081,730,000,000",2024-6,2024-6,NU,ETA,20 - 35 años,,,GAMMA,
Agrupación De Vivienda La Macarena,ETAPA 3,5/21/2025,No,Banco,Referido,"1,618,519,500,000",2025-5,2025-5,NU,OMEGA,20 a 35 años,,,GAMMA,
Agrupación De Vivienda La Macarena,ETAPA 1,6/23/2024,No,Colsubsidio,Ferias empresariales,"1,443,000,000,000",2024-6,2024-6,SIGMA,OMEGA,20 - 35 años,1,1,GAMMA,
La Arboleda,ETAPA 4,5/16/2026,No,Colsubsidio,Banderas y/o señalización,"1,976,071,000,000",2026-5,2026-5,KAPPA,OMEGA,36 a 45 años,1,1,GAMMA,
Agrupación De Vivienda La Macarena,3,6/18/2024,Si,Banco,Sin Informacion,"1,528,839,000,000",2024-6,2024-6,NU,OMEGA,20 - 35 años,,,GAMMA,
Agrupación De Vivienda La Macarena,3,6/14/2025,Si,Colsubsidio,Sin Informacion,"1,575,815,000,000",2025-6,2025-6,NU,OMEGA,20 a 35 años,,,GAMMA,
Agrupación De Vivienda Monguí,,6/15/2025,Si,Colsubsidio,Sin Informacion,"2,004,768,000,000",2025-6,2025-6,KAPPA,OMEGA,36 a 45 años,2,2,GAMMA,
Agrupación De Vivienda La Macarena,ETAPA 4,5/10/2026,No,Colsubsidio,Banderas y/o señalización,"1,575,815,000,000",2026-5,2026-5,NU,OMEGA,Menor de 19 años,,,TAU,
Versalles,ETAPA 1,5/9/2026,No,Colsubsidio,Banderas y/o señalización,"1,987,000,000,000",2026-5,2026-5,NU,OMEGA,20 a 35 años,,,TAU,
Agrupación De Vivienda La Macarena,3,9/17/2024,Si,Colsubsidio,Sin Informacion,"1,400,724,000,000",2024-9,2024-9,SIGMA,OMEGA,36 - 45 años,0,0,GAMMA,
La Arboleda,ETAPA 3,2/26/2025,No,Colsubsidio,Banderas y/o señalización,"2,233,450,000,000",2025-2,2025-2,KAPPA,OMEGA,20 a 35 años,3,3,GAMMA,
Versalles,ETAPA 1,2/14/2025,No,Banco,Referido,"2,171,000,000,000",2025-2,2025-2,SIGMA,OMEGA,36 a 45 años,1,1,GAMMA,
Agrupación De Vivienda Monguí,ETAPA 1,2/4/2025,No,Banco,Banderas y/o señalización,"1,884,714,000,000",2025-2,2025-2,KAPPA,OMEGA,36 a 45 años,2,2,GAMMA,
Agrupación De Vivienda Pamplona I,5,6/16/2024,Si,Colsubsidio,Sin Informacion,"2,293,000,000,000",2024-6,2024-6,SIGMA,OMEGA,36 - 45 años,1,,GAMMA,
INARI,1,6/18/2025,Si,Colsubsidio,Sin Informacion,"2,549,000,000,000",2025-6,2025-6,NU,OMEGA,20 a 35 años,,,RHO,
Versalles,ETAPA 1,5/26/2026,No,Colsubsidio,Banderas y/o señalización,"1,987,000,000,000",2026-5,2026-5,SIGMA,OMEGA,20 a 35 años,1,,GAMMA,
La Arboleda,ETAPA 2,6/16/2025,No,Colsubsidio,Ferias empresariales,"1,789,339,500,000",2025-6,2025-6,SIGMA,OMEGA,46 a 55 años,2,1,RHO,X
Agrupación De Vivienda La Macarena,3,6/22/2025,Si,Banco,Sin Informacion,"1,497,024,000,000",2025-6,2025-6,SIGMA,OMEGA,46 a 55 años,,,NU,
VILLA FIORITA,ETAPA 2,6/28/2025,No,Banco,Activación,"2,135,250,000,000",2025-6,2025-6,KAPPA,OMEGA,20 a 35 años,,,GAMMA,
Conjunto Residencial Campo Alegre El Dorado,ETAPA 2,6/24/2024,No,Banco,Referido Alcaldía,"1,081,730,000,000",2024-6,2024-6,KAPPA,OMEGA,46 - 55 años,,,ZETA,
AGRUPACIÓN DE VIVIENDA BOSQUE DE TURPIAL,ETAPA 1,6/16/2024,No,Colsubsidio,CS Tocancipá,"2,311,000,000,000",2024-6,2024-6,NU,OMEGA,20 - 35 años,,,GAMMA,
La Arboleda,ETAPA 2,6/14/2025,No,Banco,Activación,"1,793,610,000,000",2025-6,2025-6,KAPPA,OMEGA,36 a 45 años,1,1,ZETA,
Agrupación De Vivienda La Macarena,ETAPA 3,6/28/2024,No,Banco,Ferias empresariales,"1,365,000,000,000",2024-6,2024-6,NU,OMEGA,20 - 35 años,,,TAU,
INARI,ETAPA 1,6/30/2024,No,Banco,Banderas y/o señalización,"2,808,000,000,000",2024-6,2024-6,SIGMA,OMEGA,36 - 45 años,2,1,TAU,
Proyecto Karakalí,1,6/17/2024,Si,Banco,Sin Informacion,"2,217,000,000,000",2024-6,2024-6,KAPPA,OMEGA,20 - 35 años,2,2,TAU,
VILLA FIORITA,ETAPA 1,6/27/2025,No,Banco,Ferias empresariales,"2,135,250,000,000",2025-6,2025-6,SIGMA,ETA,20 a 35 años,1,,IOTA,
Agrupación De Vivienda La Macarena,ETAPA 1,6/8/2024,No,Colsubsidio,Referido,"1,331,200,000,000",2024-6,2024-6,NU,OMEGA,20 - 35 años,,,TAU,
Agrupacion De Vivienda Fuentevida,ETAPA 2,4/8/2025,No,Colsubsidio,Referido Alcaldía,"1,281,150,000,000",2025-4,2025-4,NU,OMEGA,20 a 35 años,,,NU,
La Arboleda,ETAPA 2,4/29/2025,No,Banco,Ferias empresariales,"1,807,845,000,000",2025-4,2025-4,KAPPA,OMEGA,20 a 35 años,4,3,NU,
Proyecto Karakalí,1,4/30/2025,Si,Banco,Sin Informacion,"2,451,267,000,000",2025-4,2025-4,KAPPA,OMEGA,20 a 35 años,,,TAU,
Agrupacion De Vivienda Reserva De Guayacan,ETAPA 1,4/15/2025,No,Banco,Referido,"2,360,000,000,000",2025-4,2025-4,KAPPA,OMEGA,20 a 35 años,1,1,RHO,X
Agrupación De Vivienda Monguí,ETAPA 2,2/28/2026,No,Colsubsidio,Banderas y/o señalización,"1,961,014,000,000",2026-2,2026-2,KAPPA,OMEGA,36 a 45 años,3,2,GAMMA,
Agrupación De Vivienda Monguí,ETAPA 2,2/22/2026,No,Colsubsidio,Activación,"1,785,923,000,000",2026-2,2026-2,NU,OMEGA,20 a 35 años,,,RHO,X
VILLA MERCEDES EL DORADO,ETAPA 1,2/20/2026,No,Banco,Referido Alcaldía,"1,715,000,000,000",2026-2,2026-2,KAPPA,ETA,20 a 35 años,,,IOTA,
VILLA MERCEDES EL DORADO,ETAPA 1,2/14/2026,No,Banco,Referido Alcaldía,"1,715,000,000,000",2026-2,2026-2,KAPPA,ETA,46 a 55 años,1,,IOTA,
Versalles,ETAPA 2,2/7/2026,No,Banco,Banderas y/o señalización,"2,270,000,000,000",2026-2,2026-2,NU,OMEGA,20 a 35 años,,,TAU,
Agrupación De Vivienda Monguí,ETAPA 2,2/8/2026,No,Colsubsidio,Banderas y/o señalización,"1,777,169,000,000",2026-2,2026-2,KAPPA,OMEGA,36 a 45 años,4,3,TAU,
VERDE ESPERANZA EL DORADO,ETAPA 1,2/6/2026,No,Colsubsidio,Banderas y/o señalización,"1,753,000,000,000",2026-2,2026-2,KAPPA,OMEGA,20 a 35 años,3,3,TAU,
VILLA MERCEDES EL DORADO,ETAPA 1,2/27/2026,No,Banco,Referido Alcaldía,"1,715,000,000,000",2026-2,2026-2,KAPPA,OMEGA,20 a 35 años,2,2,TAU,
Agrupación De Vivienda Monguí,ETAPA 2,2/22/2026,No,Colsubsidio,Activación,"1,575,815,000,000",2026-2,2026-2,KAPPA,OMEGA,Menor de 19 años,,,TAU,
Agrupación De Vivienda Pamplona I,,2/3/2024,Si,Banco,Sin Informacion,"2,045,000,000,000",2024-2,2024-2,KAPPA,OMEGA,Mayor de 55 años,,,TAU,
Agrupación De Vivienda Pamplona I,ETAPA 1,12/10/2024,No,Banco,Banderas y/o señalización,"2,064,075,000,000",2024-12,2024-12,NU,OMEGA,20 - 35 años,,,RHO,X
AGRUPACIÓN DE VIVIENDA BOSQUE DE TURPIAL,ETAPA 1,1/9/2025,No,Banco,Banderas y/o señalización,"2,553,000,000,000",2025-1,2025-1,NU,OMEGA,20 - 35 años,,,RHO,X
Agrupación De Vivienda La Macarena,ETAPA 3,1/31/2025,No,Banco,Banderas y/o señalización,"1,537,380,000,000",2025-1,2025-1,KAPPA,OMEGA,36 - 45 años,2,2,NU,
Agrupación De Vivienda Monguí,ETAPA 2,1/27/2025,No,Banco,Banderas y/o señalización,"1,917,454,500,000",2025-1,2025-1,SIGMA,OMEGA,20 - 35 años,1,1,GAMMA,
INARI,1,12/22/2024,Si,Banco,Sin Informacion,"2,808,000,000,000",2024-12,2024-12,NU,ETA,20 - 35 años,,,RHO,X
INARI,ETAPA 1,12/28/2024,No,Banco,Banderas y/o señalización,"2,506,000,000,000",2024-12,2024-12,KAPPA,OMEGA,36 - 45 años,2,1,NU,
Agrupacion De Vivienda Bosque De Arrayan,ETAPA 3,1/13/2025,No,Banco,Banderas y/o señalización,"1,913,611,050,000",2025-1,2025-1,KAPPA,OMEGA,20 - 35 años,1,,NU,
Agrupacion De Vivienda Bosque De Arrayan,ETAPA 4,1/12/2025,No,Banco,Banderas y/o señalización,"1,872,329,900,000",2025-1,2025-1,KAPPA,OMEGA,20 - 35 años,,,TAU,
Agrupación De Vivienda Pamplona I,ETAPA 1,6/14/2026,No,Colsubsidio,Banderas y/o señalización,"2,180,000,000,000",2026-6,2026-6,SIGMA,OMEGA,20 a 35 años,1,,ALPHA,
AGRUPACIÓN DE VIVIENDA BOSQUE DE TURPIAL,ETAPA 1,3/15/2026,No,Colsubsidio,Banderas y/o señalización,"2,311,000,000,000",2026-3,2026-3,KAPPA,OMEGA,36 a 45 años,1,1,RHO,
VILLA MERCEDES EL DORADO,ETAPA 1,6/16/2026,No,Banco,Referido Alcaldía,"1,715,000,000,000",2026-6,2026-6,KAPPA,OMEGA,36 a 45 años,2,2,ZETA,
Agrupación De Vivienda Pamplona I,ETAPA 4,6/11/2026,No,Banco,Banderas y/o señalización,"2,480,000,000,000",2026-6,2026-6,KAPPA,OMEGA,20 a 35 años,,,GAMMA,
INARI,ETAPA 1,6/29/2026,No,Colsubsidio,Activación,"2,808,000,000,000",2026-6,2026-6,SIGMA,OMEGA,46 a 55 años,,,RHO,X
Agrupación De Vivienda La Macarena,ETAPA 3,3/28/2026,No,Banco,Banderas y/o señalización,"1,567,060,000,000",2026-3,2026-3,NU,OMEGA,20 a 35 años,,,GAMMA,
VILLA MERCEDES EL DORADO,ETAPA 1,3/27/2026,No,Banco,Referido Alcaldía,"1,715,000,000,000",2026-3,2026-3,SIGMA,OMEGA,20 a 35 años,2,2,GAMMA,
Agrupación De Vivienda Pamplona I,ETAPA 1,6/23/2026,No,Banco,Banderas y/o señalización,"2,180,000,000,000",2026-6,2026-6,SIGMA,OMEGA,46 a 55 años,,,NU,
ARAUCARIA,ETAPA 1,12/27/2025,No,Banco,,"5,923,000,000,000",2025-12,2025-12,SIGMA,TAU,20 a 35 años,3,,RHO,X
AGRUPACIÓN DE VIVIENDA BOSQUE DE TURPIAL,ETAPA 2,12/18/2025,No,Banco,Banderas y/o señalización,"2,807,000,000,000",2025-12,2025-12,SIGMA,OMEGA,46 a 55 años,1,1,TAU,
La Arboleda,ETAPA 2,12/21/2025,No,Banco,Whatsapp,"1,783,645,500,000",2025-12,2025-12,SIGMA,OMEGA,Mayor de 55 años,,,GAMMA,
Agrupación De Vivienda Monguí,,9/14/2025,Si,Banco,Sin Informacion,"1,820,923,000,000",2025-9,2025-9,SIGMA,OMEGA,20 a 35 años,1,1,ALPHA,
Agrupación De Vivienda Monguí,ETAPA 2,9/22/2025,No,Colsubsidio,Ferias empresariales,"1,787,916,000,000",2025-9,2025-9,SIGMA,OMEGA,20 a 35 años,1,1,RHO,X
La Arboleda,ETAPA 3,9/20/2025,No,Colsubsidio,Banderas y/o señalización,"2,264,970,000,000",2025-9,2025-9,SIGMA,OMEGA,36 a 45 años,1,1,GAMMA,
VERDE ESPERANZA EL DORADO,ETAPA 1,9/29/2025,No,Colsubsidio,Valla ,"1,618,000,000,000",2025-9,2025-9,KAPPA,OMEGA,20 a 35 años,3,2,NU,
VILLA FIORITA,ETAPA 3,8/16/2025,No,Colsubsidio,Whatsapp,"2,135,250,000,000",2025-8,2025-8,SIGMA,OMEGA,36 a 45 años,,2,TAU,
Agrupación De Vivienda Monguí,ETAPA 2,3/21/2025,No,Banco,Contact Center,"1,765,140,000,000",2025-3,2025-3,NU,OMEGA,20 a 35 años,,,RHO,X
AGRUPACIÓN DE VIVIENDA SAMÁN ,ETAPA 1,3/2/2025,No,Banco,Contact Center,"2,550,000,000,000",2025-3,2025-3,KAPPA,OMEGA,20 a 35 años,1,1,ALPHA,
La Arboleda,,3/27/2025,Si,Banco,Sin Informacion,"1,783,645,500,000",2025-3,2025-3,KAPPA,OMEGA,20 a 35 años,2,2,RHO,X
La Arboleda,ETAPA 3,8/22/2025,No,Banco,Whatsapp,"2,412,130,000,000",2025-8,2025-8,SIGMA,OMEGA,36 a 45 años,,,GAMMA,
INARI,1,3/31/2025,Si,Banco,Sin Informacion,"2,506,000,000,000",2025-3,2025-3,SIGMA,OMEGA,36 a 45 años,1,1,GAMMA,
Versalles,ETAPA 1,3/16/2025,No,Colsubsidio,Activación,"1,987,000,000,000",2025-3,2025-3,KAPPA,OMEGA,20 a 35 años,2,2,GAMMA,
VERDE ESPERANZA EL DORADO,ETAPA 1,9/26/2025,No,Colsubsidio,Banderas y/o señalización,"1,578,000,000,000",2025-9,2025-9,KAPPA,OMEGA,46 a 55 años,1,1,GAMMA,
VERDE ESPERANZA EL DORADO,ETAPA 1,9/19/2025,No,Banco,Banderas y/o señalización,"1,578,000,000,000",2025-9,2025-9,KAPPA,OMEGA,36 a 45 años,3,3,GAMMA,
Versalles,ETAPA 1,3/23/2025,No,Banco,Banderas y/o señalización,"2,171,000,000,000",2025-3,2025-3,KAPPA,OMEGA,36 a 45 años,4,1,NU,
Versalles,ETAPA 1,3/16/2025,No,Banco,Activación,"1,987,000,000,000",2025-3,2025-3,NU,OMEGA,20 a 35 años,,,ZETA,
AGRUPACIÓN DE VIVIENDA BOSQUE DE TURPIAL,ETAPA 1,11/10/2024,No,Colsubsidio,Banderas y/o señalización,"2,311,190,000,000",2024-11,2024-11,NU,OMEGA,20 - 35 años,,,NU,
Conjunto Residencial Campo Alegre El Dorado,ETAPA 2,3/30/2025,No,Banco,Valla ,"1,184,494,350,000",2025-3,2025-3,SIGMA,OMEGA,20 a 35 años,1,1,TAU,
VILLA FIORITA,ETAPA 1,3/19/2025,No,Banco,Activación,"2,135,250,000,000",2025-3,2025-3,NU,OMEGA,20 a 35 años,,,ZETA,
Agrupación De Vivienda Monguí,,7/31/2024,Si,Banco,Sin Informacion,"1,567,060,000,000",2024-7,2024-7,KAPPA,OMEGA,20 - 35 años,1,,TAU,
VERDE ESPERANZA EL DORADO,ETAPA 1,10/15/2025,No,Colsubsidio,Valla ,"1,578,000,000,000",2025-10,2025-10,KAPPA,OMEGA,20 a 35 años,,,GAMMA,
VILLA FIORITA,ETAPA 2,7/3/2025,No,Banco,Whatsapp,"2,135,250,000,000",2025-7,2025-7,NU,OMEGA,20 a 35 años,,,TAU,
INARI,ETAPA 1,7/10/2025,No,Colsubsidio,Activación,"2,808,000,000,000",2025-7,2025-7,KAPPA,OMEGA,36 a 45 años,3,2,GAMMA,
Agrupación De Vivienda Monguí,ETAPA 2,7/21/2025,No,Banco,Referido,"1,900,372,500,000",2025-7,2025-7,NU,ETA,20 a 35 años,,,NU,
Agrupacion De Vivienda Bosque De Arrayan,ETAPA 3,8/20/2024,No,Banco,Banderas y/o señalización,"1,912,300,000,000",2024-8,2024-8,SIGMA,OMEGA,46 - 55 años,,,ZETA,
Agrupacion De Vivienda Payande,ETAPA 3,8/30/2024,No,Contado,Banderas y/o señalización,"1,755,000,000,000",2024-8,2024-8,SIGMA,TAU,36 - 45 años,,,NU,
AGRUPACIÓN DE VIVIENDA BOSQUE DE TURPIAL,,8/10/2024,Si,Colsubsidio,Sin Informacion,"2,095,000,000,000",2024-8,2024-8,NU,OMEGA,20 - 35 años,,,TAU,
INARI,1,7/9/2025,Si,Colsubsidio,Sin Informacion,"2,506,000,000,000",2025-7,2025-7,KAPPA,OMEGA,46 a 55 años,1,1,TAU,
Agrupación De Vivienda Pamplona I,ETAPA 4,6/24/2025,No,Contado,Referido,"2,361,000,000,000",2025-6,2025-6,SIGMA,OMEGA,36 a 45 años,1,1,RHO,X
La Arboleda,ETAPA 3,6/15/2025,No,Banco,Ferias empresariales,"2,233,450,000,000",2025-6,2025-6,NU,OMEGA,20 a 35 años,,,GAMMA,
INARI,ETAPA 1,6/12/2025,No,Colsubsidio,Activación,"2,808,000,000,000",2025-6,2025-6,KAPPA,OMEGA,20 a 35 años,2,2,GAMMA,
Agrupacion De Vivienda Payande,ETAPA 2,6/15/2024,No,Colsubsidio,Ferias empresariales,"1,755,000,000,000",2024-6,2024-6,SIGMA,ETA,Mayor de 55 años,,,RHO,X
VERDE ESPERANZA EL DORADO,ETAPA 1,5/13/2026,No,Colsubsidio,Banderas y/o señalización,"1,793,000,000,000",2026-5,2026-5,KAPPA,OMEGA,20 a 35 años,,,GAMMA,
Agrupación De Vivienda La Macarena,ETAPA 3,6/8/2024,No,Banco,Referido,"1,366,300,000,000",2024-6,2024-6,KAPPA,OMEGA,20 - 35 años,,,GAMMA,
Agrupación De Vivienda La Macarena,ETAPA 3,6/14/2025,No,Colsubsidio,Referido,"1,618,519,500,000",2025-6,2025-6,KAPPA,OMEGA,36 a 45 años,3,2,NU,
Agrupación De Vivienda Pamplona I,ETAPA 4,6/26/2025,No,Banco,Banderas y/o señalización,"2,361,000,000,000",2025-6,2025-6,NU,OMEGA,20 a 35 años,,,GAMMA,
Agrupación De Vivienda Pamplona I,ETAPA 3,5/8/2026,No,Colsubsidio,Banderas y/o señalización,"2,100,000,000,000",2026-5,2026-5,SIGMA,OMEGA,20 a 35 años,1,1,NU,
INARI,ETAPA 1,5/27/2026,No,Colsubsidio,Activación,"2,916,000,000,000",2026-5,2026-5,NU,ETA,20 a 35 años,,,GAMMA,
Agrupación De Vivienda Monguí,,6/19/2024,Si,Banco,Sin Informacion,"1,777,951,500,000",2024-6,2024-6,KAPPA,OMEGA,20 - 35 años,,,ZETA,
Conjunto Residencial Campo Alegre El Dorado,ETAPA 2,9/23/2024,No,Banco,Referido Alcaldía,"1,118,728,650,000",2024-9,2024-9,KAPPA,OMEGA,20 - 35 años,0,0,TAU,
Zarzal,ETAPA 1,5/19/2026,No,Banco,Banderas y/o señalización,"2,267,000,000,000",2026-5,2026-5,SIGMA,OMEGA,46 a 55 años,,,TAU,
AGRUPACIÓN DE VIVIENDA BOSQUE DE TURPIAL,ETAPA 1,6/16/2024,No,Colsubsidio,Referido,"2,311,000,000,000",2024-6,2024-6,KAPPA,OMEGA,20 - 35 años,,,TAU,
Agrupación De Vivienda Monguí,,6/14/2025,Si,Colsubsidio,Sin Informacion,"1,584,569,000,000",2025-6,2025-6,SIGMA,TAU,Mayor de 55 años,,,TAU,
VERDE ESPERANZA EL DORADO,ETAPA 1,5/21/2026,No,Banco,Banderas y/o señalización,"1,793,000,000,000",2026-5,2026-5,NU,OMEGA,20 a 35 años,,,TAU,
La Arboleda,ETAPA 2,6/14/2025,No,Banco,Banderas y/o señalización,"1,793,610,000,000",2025-6,2025-6,KAPPA,OMEGA,20 a 35 años,4,4,GAMMA,
La Arboleda,,6/15/2024,Si,Banco,Sin Informacion,"1,995,747,000,000",2024-6,2024-6,NU,OMEGA,20 - 35 años,,,GAMMA,
VILLA FIORITA,,6/16/2024,Si,Colsubsidio,Sin Informacion,"1,950,000,000,000",2024-6,2024-6,SIGMA,ETA,36 - 45 años,,,GAMMA,
Agrupación De Vivienda La Macarena,ETAPA 3,2/17/2025,No,Banco,Banderas y/o señalización,"1,528,839,000,000",2025-2,2025-2,KAPPA,OMEGA,20 a 35 años,,,NU,
Agrupación De Vivienda Monguí,ETAPA 2,4/30/2024,No,Banco,Banderas y/o señalización,"1,991,476,500,000",2024-4,2024-4,NU,OMEGA,20 - 35 años,,,ZETA,
Agrupación De Vivienda La Macarena,ETAPA 4,5/5/2026,No,Banco,Banderas y/o señalización,"1,610,815,000,000",2026-5,2026-5,KAPPA,OMEGA,20 a 35 años,,,ZETA,
Agrupación De Vivienda Monguí,ETAPA 1,2/14/2025,No,Colsubsidio,Referido,"1,958,736,000,000",2025-2,2025-2,NU,OMEGA,20 a 35 años,,,ZETA,
MIRADOR DEL VIRREY II,UNICA,4/25/2024,No,Colsubsidio,Banderas ,"1,500,000,000,000",2024-4,2024-4,SIGMA,OMEGA,36 - 45 años,2,,TAU,
INARI,ETAPA 1,2/28/2025,No,Banco,Banderas y/o señalización,"2,506,000,000,000",2025-2,2025-2,KAPPA,OMEGA,20 a 35 años,3,1,TAU,
VERDE ESPERANZA EL DORADO,ETAPA 1,5/30/2026,No,Colsubsidio,Banderas y/o señalización,"1,618,000,000,000",2026-5,2026-5,KAPPA,OMEGA,Mayor de 55 años,2,,ETA,
Agrupacion De Vivienda Bosque De Arrayan,,6/15/2025,Si,Banco,Sin Informacion,"2,205,000,000,000",2025-6,2025-6,KAPPA,OMEGA,20 a 35 años,1,,TAU,
Agrupación De Vivienda La Macarena,3,4/22/2025,Si,Banco,Sin Informacion,"1,523,269,000,000",2025-4,2025-4,NU,OMEGA,20 a 35 años,,,RHO,
Agrupación De Vivienda Monguí,ETAPA 2,2/20/2026,No,Colsubsidio,Banderas y/o señalización,"1,794,678,000,000",2026-2,2026-2,SIGMA,OMEGA,36 a 45 años,,,GAMMA,
AGRUPACIÓN DE VIVIENDA BOSQUE DE TURPIAL,ETAPA 1,2/21/2026,No,Colsubsidio,Banderas y/o señalización,"2,311,190,000,000",2026-2,2026-2,NU,ETA,20 a 35 años,,,GAMMA,
VILLA MERCEDES EL DORADO,ETAPA 1,2/13/2026,No,Banco,Referido Alcaldía,"1,715,000,000,000",2026-2,2026-2,KAPPA,OMEGA,Mayor de 55 años,,,TAU,
Agrupación De Vivienda Monguí,ETAPA 2,2/25/2026,No,Colsubsidio,Banderas y/o señalización,"1,794,678,000,000",2026-2,2026-2,KAPPA,OMEGA,46 a 55 años,,,TAU,
VILLA MERCEDES EL DORADO,ETAPA 1,2/24/2026,No,Banco,Referido Alcaldía,"1,715,000,000,000",2026-2,2026-2,KAPPA,OMEGA,36 a 45 años,1,,TAU,
VILLA MERCEDES EL DORADO,ETAPA 1,2/27/2026,No,Banco,Referido Alcaldía,"1,715,000,000,000",2026-2,2026-2,KAPPA,ETA,Mayor de 55 años,,,IOTA,
Agrupación De Vivienda Monguí,ETAPA 2,2/12/2026,No,Banco,Activación,"1,575,815,000,000",2026-2,2026-2,KAPPA,OMEGA,36 a 45 años,,,RHO,X
Agrupación De Vivienda Monguí,ETAPA 1,10/31/2024,No,Banco,Banderas y/o señalización,"1,619,943,000,000",2024-10,2024-10,NU,OMEGA,20 - 35 años,,,GAMMA,
VILLA MERCEDES EL DORADO,ETAPA 1,2/18/2026,No,Banco,Referido Alcaldía,"1,715,000,000,000",2026-2,2026-2,KAPPA,OMEGA,36 a 45 años,3,2,GAMMA,
Agrupacion De Vivienda Payande,,10/8/2024,Si,Banco,Sin Informacion,"1,634,178,000,000",2024-10,2024-10,KAPPA,OMEGA,46 - 55 años,1,1,ZETA,
VILLA MERCEDES EL DORADO,ETAPA 1,2/24/2026,No,Banco,Referido Alcaldía,"1,715,000,000,000",2026-2,2026-2,NU,OMEGA,20 a 35 años,,,TAU,
VILLA MERCEDES EL DORADO,ETAPA 1,2/16/2026,No,Banco,Referido Alcaldía,"1,715,000,000,000",2026-2,2026-2,KAPPA,OMEGA,20 a 35 años,3,3,TAU,
Agrupación De Vivienda Monguí,ETAPA 2,2/22/2026,No,Banco,Banderas y/o señalización,"1,777,169,000,000",2026-2,2026-2,KAPPA,OMEGA,Mayor de 55 años,,,TAU,
Los Nogales,1,2/10/2024,Si,Contado,Sin Informacion,"5,320,420,000,000",2024-2,2024-2,SIGMA,TAU,46 - 55 años,2,,ALPHA,
INARI,1,5/30/2024,Si,Banco,Sin Informacion,"2,264,000,000,000",2024-5,2024-5,NU,ETA,20 - 35 años,,,GAMMA,X
Agrupación De Vivienda Monguí,ETAPA 2,1/18/2025,No,Colsubsidio,Página web ,"1,898,949,000,000",2025-1,2025-1,KAPPA,OMEGA,36 - 45 años,3,3,GAMMA,
Agrupación De Vivienda Pamplona I,ETAPA 1,1/16/2025,No,Banco,Redes Sociales,"2,106,780,000,000",2025-1,2025-1,KAPPA,OMEGA,20 - 35 años,3,3,GAMMA,
La Arboleda,ETAPA 2,12/23/2024,No,Banco,Banderas y/o señalización,"1,777,951,500,000",2024-12,2024-12,SIGMA,OMEGA,36 - 45 años,4,2,NU,
Agrupación De Vivienda La Macarena,ETAPA 1,5/29/2024,No,Banco,Referido,"1,437,800,000,000",2024-5,2024-5,NU,OMEGA,20 - 35 años,,,ZETA,
Agrupacion De Vivienda Bosque De Arrayan,ETAPA 3,5/12/2024,No,Banco,Banderas y/o señalización,"1,913,600,000,000",2024-5,2024-5,SIGMA,TAU,Mayor de 55 años,1,,TAU,
Agrupacion De Vivienda Bosque De Arrayan,ETAPA 3,1/24/2025,No,Colsubsidio,Banderas y/o señalización,"1,713,253,950,000",2025-1,2025-1,KAPPA,OMEGA,20 - 35 años,,,TAU,
INARI,ETAPA 1,5/20/2024,No,Banco,Banderas y/o señalización,"2,808,000,000,000",2024-5,2024-5,KAPPA,OMEGA,Mayor de 55 años,1,,TAU,
Los Nogales,1,2/10/2024,Si,Colsubsidio,Sin Informacion,"5,322,700,000,000",2024-2,2024-2,KAPPA,ETA,46 - 55 años,3,,IOTA,
Agrupacion De Vivienda Bosque De Arrayan,ETAPA 3,3/12/2026,No,Banco,Banderas y/o señalización,"2,205,000,000,000",2026-3,2026-3,KAPPA,OMEGA,Mayor de 55 años,2,,TAU,
Agrupación De Vivienda Pamplona I,ETAPA 2,3/15/2026,No,Banco,Activación,"1,786,000,000,000",2026-3,2026-3,NU,OMEGA,36 a 45 años,,,RHO,X
Agrupación De Vivienda Monguí,ETAPA 1,3/15/2026,No,Banco,Banderas y/o señalización,"1,794,678,000,000",2026-3,2026-3,KAPPA,OMEGA,20 a 35 años,3,2,GAMMA,
AGRUPACIÓN DE VIVIENDA SAMÁN ,ETAPA 1,4/26/2026,No,Banco,Redes Sociales,"2,532,490,950,000",2026-4,2026-4,KAPPA,OMEGA,20 a 35 años,,,ZETA,
Agrupación De Vivienda Monguí,ETAPA 3,4/25/2026,No,Colsubsidio,Banderas y/o señalización,"1,575,815,000,000",2026-4,2026-4,KAPPA,OMEGA,Mayor de 55 años,,,NU,
AGRUPACIÓN DE VIVIENDA SAMÁN ,ETAPA 1,8/26/2025,No,Banco,Ferias empresariales,"2,550,000,000,000",2025-8,2025-8,NU,OMEGA,20 a 35 años,,,ZETA,
Agrupación De Vivienda Pamplona I,ETAPA 3,4/5/2026,No,Colsubsidio,Banderas y/o señalización,"2,200,000,000,000",2026-4,2026-4,KAPPA,OMEGA,36 a 45 años,,,TAU,
Agrupacion De Vivienda Reserva De Guayacan,ETAPA 1,4/26/2026,No,Banco,Ferias empresariales,"2,360,000,000,000",2026-4,2026-4,NU,ETA,20 a 35 años,,,IOTA,
Agrupación De Vivienda La Macarena,ETAPA 3,4/6/2026,No,Colsubsidio,Banderas y/o señalización,"1,488,269,000,000",2026-4,2026-4,KAPPA,OMEGA,20 a 35 años,,,TAU,
Agrupación De Vivienda La Macarena,ETAPA 3,4/25/2026,No,Banco,Banderas y/o señalización,"1,575,815,000,000",2026-4,2026-4,KAPPA,OMEGA,36 a 45 años,,,TAU,
Agrupación De Vivienda Monguí,ETAPA 1,11/28/2024,No,Colsubsidio,Banderas y/o señalización,"1,814,800,000,000",2024-11,2024-11,SIGMA,OMEGA,36 - 45 años,3,1,ALPHA,
La Arboleda,ETAPA 2,3/31/2025,No,Banco,Banderas y/o señalización,"1,783,645,500,000",2025-3,2025-3,NU,OMEGA,20 a 35 años,,,GAMMA,
Agrupacion De Vivienda Fuentevida,ETAPA 2,11/25/2024,No,Banco,Referido Alcaldía,"1,208,551,500,000",2024-11,2024-11,KAPPA,OMEGA,20 - 35 años,2,2,GAMMA,
La Arboleda,ETAPA 2,3/31/2025,No,Banco,Banderas y/o señalización,"1,951,618,500,000",2025-3,2025-3,SIGMA,OMEGA,36 a 45 años,1,1,RHO,
Agrupación De Vivienda Monguí,ETAPA 3,4/26/2026,No,Colsubsidio,Activación,"1,794,678,000,000",2026-4,2026-4,SIGMA,OMEGA,20 a 35 años,2,2,RHO,X
VILLA FIORITA,,3/3/2025,Si,Banco,Sin Informacion,"2,135,250,000,000",2025-3,2025-3,NU,OMEGA,20 a 35 años,,,NU,
Versalles,ETAPA 1,3/16/2025,No,Banco,Página web ,"2,110,000,000,000",2025-3,2025-3,KAPPA,OMEGA,20 a 35 años,2,2,ZETA,
Agrupación De Vivienda Monguí,ETAPA 3,4/26/2026,No,Colsubsidio,Activación,"1,969,768,000,000",2026-4,2026-4,KAPPA,OMEGA,36 a 45 años,,,TAU,
Agrupación De Vivienda Monguí,ETAPA 1,3/23/2025,No,Colsubsidio,Página web ,"1,750,905,000,000",2025-3,2025-3,SIGMA,OMEGA,46 a 55 años,2,1,TAU,
Agrupacion De Vivienda Reserva De Guayacan,ETAPA 1,4/26/2026,No,Colsubsidio,Ferias empresariales,"2,360,000,000,000",2026-4,2026-4,SIGMA,ETA,46 a 55 años,,,TAU,
AGRUPACIÓN DE VIVIENDA BOSQUE DE TURPIAL,ETAPA 1,4/19/2026,No,Colsubsidio,Banderas y/o señalización,"2,346,000,000,000",2026-4,2026-4,SIGMA,OMEGA,46 a 55 años,,,TAU,
Agrupación De Vivienda Pamplona I,ETAPA 5,3/15/2025,No,Banco,Referido,"2,293,000,000,000",2025-3,2025-3,KAPPA,OMEGA,20 a 35 años,2,,TAU,
Proyecto Karakalí,ETAPA 1,4/25/2026,No,Colsubsidio,Activación,"2,363,721,750,000",2026-4,2026-4,SIGMA,ETA,46 a 55 años,,,TAU,
Agrupacion De Vivienda Bosque De Arrayan,ETAPA 3,8/30/2025,No,Banco,Campaña FNA,"2,046,922,000,000",2025-8,2025-8,NU,ETA,20 a 35 años,,,TAU,
VERDE ESPERANZA EL DORADO,ETAPA 1,10/30/2025,No,Colsubsidio,Banderas y/o señalización,"1,578,000,000,000",2025-10,2025-10,SIGMA,OMEGA,20 a 35 años,2,2,GAMMA,
VERDE ESPERANZA EL DORADO,ETAPA 1,11/8/2025,No,Colsubsidio,Banderas y/o señalización,"1,578,000,000,000",2025-11,2025-11,NU,OMEGA,20 a 35 años,,,GAMMA,
La Arboleda,ETAPA 3,10/26/2025,No,Banco,Whatsapp,"2,412,130,000,000",2025-10,2025-10,KAPPA,OMEGA,36 a 45 años,2,2,TAU,
Agrupación De Vivienda Pamplona I,ETAPA 5,1/29/2024,No,Banco,Banderas y/o señalización,"2,293,000,000,000",2024-1,2024-1,SIGMA,OMEGA,20 - 35 años,2,2,ALPHA,
Agrupación De Vivienda Pamplona I,ETAPA 1,1/24/2024,No,Banco,Referido,"2,064,075,000,000",2024-1,2024-1,KAPPA,OMEGA,20 - 35 años,1,,RHO,X
Agrupacion De Vivienda Reserva De Guayacan,ETAPA 1,10/31/2025,No,Banco,Página web ,"2,360,000,000,000",2025-10,2025-10,NU,OMEGA,20 a 35 años,,,RHO,X
Agrupacion De Vivienda Payande,ETAPA 1,1/23/2024,No,Banco,Banderas y/o señalización,"1,755,000,000,000",2024-1,2024-1,NU,OMEGA,20 - 35 años,,,RHO,
La Arboleda,ETAPA 3,7/20/2025,No,Banco,Whatsapp,"2,412,130,000,000",2025-7,2025-7,NU,OMEGA,20 a 35 años,,,RHO,
Agrupación De Vivienda Pamplona I,ETAPA 1,8/20/2024,No,Banco,Redes Sociales,"2,064,075,000,000",2024-8,2024-8,KAPPA,OMEGA,20 - 35 años,2,1,RHO,
INARI,1,11/15/2025,Si,Colsubsidio,Sin Informacion,"2,808,000,000,000",2025-11,2025-11,KAPPA,OMEGA,20 a 35 años,1,,GAMMA,
VILLA FIORITA,ETAPA 3,8/16/2024,No,Banco,Tus beneficios,"2,135,250,000,000",2024-8,2024-8,KAPPA,OMEGA,36 - 45 años,1,1,TAU,
Agrupación De Vivienda Monguí,,6/19/2024,Si,Banco,Sin Informacion,"1,984,359,000,000",2024-6,2024-6,SIGMA,ETA,20 - 35 años,4,3,GAMMA,
Versalles,ETAPA 1,9/24/2024,No,Banco,Redes Sociales,"2,110,000,000,000",2024-9,2024-9,SIGMA,OMEGA,20 - 35 años,2,1,GAMMA,
La Arboleda,ETAPA 1,6/7/2024,No,Banco,Banderas y/o señalización,"1,589,900,000,000",2024-6,2024-6,KAPPA,OMEGA,20 - 35 años,2,1,GAMMA,
Agrupacion De Vivienda Reserva De Guayacan,ETAPA 1,12/15/2024,No,Banco,Whatsapp,"2,360,000,000,000",2024-12,2024-12,SIGMA,ETA,20 - 35 años,1,1,RHO,X
Agrupación De Vivienda Pamplona I,ETAPA 1,12/16/2024,No,Banco,Página web ,"2,064,075,000,000",2024-12,2024-12,SIGMA,OMEGA,36 - 45 años,2,2,RHO,X
INARI,ETAPA 1,1/17/2025,No,Banco,Banderas y/o señalización,"2,808,000,000,000",2025-1,2025-1,KAPPA,OMEGA,36 - 45 años,3,,TAU,
Agrupación De Vivienda Monguí,ETAPA 1,3/28/2026,No,Banco,Banderas y/o señalización,"1,794,678,000,000",2026-3,2026-3,KAPPA,OMEGA,20 a 35 años,2,2,RHO,X
Agrupación De Vivienda Monguí,ETAPA 2,3/14/2026,No,Colsubsidio,Activación,"1,575,815,000,000",2026-3,2026-3,NU,OMEGA,20 a 35 años,,,RHO,X
Agrupación De Vivienda La Macarena,ETAPA 4,6/27/2026,No,Colsubsidio,Banderas y/o señalización,"1,497,024,000,000",2026-6,2026-6,NU,OMEGA,20 a 35 años,,,NU,
Agrupacion De Vivienda Reserva De Guayacan,ETAPA 1,3/10/2026,No,Banco,Whatsapp,"2,360,000,000,000",2026-3,2026-3,KAPPA,OMEGA,20 a 35 años,,,TAU,
Agrupación De Vivienda Monguí,ETAPA 2,3/10/2026,No,Colsubsidio,Banderas y/o señalización,"1,952,259,000,000",2026-3,2026-3,KAPPA,OMEGA,Menor de 19 años,,,TAU,
Agrupación De Vivienda La Macarena,ETAPA 3,3/15/2026,No,Colsubsidio,Banderas y/o señalización,"1,575,815,000,000",2026-3,2026-3,KAPPA,OMEGA,Menor de 19 años,,,TAU,
Versalles,ETAPA 1,3/15/2026,No,Banco,Activación,"2,213,000,000,000",2026-3,2026-3,KAPPA,OMEGA,36 a 45 años,1,1,RHO,X
VERDE ESPERANZA EL DORADO,ETAPA 1,3/4/2026,No,Banco,Banderas y/o señalización,"1,793,000,000,000",2026-3,2026-3,KAPPA,OMEGA,20 a 35 años,1,,TAU,
ARAUCARIA,ETAPA 1,12/21/2025,No,Colsubsidio,Banderas y/o señalización,"6,735,000,000,000",2025-12,2025-12,NU,TAU,20 a 35 años,,,RHO,X
AGRUPACIÓN DE VIVIENDA SAMÁN ,,12/22/2025,Si,Banco,Sin Informacion,"2,340,000,000,000",2025-12,2025-12,SIGMA,ETA,Mayor de 55 años,,,RHO,X
ABETO,ETAPA 1,12/20/2025,No,Colsubsidio,CS Unicentro de Occidente,"3,599,000,000,000",2025-12,2025-12,SIGMA,ETA,Mayor de 55 años,,,TAU,
Agrupacion De Vivienda Bosque De Arrayan,ETAPA 4,3/2/2024,No,Banco,Banderas y/o señalización,"1,913,600,000,000",2024-3,2024-3,NU,ETA,20 - 35 años,,,RHO,X
Agrupación De Vivienda Monguí,,3/13/2024,Si,Colsubsidio,Sin Informacion,"1,996,014,000,000",2024-3,2024-3,KAPPA,OMEGA,20 - 35 años,2,,GAMMA,
Agrupación De Vivienda Pamplona I,ETAPA 2,3/8/2024,No,Banco,Página web ,"1,950,195,000,000",2024-3,2024-3,SIGMA,OMEGA,46 - 55 años,,,TAU,
La Arboleda,ETAPA 3,9/21/2025,No,Banco,Banderas y/o señalización,"2,446,170,000,000",2025-9,2025-9,KAPPA,OMEGA,36 a 45 años,3,3,ALPHA,
INARI,ETAPA 1,3/30/2025,No,Banco,Banderas y/o señalización,"2,808,000,000,000",2025-3,2025-3,NU,OMEGA,20 a 35 años,,,RHO,X
AGRUPACIÓN DE VIVIENDA SAMÁN ,ETAPA 1,3/1/2025,No,Banco,Redes Sociales,"2,550,000,000,000",2025-3,2025-3,NU,OMEGA,36 a 45 años,,,GAMMA,
Agrupacion De Vivienda Fuentevida,ETAPA 2,3/24/2025,No,Banco,Referido Alcaldía,"1,281,150,000,000",2025-3,2025-3,KAPPA,OMEGA,36 a 45 años,1,1,GAMMA,
VILLA FIORITA,ETAPA 1,11/14/2024,No,Banco,Banderas y/o señalización,"1,987,206,000,000",2024-11,2024-11,KAPPA,OMEGA,20 - 35 años,,,GAMMA,
Agrupacion De Vivienda Payande,ETAPA 2,11/14/2024,No,Banco,Página web ,"1,755,000,000,000",2024-11,2024-11,NU,TAU,36 - 45 años,,,RHO,X
INARI,1,8/24/2025,Si,Banco,Sin Informacion,"2,506,000,000,000",2025-8,2025-8,NU,OMEGA,20 a 35 años,,,NU,
Agrupacion De Vivienda Fuentevida,ETAPA 2,3/25/2025,No,Banco,Referido Alcaldía,"1,281,150,000,000",2025-3,2025-3,KAPPA,OMEGA,20 a 35 años,1,1,NU,
Agrupación De Vivienda La Macarena,ETAPA 3,3/28/2025,No,Banco,Ferias empresariales,"1,618,519,500,000",2025-3,2025-3,KAPPA,OMEGA,20 a 35 años,,,NU,
VERDE ESPERANZA EL DORADO,ETAPA 1,9/27/2025,No,Colsubsidio,Valla ,"1,578,000,000,000",2025-9,2025-9,KAPPA,OMEGA,36 a 45 años,2,2,TAU,
Versalles,ETAPA 1,3/30/2025,No,Banco,Banderas y/o señalización,"2,110,000,000,000",2025-3,2025-3,KAPPA,OMEGA,Menor de 19 años,,,TAU,
Agrupacion De Vivienda Reserva De Guayacan,ETAPA 1,10/26/2025,No,Banco,Volantes,"2,360,000,000,000",2025-10,2025-10,NU,OMEGA,20 a 35 años,,,GAMMA,X
Agrupación De Vivienda Monguí,ETAPA 2,1/25/2026,No,Colsubsidio,Banderas y/o señalización,"2,041,940,000,000",2026-1,2026-1,KAPPA,OMEGA,20 a 35 años,3,2,RHO,X
La Arboleda,ETAPA 3,7/20/2025,No,Banco,Banderas y/o señalización,"2,233,450,000,000",2025-7,2025-7,KAPPA,OMEGA,36 a 45 años,2,1,GAMMA,
Agrupación De Vivienda La Macarena,ETAPA 3,1/28/2024,No,Banco,Whatsapp,"1,358,500,000,000",2024-1,2024-1,KAPPA,OMEGA,46 - 55 años,,,GAMMA,
Agrupacion De Vivienda Payande,,6/17/2024,Si,Colsubsidio,Sin Informacion,"1,945,240,000,000",2024-6,2024-6,SIGMA,OMEGA,36 - 45 años,,,RHO,X
Proyecto Karakalí,1,6/19/2024,Si,Banco,Sin Informacion,"2,616,000,000,000",2024-6,2024-6,NU,TAU,20 - 35 años,,,RHO,X
Agrupacion De Vivienda Bosque De Arrayan,ETAPA 3,6/14/2025,No,Banco,Banderas y/o señalización,"1,915,034,550,000",2025-6,2025-6,KAPPA,OMEGA,36 a 45 años,1,1,GAMMA,
Conjunto Residencial Campo Alegre El Dorado,ETAPA 2,6/21/2025,No,Colsubsidio,Referido Alcaldía,"1,184,494,350,000",2025-6,2025-6,KAPPA,OMEGA,20 a 35 años,3,3,ZETA,
Agrupación De Vivienda Monguí,ETAPA 1,5/27/2025,No,Colsubsidio,Página web ,"1,736,670,000,000",2025-5,2025-5,NU,OMEGA,20 a 35 años,,,TAU,
AGRUPACIÓN DE VIVIENDA SAMÁN ,ETAPA 1,5/18/2025,No,Banco,Whatsapp,"2,550,000,000,000",2025-5,2025-5,NU,OMEGA,36 a 45 años,,,TAU,
Versalles,ETAPA 1,6/15/2025,No,Banco,Banderas y/o señalización,"1,987,000,000,000",2025-6,2025-6,KAPPA,OMEGA,20 a 35 años,2,,TAU,
La Arboleda,,6/13/2025,Si,Colsubsidio,Sin Informacion,"1,789,339,500,000",2025-6,2025-6,SIGMA,OMEGA,20 a 35 años,2,2,TAU,
Agrupacion De Vivienda Payande,ETAPA 3,6/15/2024,No,Banco,Ferias empresariales,"1,755,000,000,000",2024-6,2024-6,KAPPA,OMEGA,20 - 35 años,3,2,TAU,
Conjunto Residencial Campo Alegre El Dorado,ETAPA 2,5/9/2025,No,Banco,Referido Alcaldía,"1,184,494,350,000",2025-5,2025-5,KAPPA,OMEGA,46 a 55 años,,,TAU,
La Arboleda,ETAPA 3,6/13/2025,No,Banco,Banderas y/o señalización,"2,412,130,000,000",2025-6,2025-6,SIGMA,OMEGA,20 a 35 años,2,1,RHO,X
AGRUPACIÓN DE VIVIENDA BOSQUE DE TURPIAL,ETAPA 1,6/23/2024,No,Colsubsidio,CS Tocancipá,"2,311,000,000,000",2024-6,2024-6,KAPPA,OMEGA,20 - 35 años,1,1,GAMMA,
ABETO,ETAPA 2,5/25/2026,No,Banco,Activación,"3,646,000,000,000",2026-5,2026-5,NU,TAU,36 a 45 años,,,RHO,
La Arboleda,ETAPA 3,6/12/2025,No,Colsubsidio,Banderas y/o señalización,"2,264,970,000,000",2025-6,2025-6,NU,OMEGA,20 a 35 años,,,GAMMA,
Agrupación De Vivienda Monguí,ETAPA 2,9/13/2024,No,Colsubsidio,Banderas y/o señalización,"1,984,359,000,000",2024-9,2024-9,SIGMA,OMEGA,36 - 45 años,6,2,RHO,X
La Arboleda,ETAPA 3,6/19/2025,No,Banco,Página web ,"2,412,130,000,000",2025-6,2025-6,KAPPA,OMEGA,36 a 45 años,2,2,GAMMA,
La Arboleda,ETAPA 1,9/27/2024,No,Banco,Banderas y/o señalización,"1,753,752,000,000",2024-9,2024-9,KAPPA,OMEGA,36 - 45 años,1,0,GAMMA,
Agrupacion De Vivienda Reserva De Guayacan,ETAPA 1,5/26/2026,No,Banco,Contact Center,"2,360,000,000,000",2026-5,2026-5,SIGMA,OMEGA,20 a 35 años,1,1,GAMMA,
Agrupación De Vivienda Monguí,ETAPA 3,5/3/2026,No,Colsubsidio,Banderas y/o señalización,"2,004,768,000,000",2026-5,2026-5,KAPPA,OMEGA,20 a 35 años,3,3,GAMMA,
Agrupación De Vivienda La Macarena,ETAPA 3,6/18/2024,No,Banco,Ferias empresariales,"1,533,109,500,000",2024-6,2024-6,KAPPA,OMEGA,36 - 45 años,1,1,GAMMA,
Agrupación De Vivienda Monguí,ETAPA 2,6/28/2025,No,Banco,Banderas y/o señalización,"1,763,716,500,000",2025-6,2025-6,SIGMA,OMEGA,36 a 45 años,1,1,NU,
La Arboleda,ETAPA 2,2/28/2025,No,Banco,Fincaraíz,"1,807,845,000,000",2025-2,2025-2,KAPPA,OMEGA,20 a 35 años,1,1,TAU,
Agrupación De Vivienda Monguí,ETAPA 2,4/30/2024,No,Banco,Banderas y/o señalización,"1,777,951,500,000",2024-4,2024-4,KAPPA,OMEGA,36 - 45 años,2,,TAU,
AGRUPACIÓN DE VIVIENDA SAMÁN ,ETAPA 1,5/9/2026,No,Banco,Banderas y/o señalización,"2,532,490,950,000",2026-5,2026-5,KAPPA,OMEGA,36 a 45 años,2,2,TAU,
INARI,ETAPA 1,4/24/2025,No,Banco,Banderas y/o señalización,"2,808,000,000,000",2025-4,2025-4,KAPPA,OMEGA,20 a 35 años,2,1,NU,
Agrupacion De Vivienda Fuentevida,ETAPA 2,4/9/2025,No,Banco,Referido Alcaldía,"1,281,150,000,000",2025-4,2025-4,KAPPA,OMEGA,20 a 35 años,3,3,NU,
Agrupacion De Vivienda Reserva De Guayacan,ETAPA 1,4/5/2025,No,Banco,Redes Sociales,"2,360,000,000,000",2025-4,2025-4,NU,OMEGA,20 a 35 años,,,ZETA,
Versalles,ETAPA 1,4/23/2025,No,Colsubsidio,Banderas y/o señalización,"2,171,000,000,000",2025-4,2025-4,NU,OMEGA,20 a 35 años,,,GAMMA,X
Agrupacion De Vivienda Reserva De Guayacan,ETAPA 1,4/8/2025,No,Banco,Página web ,"2,360,000,000,000",2025-4,2025-4,SIGMA,ETA,36 a 45 años,2,,RHO,X
La Arboleda,ETAPA 2,2/22/2026,No,Banco,Banderas y/o señalización,"1,799,304,000,000",2026-2,2026-2,SIGMA,OMEGA,46 a 55 años,,,RHO,
Agrupación De Vivienda Monguí,,2/19/2026,Si,Colsubsidio,Sin Informacion,"1,794,678,000,000",2026-2,2026-2,NU,OMEGA,20 a 35 años,,,GAMMA,
Agrupacion De Vivienda Payande,,10/5/2024,Si,Colsubsidio,Sin Informacion,"1,634,178,000,000",2024-10,2024-10,KAPPA,OMEGA,36 - 45 años,1,,GAMMA,
Agrupacion De Vivienda Reserva De Guayacan,ETAPA 1,2/9/2026,No,Banco,Página web ,"2,360,000,000,000",2026-2,2026-2,KAPPA,OMEGA,20 a 35 años,2,2,GAMMA,
Agrupación De Vivienda Monguí,ETAPA 2,2/23/2026,No,Colsubsidio,Banderas y/o señalización,"1,794,678,000,000",2026-2,2026-2,KAPPA,OMEGA,20 a 35 años,3,2,GAMMA,
VILLA MERCEDES EL DORADO,ETAPA 1,2/19/2026,No,Banco,Referido Alcaldía,"1,715,000,000,000",2026-2,2026-2,SIGMA,OMEGA,20 a 35 años,2,2,GAMMA,
Agrupación De Vivienda Monguí,ETAPA 2,2/21/2026,No,Banco,Banderas y/o señalización,"1,584,569,000,000",2026-2,2026-2,SIGMA,OMEGA,20 a 35 años,2,2,TAU,
Agrupación De Vivienda Monguí,ETAPA 2,2/21/2026,No,Colsubsidio,Activación,"1,785,923,000,000",2026-2,2026-2,KAPPA,OMEGA,46 a 55 años,3,3,TAU,
Versalles,ETAPA 1,7/5/2026,No,Banco,Banderas y/o señalización,"1,987,000,000,000",2026-7,2026-6,KAPPA,OMEGA,46 a 55 años,2,1,NU,
Agrupacion De Vivienda Bosque De Arrayan,ETAPA 3,2/8/2024,No,Banco,Banderas y/o señalización,"1,912,300,000,000",2024-2,2024-2,NU,OMEGA,20 - 35 años,,,ZETA,
Agrupacion De Vivienda Bosque De Arrayan,ETAPA 4,1/5/2025,No,Banco,Banderas y/o señalización,"1,913,611,050,000",2025-1,2025-1,NU,OMEGA,20 - 35 años,,,RHO,X
Proyecto Karakalí,ETAPA 1,5/27/2024,No,Colsubsidio,Banderas y/o señalización,"2,451,267,000,000",2024-5,2024-5,NU,OMEGA,20 - 35 años,,,RHO,X
La Arboleda,ETAPA 1,5/22/2024,No,Colsubsidio,Banderas y/o señalización,"1,734,200,000,000",2024-5,2024-5,KAPPA,OMEGA,20 - 35 años,1,1,ALPHA,
Agrupación De Vivienda La Macarena,ETAPA 3,5/11/2024,No,Banco,Ferias empresariales,"1,368,900,000,000",2024-5,2024-5,KAPPA,OMEGA,Mayor de 55 años,2,2,RHO,X
Agrupacion De Vivienda Payande,ETAPA 1,12/7/2024,No,Banco,Página web ,"1,921,725,000,000",2024-12,2024-12,NU,ETA,20 - 35 años,,,RHO,X
Agrupacion De Vivienda Bosque De Arrayan,ETAPA 4,1/10/2025,No,Banco,Banderas y/o señalización,"1,913,611,050,000",2025-1,2025-1,NU,OMEGA,20 - 35 años,,,RHO,X
Agrupacion De Vivienda Reserva De Guayacan,ETAPA 1,12/3/2024,No,Banco,Referido,"2,360,000,000,000",2024-12,2024-12,SIGMA,OMEGA,20 - 35 años,1,,TAU,
Agrupacion De Vivienda Reserva De Guayacan,ETAPA 1,3/3/2026,No,Banco,Ferias empresariales,"2,360,000,000,000",2026-3,2026-3,KAPPA,OMEGA,20 a 35 años,,,ALPHA,
Agrupación De Vivienda Monguí,ETAPA 2,3/14/2026,No,Banco,Activación,"1,567,060,000,000",2026-3,2026-3,KAPPA,OMEGA,20 a 35 años,1,1,RHO,X
Agrupación De Vivienda Monguí,ETAPA 2,3/13/2026,No,Colsubsidio,Banderas y/o señalización,"1,785,923,000,000",2026-3,2026-3,KAPPA,OMEGA,Menor de 19 años,,,RHO,X
Agrupacion De Vivienda Reserva De Guayacan,ETAPA 1,6/10/2026,No,Banco,Banderas y/o señalización,"2,360,000,000,000",2026-6,2026-6,SIGMA,OMEGA,36 a 45 años,1,1,NU,
Agrupación De Vivienda Monguí,ETAPA 1,3/15/2026,No,Banco,Banderas y/o señalización,"1,584,569,000,000",2026-3,2026-3,KAPPA,OMEGA,20 a 35 años,,,TAU,
VILLA MERCEDES EL DORADO,ETAPA 1,6/17/2026,No,Banco,Referido Alcaldía,"1,715,000,000,000",2026-6,2026-6,KAPPA,ETA,20 a 35 años,1,,IOTA,
Agrupación De Vivienda Monguí,ETAPA 2,3/14/2026,No,Banco,Activación,"1,777,169,000,000",2026-3,2026-3,KAPPA,OMEGA,20 a 35 años,1,1,TAU,
Agrupación De Vivienda Monguí,ETAPA 2,12/13/2025,No,Banco,Redes Sociales,"1,979,590,000,000",2025-12,2025-12,NU,OMEGA,20 a 35 años,,,TAU,
La Arboleda,ETAPA 1,3/27/2024,No,Colsubsidio,Whatsapp,"1,618,500,000,000",2024-3,2024-3,NU,OMEGA,20 - 35 años,,,GAMMA,
Agrupacion De Vivienda Bosque De Arrayan,ETAPA 4,3/20/2024,No,Banco,Banderas y/o señalización,"1,912,300,000,000",2024-3,2024-3,SIGMA,ETA,46 - 55 años,6,1,TAU,
VILLA FIORITA,ETAPA 1,3/6/2024,No,Colsubsidio,Valla ,"1,950,000,000,000",2024-3,2024-3,KAPPA,OMEGA,20 - 35 años,,,TAU,
La Arboleda,ETAPA 3,4/26/2026,No,Colsubsidio,Ferias empresariales,"2,233,450,000,000",2026-4,2026-4,KAPPA,OMEGA,20 a 35 años,1,1,GAMMA,
VERDE ESPERANZA EL DORADO,ETAPA 1,9/29/2025,No,Colsubsidio,Banderas y/o señalización,"1,578,000,000,000",2025-9,2025-9,SIGMA,OMEGA,20 a 35 años,1,1,GAMMA,
Agrupación De Vivienda Monguí,ETAPA 1,4/4/2026,No,Colsubsidio,Banderas y/o señalización,"1,794,678,000,000",2026-4,2026-4,KAPPA,OMEGA,20 a 35 años,1,,GAMMA,
Agrupación De Vivienda Monguí,ETAPA 3,4/25/2026,No,Colsubsidio,Banderas y/o señalización,"1,961,014,000,000",2026-4,2026-4,NU,OMEGA,20 a 35 años,,,GAMMA,
Agrupación De Vivienda Monguí,ETAPA 3,4/29/2026,No,Colsubsidio,Banderas y/o señalización,"1,952,259,000,000",2026-4,2026-4,KAPPA,OMEGA,20 a 35 años,3,2,TAU,
VERDE ESPERANZA EL DORADO,ETAPA 1,9/26/2025,No,Colsubsidio,Banderas y/o señalización,"1,578,000,000,000",2025-9,2025-9,KAPPA,OMEGA,20 a 35 años,,,TAU,
Agrupación De Vivienda Monguí,ETAPA 3,4/24/2026,No,Colsubsidio,Activación,"1,575,815,000,000",2026-4,2026-4,KAPPA,ETA,46 a 55 años,1,,IOTA,
VERDE ESPERANZA EL DORADO,ETAPA 1,4/28/2026,No,Colsubsidio,Banderas y/o señalización,"1,753,000,000,000",2026-4,2026-4,KAPPA,OMEGA,20 a 35 años,3,2,TAU,
Agrupacion De Vivienda Payande,,9/30/2025,Si,Banco,Sin Informacion,"2,052,060,000,000",2025-9,2025-9,NU,OMEGA,20 a 35 años,,,TAU,
Agrupación De Vivienda Pamplona I,ETAPA 5,7/31/2024,No,Colsubsidio,Contact Center,"2,293,000,000,000",2024-7,2024-7,SIGMA,OMEGA,36 - 45 años,1,1,RHO,X
Agrupación De Vivienda Monguí,ETAPA 3,4/26/2026,No,Banco,Banderas y/o señalización,"1,961,014,000,000",2026-4,2026-4,KAPPA,OMEGA,36 a 45 años,4,3,NU,
VERDE ESPERANZA EL DORADO,ETAPA 1,9/23/2025,No,Banco,Valla ,"1,578,000,000,000",2025-9,2025-9,KAPPA,OMEGA,36 a 45 años,4,4,ZETA,
Agrupación De Vivienda Monguí,ETAPA 2,9/20/2025,No,Colsubsidio,Referido,"1,786,492,500,000",2025-9,2025-9,NU,ETA,20 a 35 años,,,GAMMA,
Agrupación De Vivienda La Macarena,ETAPA 3,9/22/2025,No,Banco,Banderas y/o señalización,"1,631,331,000,000",2025-9,2025-9,SIGMA,OMEGA,Mayor de 55 años,,,NU,
Agrupación De Vivienda La Macarena,ETAPA 3,4/24/2026,No,Banco,Banderas y/o señalización,"1,610,815,000,000",2026-4,2026-4,KAPPA,OMEGA,20 a 35 años,3,3,ZETA,
AGRUPACIÓN DE VIVIENDA BOSQUE DE TURPIAL,ETAPA 1,4/26/2026,No,Banco,Banderas y/o señalización,"2,261,000,000,000",2026-4,2026-4,KAPPA,OMEGA,46 a 55 años,1,1,TAU,
Agrupación De Vivienda La Macarena,3,7/26/2024,Si,Banco,Sin Informacion,"1,533,109,500,000",2024-7,2024-7,KAPPA,OMEGA,20 - 35 años,3,2,TAU,
Agrupación De Vivienda Monguí,ETAPA 1,9/20/2025,No,Banco,Referido,"1,619,943,000,000",2025-9,2025-9,SIGMA,OMEGA,36 a 45 años,,,TAU,
VERDE ESPERANZA EL DORADO,ETAPA 1,9/23/2025,No,Colsubsidio,Banderas y/o señalización,"1,578,000,000,000",2025-9,2025-9,NU,OMEGA,20 a 35 años,,,TAU,
Agrupación De Vivienda Monguí,ETAPA 2,3/24/2025,No,Colsubsidio,Ferias empresariales,"1,894,678,500,000",2025-3,2025-3,SIGMA,OMEGA,36 a 45 años,2,1,TAU,
VERDE ESPERANZA EL DORADO,ETAPA 1,9/24/2025,No,Colsubsidio,Banderas y/o señalización,"1,578,000,000,000",2025-9,2025-9,SIGMA,OMEGA,36 a 45 años,2,1,TAU,
Agrupación De Vivienda Pamplona I,ETAPA 4,3/15/2025,No,Banco,Activación,"2,361,000,000,000",2025-3,2025-3,KAPPA,OMEGA,20 a 35 años,1,1,TAU,
VERDE ESPERANZA EL DORADO,ETAPA 1,9/23/2025,No,Colsubsidio,Banderas y/o señalización,"1,578,000,000,000",2025-9,2025-9,KAPPA,OMEGA,46 a 55 años,2,2,TAU,
Agrupacion De Vivienda Reserva De Guayacan,ETAPA 1,1/25/2026,No,Banco,Redes Sociales,"2,360,000,000,000",2026-1,2026-1,NU,ETA,20 a 35 años,,,RHO,X
VERDE ESPERANZA EL DORADO,ETAPA 1,11/7/2025,No,Colsubsidio,Banderas y/o señalización,"1,618,000,000,000",2025-11,2025-11,KAPPA,OMEGA,20 a 35 años,2,,RHO,X
La Arboleda,ETAPA 1,8/30/2024,No,Banco,Activación,"1,734,200,000,000",2024-8,2024-8,NU,OMEGA,20 - 35 años,,,RHO,X
Agrupación De Vivienda Monguí,,1/26/2024,Si,Banco,Sin Informacion,"1,969,000,000,000",2024-1,2024-1,KAPPA,OMEGA,Mayor de 55 años,3,2,ALPHA,
Agrupacion De Vivienda Bosque De Arrayan,ETAPA 4,1/26/2024,No,Colsubsidio,Banderas y/o señalización,"1,773,200,000,000",2024-1,2024-1,KAPPA,OMEGA,36 - 45 años,5,,RHO,
Agrupacion De Vivienda Bosque De Arrayan,,1/22/2024,Si,Colsubsidio,Sin Informacion,"1,773,200,000,000",2024-1,2024-1,KAPPA,OMEGA,20 - 35 años,3,2,RHO,X
Agrupación De Vivienda Monguí,ETAPA 2,1/19/2024,No,Banco,Whatsapp,"1,914,607,500,000",2024-1,2024-1,SIGMA,ETA,20 - 35 años,4,2,RHO,X
Agrupacion De Vivienda Reserva De Guayacan,ETAPA 1,11/26/2025,No,Banco,Whatsapp,"2,360,000,000,000",2025-11,2025-11,KAPPA,OMEGA,36 a 45 años,1,,GAMMA,
Agrupación De Vivienda La Macarena,3,1/31/2024,Si,Colsubsidio,Sin Informacion,"1,487,200,000,000",2024-1,2024-1,SIGMA,OMEGA,20 - 35 años,2,1,NU,
INARI,ETAPA 1,1/26/2024,No,Banco,Google,"2,808,000,000,000",2024-1,2024-1,SIGMA,TAU,36 - 45 años,4,,GAMMA,
VERDE ESPERANZA EL DORADO,ETAPA 1,1/6/2026,No,Banco,Banderas y/o señalización,"1,753,000,000,000",2026-1,2026-1,KAPPA,OMEGA,46 a 55 años,2,1,NU,
INARI,ETAPA 1,1/24/2024,No,Banco,Banderas y/o señalización,"2,916,000,000,000",2024-1,2024-1,KAPPA,OMEGA,20 - 35 años,,,TAU,
Agrupacion De Vivienda Bosque De Arrayan,ETAPA 4,1/25/2024,No,Colsubsidio,Banderas y/o señalización,"1,935,700,000,000",2024-1,2024-1,KAPPA,OMEGA,20 - 35 años,2,,TAU,
Agrupación De Vivienda La Macarena,ETAPA 3,1/17/2024,No,Banco,Banderas y/o señalización,"1,489,800,000,000",2024-1,2024-1,KAPPA,OMEGA,20 - 35 años,,,TAU,
Zarzal,ETAPA 1,5/29/2026,No,Banco,Banderas y/o señalización,"2,267,000,000,000",2026-5,2026-5,KAPPA,OMEGA,20 a 35 años,,,ALPHA,
Agrupación De Vivienda La Macarena,3,6/14/2025,Si,Colsubsidio,Sin Informacion,"1,497,024,000,000",2025-6,2025-6,NU,OMEGA,20 a 35 años,,,RHO,
VILLA FIORITA,ETAPA 3,6/14/2025,No,Colsubsidio,Activación,"2,135,250,000,000",2025-6,2025-6,NU,ETA,20 a 35 años,,,RHO,X
VILLA FIORITA,ETAPA 3,6/26/2025,No,Colsubsidio,Ferias empresariales,"2,135,250,000,000",2025-6,2025-6,SIGMA,ETA,20 a 35 años,2,2,RHO,X
Agrupación De Vivienda Pamplona I,ETAPA 2,6/18/2024,No,Banco,CS Calle 26,"1,950,195,000,000",2024-6,2024-6,NU,OMEGA,20 - 35 años,,,GAMMA,
Los Nogales,ETAPA 1,2/10/2024,No,Banco,Ferias empresariales,"5,254,900,000,000",2024-2,2024-2,SIGMA,TAU,36 - 45 años,,,GAMMA,X
Agrupación De Vivienda La Macarena,ETAPA 3,5/31/2024,No,Colsubsidio,Referido,"1,362,400,000,000",2024-5,2024-5,KAPPA,OMEGA,36 - 45 años,1,,RHO,X
Los Nogales,ETAPA 1,2/11/2024,No,Banco,Valla ,"5,348,840,000,000",2024-2,2024-2,SIGMA,TAU,36 - 45 años,4,,RHO,X
Agrupación De Vivienda Monguí,ETAPA 1,2/8/2024,No,Colsubsidio,Banderas y/o señalización,"1,564,700,000,000",2024-2,2024-2,KAPPA,OMEGA,20 - 35 años,3,2,RHO,
Agrupación De Vivienda La Macarena,ETAPA 3,1/28/2025,No,Banco,Banderas y/o señalización,"1,537,380,000,000",2025-1,2025-1,KAPPA,OMEGA,20 - 35 años,1,1,GAMMA,
INARI,ETAPA 1,12/27/2024,No,Banco,Banderas y/o señalización,"2,808,000,000,000",2024-12,2024-12,SIGMA,OMEGA,20 - 35 años,1,1,RHO,X
Los Nogales,ETAPA 1,5/24/2024,No,Banco,Valla ,"5,657,420,000,000",2024-5,2024-5,SIGMA,TAU,Mayor de 55 años,1,,RHO,
INARI,1,5/20/2024,Si,Banco,Sin Informacion,"2,916,000,000,000",2024-5,2024-5,SIGMA,ETA,36 - 45 años,2,2,RHO,
Los Nogales,ETAPA 1,2/9/2024,No,Contado,Ferias empresariales,"6,674,000,000,000",2024-2,2024-2,IOTA,TAU,Mayor de 55 años,2,,NU,
Agrupación De Vivienda Pamplona I,ETAPA 1,5/31/2024,No,Colsubsidio,Banderas y/o señalización,"2,064,075,000,000",2024-5,2024-5,KAPPA,OMEGA,20 - 35 años,2,2,TAU,
Agrupación De Vivienda Monguí,ETAPA 1,1/25/2025,No,Banco,Banderas y/o señalización,"1,735,246,500,000",2025-1,2025-1,KAPPA,OMEGA,20 - 35 años,2,2,TAU,
Agrupacion De Vivienda Reserva De Guayacan,ETAPA 1,1/12/2025,No,Banco,Whatsapp,"2,360,000,000,000",2025-1,2025-1,SIGMA,ETA,20 - 35 años,2,,TAU,
Agrupación De Vivienda La Macarena,ETAPA 3,3/15/2026,No,Banco,Banderas y/o señalización,"1,438,269,000,000",2026-3,2026-3,KAPPA,OMEGA,20 a 35 años,,,GAMMA,
Agrupación De Vivienda La Macarena,ETAPA 4,3/23/2026,No,Colsubsidio,Banderas y/o señalización,"1,479,515,000,000",2026-3,2026-3,KAPPA,OMEGA,36 a 45 años,,,TAU,
VILLA MERCEDES EL DORADO,ETAPA 1,3/4/2026,No,Banco,Referido Alcaldía,"1,715,000,000,000",2026-3,2026-3,SIGMA,OMEGA,46 a 55 años,,,TAU,
VERDE ESPERANZA EL DORADO,ETAPA 1,12/19/2025,No,Banco,Banderas y/o señalización,"1,753,000,000,000",2025-12,2025-12,NU,ETA,20 a 35 años,,,RHO,X
La Arboleda,ETAPA 3,12/30/2025,No,Banco,Whatsapp,"2,264,970,000,000",2025-12,2025-12,NU,OMEGA,20 a 35 años,,,NU,
Agrupación De Vivienda Pamplona I,,3/16/2024,Si,Colsubsidio,Sin Informacion,"1,932,000,000,000",2024-3,2024-3,SIGMA,OMEGA,20 - 35 años,2,,ALPHA,
INARI,ETAPA 1,3/26/2024,No,Colsubsidio,Referido,"2,916,000,000,000",2024-3,2024-3,KAPPA,OMEGA,20 - 35 años,3,3,GAMMA,X
Agrupación De Vivienda Monguí,,3/10/2024,Si,Colsubsidio,Sin Informacion,"1,779,375,000,000",2024-3,2024-3,NU,OMEGA,20 - 35 años,,,GAMMA,
Agrupación De Vivienda Monguí,ETAPA 1,3/9/2024,No,Banco,Banderas y/o señalización,"1,622,400,000,000",2024-3,2024-3,NU,OMEGA,20 - 35 años,,,ZETA,
Agrupacion De Vivienda Payande,ETAPA 1,3/29/2024,No,Banco,Valla ,"1,755,000,000,000",2024-3,2024-3,NU,ETA,20 - 35 años,,,GAMMA,
Agrupación De Vivienda La Macarena,ETAPA 2,3/26/2024,No,Banco,Banderas y/o señalización,"1,392,183,000,000",2024-3,2024-3,KAPPA,OMEGA,36 - 45 años,2,2,TAU,
Agrupación De Vivienda Monguí,ETAPA 3,4/26/2026,No,Colsubsidio,Banderas y/o señalización,"1,952,259,000,000",2026-4,2026-4,SIGMA,OMEGA,36 a 45 años,5,5,GAMMA,
Agrupación De Vivienda La Macarena,ETAPA 4,4/10/2026,No,Colsubsidio,Banderas y/o señalización,"1,584,569,000,000",2026-4,2026-4,KAPPA,OMEGA,20 a 35 años,,,NU,
INARI,ETAPA 1,4/25/2026,No,Colsubsidio,Activación,"2,506,000,000,000",2026-4,2026-4,SIGMA,OMEGA,20 a 35 años,1,1,RHO,
INARI,ETAPA 1,4/19/2026,No,Colsubsidio,Activación,"2,506,000,000,000",2026-4,2026-4,KAPPA,OMEGA,20 a 35 años,1,1,TAU,
INARI,ETAPA 1,4/27/2026,No,Colsubsidio,Activación,"2,808,000,000,000",2026-4,2026-4,SIGMA,OMEGA,20 a 35 años,1,1,NU,
Agrupación De Vivienda Pamplona I,ETAPA 4,3/14/2026,No,Banco,Activación,"2,480,000,000,000",2026-3,2026-3,KAPPA,OMEGA,Mayor de 55 años,3,1,NU,
Agrupacion De Vivienda Payande,ETAPA 1,6/30/2026,No,Banco,Redes Sociales,"1,892,730,950,000",2026-6,2026-6,SIGMA,OMEGA,36 a 45 años,1,1,NU,
Agrupación De Vivienda Monguí,ETAPA 1,3/15/2026,No,Colsubsidio,Banderas y/o señalización,"1,777,169,000,000",2026-3,2026-3,KAPPA,OMEGA,46 a 55 años,,,TAU,
VERDE ESPERANZA EL DORADO,ETAPA 1,3/15/2026,No,Colsubsidio,Banderas y/o señalización,"1,753,000,000,000",2026-3,2026-3,SIGMA,OMEGA,46 a 55 años,,,TAU,
Agrupación De Vivienda Monguí,ETAPA 2,3/14/2026,No,Colsubsidio,Banderas y/o señalización,"1,969,768,000,000",2026-3,2026-3,SIGMA,ETA,36 a 45 años,2,1,ZETA,
Agrupación De Vivienda Monguí,ETAPA 2,3/1/2026,No,Colsubsidio,Activación,"1,961,014,000,000",2026-3,2026-3,NU,OMEGA,20 a 35 años,,,ZETA,
Agrupación De Vivienda Monguí,ETAPA 2,3/15/2026,No,Banco,Activación,"1,567,060,000,000",2026-3,2026-3,KAPPA,OMEGA,46 a 55 años,,,TAU,
VERDE ESPERANZA EL DORADO,ETAPA 1,12/1/2025,No,Colsubsidio,Banderas y/o señalización,"1,753,000,000,000",2025-12,2025-12,KAPPA,OMEGA,36 a 45 años,3,2,ZETA,
ARAUCARIA,ETAPA 1,12/22/2025,No,Banco,Activación,"6,312,000,000,000",2025-12,2025-12,NU,TAU,20 a 35 años,,,RHO,X
Agrupación De Vivienda Monguí,,3/22/2024,Si,Colsubsidio,Sin Informacion,"1,776,528,000,000",2024-3,2024-3,SIGMA,OMEGA,36 - 45 años,2,2,TAU,
Agrupación De Vivienda Monguí,ETAPA 2,3/24/2024,No,Banco,Redes Sociales,"1,776,528,000,000",2024-3,2024-3,KAPPA,OMEGA,20 - 35 años,2,1,NU,
Agrupación De Vivienda Monguí,ETAPA 3,4/24/2026,No,Banco,Activación,"1,567,060,000,000",2026-4,2026-4,KAPPA,OMEGA,20 a 35 años,,,ALPHA,
Agrupación De Vivienda Monguí,ETAPA 3,4/25/2026,No,Banco,Activación,"1,961,014,000,000",2026-4,2026-4,KAPPA,OMEGA,36 a 45 años,2,2,RHO,X
INARI,ETAPA 1,8/24/2025,No,Colsubsidio,Activación,"2,506,000,000,000",2025-8,2025-8,NU,OMEGA,20 a 35 años,,,GAMMA,
Agrupación De Vivienda Monguí,ETAPA 3,4/25/2026,No,Colsubsidio,Activación,"1,575,815,000,000",2026-4,2026-4,NU,OMEGA,20 a 35 años,,,RHO,X
INARI,ETAPA 1,4/25/2026,No,Colsubsidio,Banderas y/o señalización,"2,916,000,000,000",2026-4,2026-4,SIGMA,OMEGA,20 a 35 años,1,,NU,
Agrupación De Vivienda Monguí,ETAPA 3,4/26/2026,No,Banco,Activación,"1,969,768,000,000",2026-4,2026-4,NU,OMEGA,20 a 35 años,,,NU,
Agrupación De Vivienda Monguí,ETAPA 3,4/24/2026,No,Colsubsidio,Activación,"1,794,678,000,000",2026-4,2026-4,NU,OMEGA,20 a 35 años,,,ZETA,
VERDE ESPERANZA EL DORADO,ETAPA 1,9/23/2025,No,Colsubsidio,Valla ,"1,578,000,000,000",2025-9,2025-9,SIGMA,OMEGA,20 a 35 años,1,1,TAU,
AGRUPACIÓN DE VIVIENDA BOSQUE DE TURPIAL,ETAPA 1,9/20/2025,No,Banco,Banderas y/o señalización,"2,311,190,000,000",2025-9,2025-9,NU,OMEGA,20 a 35 años,,,TAU,
VERDE ESPERANZA EL DORADO,ETAPA 1,9/29/2025,No,Banco,Valla ,"1,578,000,000,000",2025-9,2025-9,KAPPA,OMEGA,20 a 35 años,,,TAU,
Agrupacion De Vivienda Fuentevida,ETAPA 2,11/23/2024,No,Banco,Referido Alcaldía,"1,170,000,000,000",2024-11,2024-11,KAPPA,OMEGA,20 - 35 años,,,GAMMA,
La Arboleda,ETAPA 3,4/26/2026,No,Banco,Banderas y/o señalización,"2,233,450,000,000",2026-4,2026-4,NU,OMEGA,20 a 35 años,,,GAMMA,X
VERDE ESPERANZA EL DORADO,ETAPA 1,9/29/2025,No,Banco,Valla ,"1,578,000,000,000",2025-9,2025-9,KAPPA,OMEGA,36 a 45 años,2,2,GAMMA,
AGRUPACIÓN DE VIVIENDA SAMÁN ,ETAPA 1,4/25/2026,No,Banco,Ferias empresariales,"2,532,490,950,000",2026-4,2026-4,NU,ETA,20 a 35 años,,,GAMMA,
Agrupación De Vivienda La Macarena,ETAPA 4,8/4/2025,No,Colsubsidio,Banderas y/o señalización,"1,763,000,000,000",2025-8,2025-8,SIGMA,OMEGA,36 a 45 años,1,1,GAMMA,
Agrupación De Vivienda Monguí,,7/19/2024,Si,Colsubsidio,Sin Informacion,"1,777,951,500,000",2024-7,2024-7,KAPPA,OMEGA,20 - 35 años,5,4,GAMMA,
AGRUPACIÓN DE VIVIENDA BOSQUE DE TURPIAL,ETAPA 1,11/8/2024,No,Colsubsidio,Banderas y/o señalización,"2,311,190,000,000",2024-11,2024-11,KAPPA,OMEGA,36 - 45 años,,,NU,
VERDE ESPERANZA EL DORADO,ETAPA 1,9/21/2025,No,Colsubsidio,Valla ,"1,578,000,000,000",2025-9,2025-9,KAPPA,OMEGA,20 a 35 años,1,1,GAMMA,
Agrupación De Vivienda Pamplona I,ETAPA 1,4/27/2026,No,Colsubsidio,Banderas y/o señalización,"2,100,000,000,000",2026-4,2026-4,KAPPA,OMEGA,36 a 45 años,2,2,GAMMA,
INARI,ETAPA 1,4/26/2026,No,Colsubsidio,Activación,"2,808,000,000,000",2026-4,2026-4,KAPPA,OMEGA,36 a 45 años,1,1,GAMMA,
Agrupación De Vivienda Monguí,ETAPA 3,4/24/2026,No,Colsubsidio,Activación,"1,794,678,000,000",2026-4,2026-4,KAPPA,OMEGA,46 a 55 años,3,2,ZETA,
AGRUPACIÓN DE VIVIENDA BOSQUE DE TURPIAL,ETAPA 1,11/24/2024,No,Colsubsidio,Banderas y/o señalización,"2,311,000,000,000",2024-11,2024-11,KAPPA,OMEGA,36 - 45 años,3,,TAU,
Agrupacion De Vivienda Reserva De Guayacan,ETAPA 1,4/26/2026,No,Banco,Ferias empresariales,"2,360,000,000,000",2026-4,2026-4,KAPPA,OMEGA,36 a 45 años,1,1,TAU,
AGRUPACIÓN DE VIVIENDA SAMÁN ,ETAPA 1,9/20/2025,No,Banco,Redes Sociales,"2,550,000,000,000",2025-9,2025-9,KAPPA,OMEGA,46 a 55 años,1,1,TAU,
Agrupación De Vivienda Pamplona I,ETAPA 2,7/31/2024,No,Banco,Banderas y/o señalización,"1,950,195,000,000",2024-7,2024-7,SIGMA,OMEGA,36 - 45 años,,,TAU,
AGRUPACIÓN DE VIVIENDA BOSQUE DE TURPIAL,ETAPA 1,4/26/2026,No,Banco,Banderas y/o señalización,"2,261,000,000,000",2026-4,2026-4,KAPPA,OMEGA,46 a 55 años,1,1,TAU,
Agrupación De Vivienda La Macarena,ETAPA 4,1/29/2026,No,Colsubsidio,Visita empresarial,"1,488,269,000,000",2026-1,2026-1,KAPPA,OMEGA,20 a 35 años,1,1,RHO,X
Los Nogales,2,7/28/2025,Si,Banco,Sin Informacion,"7,389,480,000,000",2025-7,2025-7,SIGMA,TAU,36 a 45 años,,,RHO,X
Agrupación De Vivienda Pamplona I,ETAPA 5,11/30/2025,No,Banco,Referido,"2,240,000,000,000",2025-11,2025-11,KAPPA,OMEGA,36 a 45 años,3,,TAU,
Agrupación De Vivienda Monguí,ETAPA 2,7/4/2025,No,Banco,Referido,"1,773,681,000,000",2025-7,2025-7,NU,OMEGA,20 a 35 años,,,NU,
VERDE ESPERANZA EL DORADO,ETAPA 1,1/29/2026,No,Banco,Banderas y/o señalización,"1,753,000,000,000",2026-1,2026-1,KAPPA,OMEGA,46 a 55 años,1,1,TAU,
Agrupacion De Vivienda Payande,ETAPA 3,8/14/2024,No,Banco,Ferias empresariales,"1,755,000,000,000",2024-8,2024-8,SIGMA,OMEGA,20 - 35 años,6,5,RHO,X
Agrupación De Vivienda Monguí,ETAPA 2,1/28/2026,No,Banco,Banderas y/o señalización,"1,979,590,000,000",2026-1,2026-1,KAPPA,OMEGA,20 a 35 años,1,1,GAMMA,
La Arboleda,ETAPA 3,7/18/2025,No,Banco,Ferias empresariales,"2,233,450,000,000",2025-7,2025-7,KAPPA,OMEGA,36 a 45 años,3,3,TAU,
Agrupación De Vivienda La Macarena,ETAPA 3,8/24/2024,No,Banco,Banderas y/o señalización,"1,493,700,000,000",2024-8,2024-8,NU,OMEGA,20 - 35 años,,,NU,
ABETO,ETAPA 3,5/5/2026,No,Banco,Banderas y/o señalización,"4,388,000,000,000",2026-5,2026-5,SIGMA,ETA,36 a 45 años,,,RHO,X
Versalles,ETAPA 1,5/17/2026,No,Colsubsidio,Banderas y/o señalización,"1,987,000,000,000",2026-5,2026-5,NU,OMEGA,20 a 35 años,,,RHO,X
INARI,ETAPA 1,5/15/2025,No,Colsubsidio,Banderas y/o señalización,"2,808,000,000,000",2025-5,2025-5,NU,OMEGA,20 a 35 años,,,NU,
Agrupación De Vivienda Pamplona I,ETAPA 4,6/14/2025,No,Banco,Banderas y/o señalización,"2,361,000,000,000",2025-6,2025-6,SIGMA,OMEGA,20 a 35 años,2,1,TAU,
Agrupación De Vivienda La Macarena,ETAPA 3,6/15/2025,No,Colsubsidio,Banderas y/o señalización,"1,622,790,000,000",2025-6,2025-6,KAPPA,OMEGA,36 a 45 años,,,TAU,
Agrupación De Vivienda La Macarena,ETAPA 2,6/25/2025,No,Colsubsidio,Ferias empresariales,"1,615,672,500,000",2025-6,2025-6,SIGMA,OMEGA,20 a 35 años,1,1,ALPHA,
Agrupacion De Vivienda Reserva De Guayacan,ETAPA 1,5/14/2026,No,Banco,Banderas y/o señalización,"1,754,000,000,000",2026-5,2026-5,KAPPA,OMEGA,36 a 45 años,1,1,GAMMA,
Agrupacion De Vivienda Payande,ETAPA 1,6/15/2025,No,Banco,Ferias empresariales,"1,699,375,000,000",2025-6,2025-6,KAPPA,OMEGA,20 a 35 años,1,1,RHO,X
INARI,ETAPA 1,6/18/2025,No,Colsubsidio,Banderas y/o señalización,"2,506,000,000,000",2025-6,2025-6,NU,ETA,20 a 35 años,,,RHO,X
AGRUPACIÓN DE VIVIENDA SAMÁN ,ETAPA 1,6/14/2025,No,Banco,Referido,"2,550,000,000,000",2025-6,2025-6,SIGMA,ETA,46 a 55 años,,,ZETA,
Agrupación De Vivienda Monguí,ETAPA 1,5/16/2025,No,Banco,Banderas y/o señalización,"1,916,031,000,000",2025-5,2025-5,KAPPA,OMEGA,Mayor de 55 años,,,TAU,
Agrupacion De Vivienda Payande,ETAPA 3,4/4/2025,No,Colsubsidio,Valla ,"1,649,375,000,000",2025-4,2025-4,KAPPA,OMEGA,20 a 35 años,1,,TAU,
Agrupación De Vivienda Monguí,ETAPA 2,4/30/2025,No,Banco,Banderas y/o señalización,"1,984,359,000,000",2025-4,2025-4,SIGMA,TAU,36 a 45 años,2,,NU,
Proyecto Karakalí,ETAPA 1,4/26/2025,No,Banco,Banderas y/o señalización,"2,451,267,000,000",2025-4,2025-4,SIGMA,ETA,20 a 35 años,1,,NU,
Agrupacion De Vivienda Payande,ETAPA 2,2/25/2026,No,Banco,Whatsapp,"1,876,970,160,000",2026-2,2026-2,NU,OMEGA,20 a 35 años,,,RHO,X
VILLA MERCEDES EL DORADO,ETAPA 1,2/26/2026,No,Banco,Referido Alcaldía,"1,715,000,000,000",2026-2,2026-2,SIGMA,ETA,36 a 45 años,1,,IOTA,
VILLA MERCEDES EL DORADO,ETAPA 1,2/25/2026,No,Banco,Referido Alcaldía,"1,715,000,000,000",2026-2,2026-2,KAPPA,ETA,20 a 35 años,1,,IOTA,
VERDE ESPERANZA EL DORADO,ETAPA 1,2/14/2026,No,Colsubsidio,Banderas y/o señalización,"1,753,000,000,000",2026-2,2026-2,KAPPA,OMEGA,36 a 45 años,1,1,TAU,
Agrupación De Vivienda Monguí,ETAPA 2,7/15/2026,No,Colsubsidio,Banderas y/o señalización,"1,619,569,000,000",2026-7,2026-6,NU,OMEGA,36 a 45 años,,,RHO,X
Los Nogales,ETAPA 2,2/11/2024,No,Contado,Ferias empresariales,"7,750,450,000,000",2024-2,2024-2,SIGMA,TAU,Mayor de 55 años,2,,RHO,X
Los Nogales,ETAPA 1,2/10/2024,No,Contado,Valla ,"5,169,696,400,000",2024-2,2024-2,SIGMA,ETA,36 - 45 años,5,,RHO,X
Agrupación De Vivienda Monguí,,2/14/2024,Si,Colsubsidio,Sin Informacion,"1,745,211,000,000",2024-2,2024-2,SIGMA,OMEGA,20 - 35 años,1,1,NU,
Los Nogales,ETAPA 2,2/16/2024,No,Banco,Referido,"5,882,765,200,000",2024-2,2024-2,SIGMA,TAU,20 - 35 años,4,,ALPHA,
Agrupación De Vivienda Monguí,,5/11/2024,Si,Colsubsidio,Sin Informacion,"1,763,716,500,000",2024-5,2024-5,KAPPA,OMEGA,36 - 45 años,1,1,GAMMA,X
Agrupacion De Vivienda Payande,ETAPA 2,5/4/2024,No,Colsubsidio,Página web ,"1,594,710,000,000",2024-5,2024-5,SIGMA,OMEGA,36 - 45 años,2,,TAU,
Agrupacion De Vivienda Bosque De Arrayan,ETAPA 4,5/18/2024,No,Colsubsidio,Banderas y/o señalización,"1,909,700,000,000",2024-5,2024-5,SIGMA,OMEGA,20 - 35 años,1,1,TAU,
Agrupación De Vivienda Pamplona I,ETAPA 1,3/15/2026,No,Colsubsidio,Banderas y/o señalización,"1,920,000,000,000",2026-3,2026-3,NU,OMEGA,20 a 35 años,,,ALPHA,
Agrupación De Vivienda Monguí,ETAPA 2,3/15/2026,No,Banco,Contact Center,"1,794,678,000,000",2026-3,2026-3,KAPPA,OMEGA,20 a 35 años,,,GAMMA,
Agrupación De Vivienda Monguí,ETAPA 2,3/14/2026,No,Colsubsidio,Banderas y/o señalización,"1,575,815,000,000",2026-3,2026-3,KAPPA,OMEGA,20 a 35 años,1,1,RHO,X
Agrupación De Vivienda Monguí,ETAPA 2,3/1/2026,No,Banco,Banderas y/o señalización,"1,584,569,000,000",2026-3,2026-3,SIGMA,OMEGA,Mayor de 55 años,,,GAMMA,
Agrupacion De Vivienda Bosque De Arrayan,ETAPA 3,3/29/2026,No,Banco,Banderas y/o señalización,"2,034,180,000,000",2026-3,2026-3,KAPPA,OMEGA,46 a 55 años,,,TAU,
Agrupación De Vivienda Monguí,ETAPA 2,3/15/2026,No,Colsubsidio,Banderas y/o señalización,"1,584,569,000,000",2026-3,2026-3,KAPPA,OMEGA,36 a 45 años,1,1,ZETA,
ARAUCARIA,ETAPA 1,12/28/2025,No,Banco,Banderas y/o señalización,"6,868,000,000,000",2025-12,2025-12,NU,TAU,20 a 35 años,,,RHO,X
Proyecto Karakalí,ETAPA 1,12/21/2025,No,Banco,Activación,"2,451,267,000,000",2025-12,2025-12,KAPPA,OMEGA,20 a 35 años,1,,TAU,
ARAUCARIA,ETAPA 1,12/21/2025,No,Banco,Banderas y/o señalización,"5,697,000,000,000",2025-12,2025-12,SIGMA,ETA,36 a 45 años,1,,NU,
ARAUCARIA,ETAPA 1,12/20/2025,No,Banco,Activación,"5,697,000,000,000",2025-12,2025-12,SIGMA,ETA,20 a 35 años,1,1,RHO,X
ARAUCARIA,ETAPA 1,12/20/2025,No,Banco,Banderas y/o señalización,"5,724,000,000,000",2025-12,2025-12,SIGMA,ETA,Mayor de 55 años,1,,TAU,
VERDE ESPERANZA EL DORADO,ETAPA 1,12/3/2025,No,Colsubsidio,Banderas y/o señalización,"1,753,000,000,000",2025-12,2025-12,NU,OMEGA,20 a 35 años,,,TAU,
ARAUCARIA,ETAPA 1,12/20/2025,No,Banco,Activación,"6,042,000,000,000",2025-12,2025-12,SIGMA,TAU,46 a 55 años,3,,TAU,
VILLA FIORITA,ETAPA 2,3/6/2024,No,Colsubsidio,Valla ,"1,950,000,000,000",2024-3,2024-3,KAPPA,OMEGA,20 - 35 años,,,GAMMA,X
Agrupación De Vivienda Monguí,ETAPA 2,3/26/2024,No,Colsubsidio,Banderas y/o señalización,"1,920,301,500,000",2024-3,2024-3,KAPPA,OMEGA,36 - 45 años,,2,TAU,
Agrupación De Vivienda Monguí,ETAPA 3,4/24/2026,No,Colsubsidio,Banderas y/o señalización,"1,777,169,000,000",2026-4,2026-4,KAPPA,OMEGA,20 a 35 años,1,1,ALPHA,
AGRUPACIÓN DE VIVIENDA BOSQUE DE TURPIAL,ETAPA 1,4/26/2026,No,Banco,Ferias empresariales,"2,001,000,000,000",2026-4,2026-4,NU,OMEGA,20 a 35 años,,,RHO,X
Agrupación De Vivienda La Macarena,ETAPA 3,4/26/2026,No,Banco,Banderas y/o señalización,"1,497,024,000,000",2026-4,2026-4,NU,OMEGA,20 a 35 años,,,GAMMA,
INARI,ETAPA 1,4/24/2026,No,Colsubsidio,Activación,"2,506,000,000,000",2026-4,2026-4,NU,OMEGA,36 a 45 años,,,TAU,
La Arboleda,ETAPA 3,4/26/2026,No,Banco,Banderas y/o señalización,"2,412,130,000,000",2026-4,2026-4,KAPPA,OMEGA,36 a 45 años,1,1,TAU,
AGRUPACIÓN DE VIVIENDA BOSQUE DE TURPIAL,ETAPA 1,4/25/2026,No,Colsubsidio,Banderas y/o señalización,"2,261,000,000,000",2026-4,2026-4,KAPPA,OMEGA,Menor de 19 años,,,TAU,
La Arboleda,ETAPA 1,4/24/2026,No,Colsubsidio,Banderas y/o señalización,"1,642,719,000,000",2026-4,2026-4,SIGMA,ETA,20 a 35 años,1,1,TAU,
Agrupación De Vivienda Pamplona I,ETAPA 4,4/25/2026,No,Banco,Banderas y/o señalización,"2,480,000,000,000",2026-4,2026-4,KAPPA,ETA,20 a 35 años,,,IOTA,
Agrupacion De Vivienda Payande,ETAPA 1,8/17/2025,No,Colsubsidio,Whatsapp,"1,719,375,000,000",2025-8,2025-8,KAPPA,OMEGA,36 a 45 años,,,TAU,
Agrupación De Vivienda Monguí,ETAPA 3,4/25/2026,No,Colsubsidio,Activación,"1,777,169,000,000",2026-4,2026-4,KAPPA,OMEGA,36 a 45 años,10,4,TAU,
AGRUPACIÓN DE VIVIENDA BOSQUE DE TURPIAL,ETAPA 1,7/10/2024,No,Banco,CS Tocancipá,"2,311,000,000,000",2024-7,2024-7,SIGMA,OMEGA,Mayor de 55 años,2,1,ALPHA,
Agrupación De Vivienda La Macarena,ETAPA 3,4/30/2026,No,Banco,Banderas y/o señalización,"1,473,322,500,000",2026-4,2026-4,KAPPA,OMEGA,46 a 55 años,,,GAMMA,
Agrupación De Vivienda Monguí,ETAPA 2,8/30/2025,No,Banco,Campaña FNA,"1,914,607,500,000",2025-8,2025-8,KAPPA,OMEGA,46 a 55 años,,,RHO,X
Agrupacion De Vivienda Fuentevida,ETAPA 2,11/25/2024,No,Banco,Referido Alcaldía,"1,208,551,500,000",2024-11,2024-11,SIGMA,OMEGA,20 - 35 años,1,1,GAMMA,
La Arboleda,ETAPA 3,8/18/2025,No,Colsubsidio,Ferias empresariales,"2,412,130,000,000",2025-8,2025-8,KAPPA,OMEGA,36 a 45 años,1,1,GAMMA,
VERDE ESPERANZA EL DORADO,ETAPA 1,9/22/2025,No,Colsubsidio,Banderas y/o señalización,"1,578,000,000,000",2025-9,2025-9,SIGMA,ETA,Mayor de 55 años,1,,GAMMA,
Agrupacion De Vivienda Reserva De Guayacan,ETAPA 1,4/25/2026,No,Colsubsidio,Ferias empresariales,"1,754,000,000,000",2026-4,2026-4,NU,ETA,20 a 35 años,,,GAMMA,
VERDE ESPERANZA EL DORADO,ETAPA 1,9/24/2025,No,Colsubsidio,Valla ,"1,578,000,000,000",2025-9,2025-9,KAPPA,OMEGA,20 a 35 años,1,1,GAMMA,
Agrupación De Vivienda Monguí,,11/20/2024,Si,Colsubsidio,Sin Informacion,"1,847,755,000,000",2024-11,2024-11,KAPPA,OMEGA,20 - 35 años,3,3,NU,
Agrupación De Vivienda Monguí,ETAPA 3,4/26/2026,No,Banco,Banderas y/o señalización,"1,584,569,000,000",2026-4,2026-4,KAPPA,OMEGA,20 a 35 años,,,NU,
VERDE ESPERANZA EL DORADO,ETAPA 1,9/26/2025,No,Colsubsidio,Valla ,"1,578,000,000,000",2025-9,2025-9,SIGMA,OMEGA,20 a 35 años,2,2,NU,
Versalles,ETAPA 1,7/23/2024,No,Colsubsidio,Referido,"2,171,000,000,000",2024-7,2024-7,KAPPA,OMEGA,20 - 35 años,1,1,TAU,
La Arboleda,ETAPA 2,11/10/2024,No,Banco,Banderas y/o señalización,"1,970,124,000,000",2024-11,2024-11,SIGMA,OMEGA,36 - 45 años,1,,NU,
Agrupación De Vivienda La Macarena,3,8/19/2025,Si,Banco,Sin Informacion,"1,567,060,000,000",2025-8,2025-8,NU,OMEGA,20 a 35 años,,,NU,
Agrupación De Vivienda Monguí,ETAPA 3,4/24/2026,No,Colsubsidio,Banderas y/o señalización,"1,952,259,000,000",2026-4,2026-4,KAPPA,OMEGA,36 a 45 años,4,2,GAMMA,
AGRUPACIÓN DE VIVIENDA SAMÁN ,ETAPA 1,4/29/2026,No,Banco,Ferias empresariales,"2,532,490,950,000",2026-4,2026-4,KAPPA,OMEGA,36 a 45 años,2,2,TAU,
Agrupación De Vivienda La Macarena,ETAPA 4,4/27/2026,No,Colsubsidio,Banderas y/o señalización,"1,567,060,000,000",2026-4,2026-4,KAPPA,OMEGA,36 a 45 años,2,1,TAU,
VERDE ESPERANZA EL DORADO,ETAPA 1,9/28/2025,No,Colsubsidio,Banderas y/o señalización,"1,578,000,000,000",2025-9,2025-9,KAPPA,OMEGA,20 a 35 años,3,2,TAU,
Agrupación De Vivienda Monguí,ETAPA 2,7/17/2025,No,Colsubsidio,Banderas y/o señalización,"1,992,900,000,000",2025-7,2025-7,NU,ETA,20 a 35 años,,,ALPHA,
Proyecto Karakalí,ETAPA 1,7/20/2025,No,Banco,Banderas y/o señalización,"2,451,267,000,000",2025-7,2025-7,SIGMA,ETA,36 a 45 años,,,RHO,X
VERDE ESPERANZA EL DORADO,ETAPA 1,11/21/2025,No,Banco,Banderas y/o señalización,"1,578,000,000,000",2025-11,2025-11,KAPPA,OMEGA,20 a 35 años,6,,TAU,
INARI,1,8/26/2024,Si,Banco,Sin Informacion,"2,808,000,000,000",2024-8,2024-8,SIGMA,TAU,Mayor de 55 años,,,GAMMA,
VERDE ESPERANZA EL DORADO,ETAPA 1,10/23/2025,No,Colsubsidio,Valla ,"1,578,000,000,000",2025-10,2025-10,SIGMA,OMEGA,20 a 35 años,1,1,GAMMA,
Los Nogales,ETAPA 1,1/22/2026,No,Banco,Banderas y/o señalización,"7,771,960,000,000",2026-1,2026-1,SIGMA,TAU,Mayor de 55 años,,,GAMMA,
VERDE ESPERANZA EL DORADO,ETAPA 1,10/1/2025,No,Colsubsidio,Valla ,"1,578,000,000,000",2025-10,2025-10,SIGMA,OMEGA,46 a 55 años,2,1,TAU,
Agrupación De Vivienda La Macarena,3,6/15/2025,Si,Banco,Sin Informacion,"1,619,569,000,000",2025-6,2025-6,SIGMA,OMEGA,20 a 35 años,1,1,RHO,
Agrupación De Vivienda Monguí,,6/13/2025,Si,Colsubsidio,Sin Informacion,"1,779,375,000,000",2025-6,2025-6,NU,OMEGA,20 a 35 años,,,GAMMA,
Agrupacion De Vivienda Payande,ETAPA 1,6/28/2025,No,Colsubsidio,Ferias empresariales,"1,719,375,000,000",2025-6,2025-6,NU,OMEGA,20 a 35 años,,,GAMMA,
La Arboleda,ETAPA 2,6/13/2025,No,Banco,Ferias empresariales,"1,790,763,000,000",2025-6,2025-6,KAPPA,OMEGA,36 a 45 años,1,1,ZETA,
Proyecto Karakalí,ETAPA 1,6/15/2025,No,Colsubsidio,Ferias empresariales,"2,451,267,000,000",2025-6,2025-6,KAPPA,OMEGA,20 a 35 años,1,1,TAU,
Conjunto Residencial Campo Alegre El Dorado,ETAPA 1,6/21/2025,No,Colsubsidio,Referido Alcaldía,"1,184,494,350,000",2025-6,2025-6,KAPPA,OMEGA,36 a 45 años,,,TAU,
Agrupación De Vivienda Pamplona I,,1/3/2025,Si,Contado,Sin Informacion,"2,361,000,000,000",2025-1,2025-1,SIGMA,OMEGA,36 - 45 años,2,,ALPHA,
Agrupación De Vivienda La Macarena,ETAPA 3,2/4/2024,No,Colsubsidio,Banderas y/o señalización,"1,491,100,000,000",2024-2,2024-2,KAPPA,OMEGA,36 - 45 años,,,GAMMA,
Versalles,ETAPA 1,12/7/2024,No,Banco,Redes Sociales,"1,987,000,000,000",2024-12,2024-12,KAPPA,OMEGA,46 - 55 años,,,NU,
Agrupacion De Vivienda Payande,ETAPA 3,1/31/2025,No,Banco,Página web ,"1,634,178,000,000",2025-1,2025-1,SIGMA,ETA,36 - 45 años,1,1,TAU,
Agrupación De Vivienda La Macarena,ETAPA 3,3/31/2026,No,Colsubsidio,Banderas y/o señalización,"1,575,815,000,000",2026-3,2026-3,KAPPA,OMEGA,36 a 45 años,,,RHO,X
Agrupación De Vivienda Monguí,ETAPA 2,3/14/2026,No,Banco,Banderas y/o señalización,"1,961,014,000,000",2026-3,2026-3,KAPPA,OMEGA,46 a 55 años,3,2,TAU,
Agrupación De Vivienda Monguí,ETAPA 2,3/15/2026,No,Colsubsidio,Activación,"1,952,259,000,000",2026-3,2026-3,NU,OMEGA,20 a 35 años,,,GAMMA,
Agrupación De Vivienda La Macarena,ETAPA 2,3/15/2026,No,Colsubsidio,Banderas y/o señalización,"1,497,060,000,000",2026-3,2026-3,KAPPA,OMEGA,Mayor de 55 años,,,NU,
ARAUCARIA,ETAPA 1,12/28/2025,No,Banco,Redes Sociales,"6,281,000,000,000",2025-12,2025-12,NU,TAU,20 a 35 años,,,GAMMA,
VERDE ESPERANZA EL DORADO,ETAPA 1,12/10/2025,No,Banco,Banderas y/o señalización,"1,753,000,000,000",2025-12,2025-12,SIGMA,OMEGA,20 a 35 años,2,2,NU,
ARAUCARIA,ETAPA 1,12/20/2025,No,Banco,Activación,"6,917,000,000,000",2025-12,2025-12,SIGMA,TAU,Mayor de 55 años,1,,TAU,
ARAUCARIA,ETAPA 1,12/21/2025,No,Banco,Banderas y/o señalización,"5,919,000,000,000",2025-12,2025-12,NU,TAU,20 a 35 años,,,GAMMA,X
Agrupación De Vivienda La Macarena,ETAPA 3,3/17/2024,No,Colsubsidio,Banderas y/o señalización,"1,368,900,000,000",2024-3,2024-3,SIGMA,OMEGA,36 - 45 años,2,2,GAMMA,
Agrupación De Vivienda Monguí,,3/20/2024,Si,Colsubsidio,Sin Informacion,"1,961,014,000,000",2024-3,2024-3,KAPPA,OMEGA,36 - 45 años,5,3,TAU,
Conjunto Residencial Campo Alegre El Dorado,ETAPA 2,9/9/2025,No,Banco,Referido Alcaldía,"1,184,494,350,000",2025-9,2025-9,NU,OMEGA,20 a 35 años,,,ALPHA,
INARI,ETAPA 1,4/25/2026,No,Colsubsidio,Activación,"2,808,000,000,000",2026-4,2026-4,NU,OMEGA,20 a 35 años,,,RHO,X
Agrupación De Vivienda La Macarena,ETAPA 3,9/28/2025,No,Colsubsidio,Banderas y/o señalización,"1,528,839,000,000",2025-9,2025-9,NU,OMEGA,20 a 35 años,,,RHO,X
Proyecto Karakalí,ETAPA 1,4/25/2026,No,Banco,Activación,"2,363,721,750,000",2026-4,2026-4,NU,OMEGA,20 a 35 años,,,RHO,
Versalles,ETAPA 1,4/12/2026,No,Colsubsidio,Banderas y/o señalización,"1,987,000,000,000",2026-4,2026-4,SIGMA,OMEGA,36 a 45 años,1,,GAMMA,
Agrupación De Vivienda La Macarena,ETAPA 3,4/25/2026,No,Colsubsidio,Activación,"1,497,024,000,000",2026-4,2026-4,KAPPA,OMEGA,20 a 35 años,,,RHO,
Agrupacion De Vivienda Reserva De Guayacan,ETAPA 1,4/26/2026,No,Banco,Redes Sociales,"1,754,000,000,000",2026-4,2026-4,KAPPA,OMEGA,20 a 35 años,,,NU,
Agrupación De Vivienda La Macarena,ETAPA 4,4/26/2026,No,Colsubsidio,Banderas y/o señalización,"1,497,024,000,000",2026-4,2026-4,KAPPA,OMEGA,20 a 35 años,1,1,TAU,
Agrupación De Vivienda Monguí,ETAPA 2,4/28/2026,No,Colsubsidio,Banderas y/o señalización,"1,820,923,000,000",2026-4,2026-4,SIGMA,OMEGA,46 a 55 años,,,TAU,
Agrupación De Vivienda Monguí,ETAPA 3,4/24/2026,No,Banco,Activación,"1,567,060,000,000",2026-4,2026-4,KAPPA,OMEGA,36 a 45 años,1,1,TAU,
AGRUPACIÓN DE VIVIENDA SAMÁN ,ETAPA 1,4/25/2026,No,Banco,Ferias empresariales,"2,532,490,950,000",2026-4,2026-4,SIGMA,ETA,36 a 45 años,2,2,RHO,X
La Arboleda,ETAPA 2,11/15/2024,No,Banco,Banderas y/o señalización,"1,958,736,000,000",2024-11,2024-11,SIGMA,OMEGA,36 - 45 años,1,1,ALPHA,
La Arboleda,ETAPA 1,7/8/2024,No,Banco,Banderas y/o señalización,"1,599,000,000,000",2024-7,2024-7,KAPPA,OMEGA,20 - 35 años,1,1,GAMMA,X
Proyecto Karakalí,1,3/15/2025,Si,Banco,Sin Informacion,"2,293,000,000,000",2025-3,2025-3,NU,OMEGA,20 a 35 años,,,RHO,X
Agrupación De Vivienda La Macarena,ETAPA 3,4/12/2026,No,Banco,Banderas y/o señalización,"1,567,060,000,000",2026-4,2026-4,KAPPA,OMEGA,36 a 45 años,,,RHO,X
VERDE ESPERANZA EL DORADO,ETAPA 1,9/25/2025,No,Colsubsidio,Valla ,"1,618,000,000,000",2025-9,2025-9,SIGMA,OMEGA,46 a 55 años,1,1,GAMMA,
Agrupacion De Vivienda Reserva De Guayacan,ETAPA 1,3/10/2025,No,Banco,Página web ,"2,360,000,000,000",2025-3,2025-3,KAPPA,OMEGA,36 a 45 años,3,2,GAMMA,
VILLA FIORITA,ETAPA 2,6/1/2025,No,Banco,Whatsapp,"2,135,250,000,000",2025-6,2025-6,KAPPA,OMEGA,20 a 35 años,1,1,TAU,
Agrupación De Vivienda La Macarena,3,6/15/2025,Si,Banco,Sin Informacion,"1,584,569,000,000",2025-6,2025-6,NU,OMEGA,20 a 35 años,,,TAU,
Proyecto Karakalí,1,6/15/2025,Si,Banco,Sin Informacion,"2,451,267,000,000",2025-6,2025-6,KAPPA,OMEGA,46 a 55 años,1,,TAU,
Agrupación De Vivienda Monguí,ETAPA 2,2/14/2026,No,Colsubsidio,Banderas y/o señalización,"1,584,569,000,000",2026-2,2026-2,KAPPA,OMEGA,46 a 55 años,,,RHO,X
Agrupación De Vivienda Monguí,ETAPA 2,2/8/2026,No,Colsubsidio,Banderas y/o señalización,"1,584,569,000,000",2026-2,2026-2,NU,OMEGA,36 a 45 años,,,NU,
Agrupación De Vivienda Monguí,ETAPA 2,2/22/2026,No,Banco,Banderas y/o señalización,"1,785,923,000,000",2026-2,2026-2,KAPPA,OMEGA,20 a 35 años,,,TAU,
VILLA MERCEDES EL DORADO,ETAPA 1,2/28/2026,No,Colsubsidio,Referido Alcaldía,"1,715,000,000,000",2026-2,2026-2,KAPPA,OMEGA,20 a 35 años,3,2,TAU,
VILLA MERCEDES EL DORADO,ETAPA 1,2/14/2026,No,Banco,Referido Alcaldía,"1,715,000,000,000",2026-2,2026-2,KAPPA,OMEGA,20 a 35 años,2,2,TAU,
Agrupación De Vivienda Monguí,ETAPA 2,2/10/2026,No,Colsubsidio,Banderas y/o señalización,"1,785,923,000,000",2026-2,2026-2,KAPPA,OMEGA,20 a 35 años,,,TAU,
VILLA MERCEDES EL DORADO,ETAPA 1,2/28/2026,No,Banco,Referido Alcaldía,"1,715,000,000,000",2026-2,2026-2,KAPPA,OMEGA,20 a 35 años,2,2,NU,
VILLA MERCEDES EL DORADO,ETAPA 1,2/20/2026,No,Banco,Referido Alcaldía,"1,715,000,000,000",2026-2,2026-2,KAPPA,OMEGA,36 a 45 años,2,2,TAU,
VILLA MERCEDES EL DORADO,ETAPA 1,2/26/2026,No,Banco,Referido Alcaldía,"1,715,000,000,000",2026-2,2026-2,KAPPA,OMEGA,Mayor de 55 años,1,,TAU,
VILLA FIORITA,ETAPA 1,2/3/2024,No,Colsubsidio,Referido,"1,950,000,000,000",2024-2,2024-2,NU,OMEGA,20 - 35 años,,,GAMMA,
Agrupación De Vivienda La Macarena,ETAPA 3,2/26/2024,No,Banco,Whatsapp,"1,358,500,000,000",2024-2,2024-2,NU,OMEGA,20 - 35 años,,,GAMMA,
Agrupacion De Vivienda Payande,ETAPA 1,5/5/2024,No,Banco,Ferias empresariales,"1,755,000,000,000",2024-5,2024-5,SIGMA,TAU,36 - 45 años,,,RHO,X
Agrupación De Vivienda La Macarena,ETAPA 3,1/31/2025,No,Colsubsidio,Ferias empresariales,"1,407,841,500,000",2025-1,2025-1,KAPPA,OMEGA,Mayor de 55 años,1,1,GAMMA,
Agrupación De Vivienda Pamplona I,ETAPA 3,1/16/2025,No,Banco,Redes Sociales,"2,293,000,000,000",2025-1,2025-1,NU,ETA,20 - 35 años,,,GAMMA,
Agrupación De Vivienda La Macarena,ETAPA 3,12/13/2024,No,Banco,Referido,"1,537,380,000,000",2024-12,2024-12,SIGMA,OMEGA,Mayor de 55 años,,,GAMMA,
Agrupación De Vivienda La Macarena,ETAPA 3,5/31/2024,No,Banco,Página web ,"1,487,200,000,000",2024-5,2024-5,KAPPA,OMEGA,36 - 45 años,2,,ZETA,
Agrupacion De Vivienda Bosque De Arrayan,ETAPA 3,1/28/2025,No,Banco,Banderas y/o señalización,"1,823,611,050,000",2025-1,2025-1,NU,OMEGA,20 - 35 años,,,NU,
Los Nogales,ETAPA 1,2/10/2024,No,Banco,Activación,"5,607,550,000,000",2024-2,2024-2,SIGMA,ETA,Mayor de 55 años,,,TAU,
Agrupación De Vivienda Monguí,ETAPA 2,3/15/2026,No,Colsubsidio,Banderas y/o señalización,"1,584,569,000,000",2026-3,2026-3,KAPPA,OMEGA,36 a 45 años,3,1,RHO,X
AGRUPACIÓN DE VIVIENDA BOSQUE DE TURPIAL,ETAPA 1,3/31/2026,No,Banco,Banderas y/o señalización,"2,311,000,000,000",2026-3,2026-3,NU,ETA,20 a 35 años,,,RHO,X
INARI,ETAPA 1,6/14/2026,No,Colsubsidio,Activación,"2,506,000,000,000",2026-6,2026-6,KAPPA,OMEGA,20 a 35 años,,,GAMMA,
VERDE ESPERANZA EL DORADO,ETAPA 1,6/1/2026,No,Colsubsidio,Banderas y/o señalización,"1,793,000,000,000",2026-6,2026-6,KAPPA,OMEGA,20 a 35 años,,,ZETA,
Versalles,ETAPA 2,6/7/2026,No,Colsubsidio,Banderas y/o señalización,"2,312,000,000,000",2026-6,2026-6,KAPPA,OMEGA,20 a 35 años,2,1,TAU,
Agrupación De Vivienda Monguí,ETAPA 2,3/15/2026,No,Colsubsidio,Banderas y/o señalización,"1,575,815,000,000",2026-3,2026-3,KAPPA,OMEGA,36 a 45 años,1,1,RHO,X
Agrupación De Vivienda Monguí,ETAPA 2,3/3/2026,No,Banco,Banderas y/o señalización,"1,575,815,000,000",2026-3,2026-3,KAPPA,OMEGA,20 a 35 años,2,2,GAMMA,
Agrupación De Vivienda La Macarena,ETAPA 3,3/15/2026,No,Banco,Activación,"1,567,060,000,000",2026-3,2026-3,KAPPA,OMEGA,36 a 45 años,1,1,RHO,X
Versalles,ETAPA 1,3/15/2026,No,Banco,Activación,"2,213,000,000,000",2026-3,2026-3,KAPPA,OMEGA,36 a 45 años,2,,RHO,X
Agrupación De Vivienda Monguí,ETAPA 2,3/5/2026,No,Colsubsidio,Banderas y/o señalización,"1,969,768,000,000",2026-3,2026-3,SIGMA,OMEGA,36 a 45 años,2,1,RHO,X
Agrupación De Vivienda Pamplona I,ETAPA 5,3/14/2026,No,Banco,Activación,"2,293,000,000,000",2026-3,2026-3,SIGMA,OMEGA,46 a 55 años,,,GAMMA,
Versalles,ETAPA 2,6/9/2026,No,Banco,Banderas y/o señalización,"2,312,000,000,000",2026-6,2026-6,NU,OMEGA,20 a 35 años,,,NU,
AGRUPACIÓN DE VIVIENDA BOSQUE DE TURPIAL,ETAPA 2,12/27/2025,No,Banco,Banderas y/o señalización,"2,807,000,000,000",2025-12,2025-12,SIGMA,OMEGA,20 a 35 años,1,1,RHO,X
ARAUCARIA,ETAPA 1,12/27/2025,No,Banco,CS Unicentro de Occidente,"6,278,000,000,000",2025-12,2025-12,NU,TAU,20 a 35 años,,,TAU,
Agrupacion De Vivienda Bosque De Arrayan,ETAPA 4,3/18/2024,No,Banco,Whatsapp,"1,913,600,000,000",2024-3,2024-3,SIGMA,TAU,36 - 45 años,1,,GAMMA,
Agrupación De Vivienda La Macarena,ETAPA 3,3/25/2024,No,Colsubsidio,Referido,"1,362,400,000,000",2024-3,2024-3,KAPPA,OMEGA,Mayor de 55 años,1,1,ZETA,
Versalles,ETAPA 2,9/21/2025,No,Banco,Banderas y/o señalización,"2,312,000,000,000",2025-9,2025-9,NU,OMEGA,20 a 35 años,,,GAMMA,
Agrupación De Vivienda Monguí,ETAPA 3,4/26/2026,No,Colsubsidio,Banderas y/o señalización,"1,961,014,000,000",2026-4,2026-4,NU,OMEGA,20 a 35 años,,,RHO,X
Agrupación De Vivienda La Macarena,ETAPA 3,4/26/2026,No,Colsubsidio,Activación,"1,575,815,000,000",2026-4,2026-4,KAPPA,OMEGA,20 a 35 años,,,TAU,
AGRUPACIÓN DE VIVIENDA SAMÁN ,ETAPA 1,4/26/2026,No,Banco,Redes Sociales,"2,532,490,950,000",2026-4,2026-4,NU,ETA,20 a 35 años,,,TAU,
Agrupación De Vivienda La Macarena,ETAPA 4,4/26/2026,No,Colsubsidio,Banderas y/o señalización,"1,575,815,000,000",2026-4,2026-4,KAPPA,OMEGA,36 a 45 años,1,1,TAU,
Agrupacion De Vivienda Payande,ETAPA 1,4/24/2026,No,Colsubsidio,Redes Sociales,"1,892,730,950,000",2026-4,2026-4,KAPPA,OMEGA,46 a 55 años,1,,TAU,
Agrupacion De Vivienda Bosque De Arrayan,ETAPA 2,7/10/2024,No,Banco,CS Tocancipá,"1,935,700,000,000",2024-7,2024-7,KAPPA,OMEGA,36 - 45 años,2,,GAMMA,
Agrupacion De Vivienda Payande,ETAPA 3,3/14/2025,No,Colsubsidio,Valla ,"1,771,725,000,000",2025-3,2025-3,NU,OMEGA,20 a 35 años,,,RHO,X
AGRUPACIÓN DE VIVIENDA SAMÁN ,ETAPA 1,4/25/2026,No,Banco,Ferias empresariales,"2,532,490,950,000",2026-4,2026-4,KAPPA,OMEGA,36 a 45 años,,,GAMMA,
Agrupacion De Vivienda Fuentevida,ETAPA 2,3/25/2025,No,Colsubsidio,Referido Alcaldía,"1,281,150,000,000",2025-3,2025-3,KAPPA,OMEGA,20 a 35 años,1,1,NU,
Agrupacion De Vivienda Reserva De Guayacan,ETAPA 1,4/25/2026,No,Banco,Ferias empresariales,"2,360,000,000,000",2026-4,2026-4,SIGMA,OMEGA,20 a 35 años,3,2,NU,
Agrupacion De Vivienda Reserva De Guayacan,ETAPA 1,4/24/2026,No,Banco,Ferias empresariales,"2,360,000,000,000",2026-4,2026-4,KAPPA,OMEGA,36 a 45 años,3,2,TAU,
AGRUPACIÓN DE VIVIENDA BOSQUE DE TURPIAL,,3/12/2025,Si,Banco,Sin Informacion,"2,311,190,000,000",2025-3,2025-3,SIGMA,OMEGA,Mayor de 55 años,,,TAU,
INARI,ETAPA 1,3/30/2025,No,Banco,Banderas y/o señalización,"2,808,000,000,000",2025-3,2025-3,SIGMA,OMEGA,36 a 45 años,1,,TAU,
VERDE ESPERANZA EL DORADO,ETAPA 1,10/16/2025,No,Colsubsidio,Valla ,"1,578,000,000,000",2025-10,2025-10,KAPPA,OMEGA,36 a 45 años,3,2,GAMMA,
Agrupacion De Vivienda Payande,ETAPA 1,1/14/2026,No,Colsubsidio,Activación,"1,876,970,160,000",2026-1,2026-1,SIGMA,ETA,36 a 45 años,2,2,GAMMA,
La Arboleda,3,1/30/2024,Si,Colsubsidio,Sin Informacion,"2,233,450,000,000",2024-1,2024-1,NU,ETA,20 - 35 años,,,RHO,
Agrupacion De Vivienda Payande,,8/16/2024,Si,Colsubsidio,Sin Informacion,"1,793,610,000,000",2024-8,2024-8,KAPPA,OMEGA,Mayor de 55 años,1,,TAU,
Proyecto Karakalí,1,8/2/2024,Si,Banco,Sin Informacion,"2,264,000,000,000",2024-8,2024-8,SIGMA,OMEGA,46 - 55 años,,,TAU,
Agrupación De Vivienda La Macarena,3,1/25/2024,Si,Colsubsidio,Sin Informacion,"1,365,000,000,000",2024-1,2024-1,KAPPA,OMEGA,46 - 55 años,2,,TAU,
INARI,ETAPA 1,6/18/2025,No,Colsubsidio,Banderas y/o señalización,"2,549,000,000,000",2025-6,2025-6,SIGMA,OMEGA,46 a 55 años,2,2,ALPHA,
AGRUPACIÓN DE VIVIENDA SAMÁN ,ETAPA 1,5/23/2026,No,Banco,Ferias empresariales,"2,532,490,950,000",2026-5,2026-5,KAPPA,OMEGA,36 a 45 años,1,1,RHO,X
Agrupación De Vivienda La Macarena,ETAPA 1,6/18/2024,No,Colsubsidio,Referido,"1,474,200,000,000",2024-6,2024-6,KAPPA,OMEGA,36 - 45 años,1,1,GAMMA,X
Agrupacion De Vivienda Reserva De Guayacan,ETAPA 1,6/21/2025,No,Banco,Referido,"2,360,000,000,000",2025-6,2025-6,KAPPA,OMEGA,36 a 45 años,,,GAMMA,
Conjunto Residencial Campo Alegre El Dorado,ETAPA 2,6/21/2025,No,Colsubsidio,Referido Alcaldía,"1,184,494,350,000",2025-6,2025-6,NU,OMEGA,20 a 35 años,,,GAMMA,
Agrupación De Vivienda Pamplona I,ETAPA 5,5/20/2024,No,Banco,Banderas y/o señalización,"2,293,000,000,000",2024-5,2024-5,NU,OMEGA,20 - 35 años,,,GAMMA,
Agrupacion De Vivienda Bosque De Arrayan,,2/10/2024,Si,Banco,Sin Informacion,"1,913,600,000,000",2024-2,2024-2,SIGMA,OMEGA,20 - 35 años,3,1,RHO,X
La Arboleda,ETAPA 3,12/30/2024,No,Colsubsidio,Banderas y/o señalización,"2,233,450,000,000",2024-12,2024-12,SIGMA,OMEGA,20 - 35 años,3,2,GAMMA,
La Arboleda,ETAPA 2,5/28/2024,No,Colsubsidio,Whatsapp,"1,972,971,000,000",2024-5,2024-5,KAPPA,OMEGA,20 - 35 años,1,1,GAMMA,
Agrupación De Vivienda Pamplona I,,1/27/2025,Si,Banco,Sin Informacion,"2,361,000,000,000",2025-1,2025-1,NU,ETA,20 - 35 años,,,GAMMA,
Los Nogales,ETAPA 1,2/10/2024,No,Banco,Ferias empresariales,"5,484,300,000,000",2024-2,2024-2,KAPPA,OMEGA,20 - 35 años,3,1,TAU,
VILLA FIORITA,,5/25/2024,Si,Banco,Sin Informacion,"2,116,000,000,000",2024-5,2024-5,SIGMA,OMEGA,20 - 35 años,1,,TAU,
Agrupacion De Vivienda Reserva De Guayacan,ETAPA 1,6/13/2026,No,Banco,Banderas y/o señalización,"2,360,000,000,000",2026-6,2026-6,NU,OMEGA,20 a 35 años,,,GAMMA,
Agrupación De Vivienda Pamplona I,ETAPA 3,3/26/2026,No,Banco,Banderas y/o señalización,"2,100,000,000,000",2026-3,2026-3,NU,OMEGA,20 a 35 años,,,NU,
Agrupacion De Vivienda Bosque De Arrayan,ETAPA 4,3/3/2026,No,Colsubsidio,Banderas y/o señalización,"2,034,180,000,000",2026-3,2026-3,SIGMA,ETA,20 a 35 años,1,1,NU,
INARI,ETAPA 1,6/3/2026,No,Colsubsidio,Banderas y/o señalización,"2,549,000,000,000",2026-6,2026-6,KAPPA,OMEGA,46 a 55 años,,,GAMMA,
Agrupación De Vivienda Monguí,ETAPA 2,3/14/2026,No,Colsubsidio,Banderas y/o señalización,"1,575,815,000,000",2026-3,2026-3,KAPPA,OMEGA,Mayor de 55 años,2,1,NU,
VERDE ESPERANZA EL DORADO,ETAPA 1,3/21/2026,No,Banco,Banderas y/o señalización,"1,753,000,000,000",2026-3,2026-3,SIGMA,OMEGA,36 a 45 años,3,2,TAU,
VERDE ESPERANZA EL DORADO,ETAPA 1,12/1/2025,No,Colsubsidio,Banderas y/o señalización,"1,753,000,000,000",2025-12,2025-12,SIGMA,OMEGA,36 a 45 años,1,1,GAMMA,
VERDE ESPERANZA EL DORADO,ETAPA 1,12/20/2025,No,Banco,Banderas y/o señalización,"1,753,000,000,000",2025-12,2025-12,SIGMA,OMEGA,20 a 35 años,1,1,ZETA,
AGRUPACIÓN DE VIVIENDA BOSQUE DE TURPIAL,ETAPA 1,12/29/2025,No,Banco,Banderas y/o señalización,"2,311,000,000,000",2025-12,2025-12,NU,OMEGA,20 a 35 años,,,TAU,
Agrupación De Vivienda Monguí,ETAPA 2,3/21/2024,No,Colsubsidio,Banderas y/o señalización,"1,917,454,500,000",2024-3,2024-3,KAPPA,OMEGA,20 - 35 años,,,ALPHA,
Agrupacion De Vivienda Bosque De Arrayan,ETAPA 4,3/12/2024,No,Banco,Redes Sociales,"1,913,600,000,000",2024-3,2024-3,KAPPA,OMEGA,36 - 45 años,5,3,TAU,
Los Nogales,ETAPA 2,3/27/2024,No,Banco,Valla ,"7,761,981,300,000",2024-3,2024-3,SIGMA,TAU,Mayor de 55 años,,,TAU,
Agrupación De Vivienda Monguí,ETAPA 2,3/19/2024,No,Colsubsidio,Whatsapp,"1,689,446,000,000",2024-3,2024-3,KAPPA,OMEGA,20 - 35 años,,,TAU,
INARI,ETAPA 1,3/16/2024,No,Banco,Whatsapp,"2,916,000,000,000",2024-3,2024-3,NU,ETA,20 - 35 años,,,NU,
La Arboleda,ETAPA 3,9/27/2025,No,Banco,Whatsapp,"2,233,450,000,000",2025-9,2025-9,KAPPA,OMEGA,20 a 35 años,1,,RHO,
Agrupacion De Vivienda Reserva De Guayacan,ETAPA 1,4/4/2026,No,Banco,Referido,"2,360,000,000,000",2026-4,2026-4,NU,OMEGA,20 a 35 años,,,RHO,
VILLA FIORITA,ETAPA 3,9/17/2025,No,Colsubsidio,Ferias empresariales,"2,135,250,000,000",2025-9,2025-9,SIGMA,OMEGA,20 a 35 años,1,,GAMMA,
CONJUNTO RESIDENCIAL VIBO ONCE,ETAPA 1,4/26/2026,No,Banco,Banderas y/o señalización,"2,813,000,000,000",2026-4,2026-4,SIGMA,ETA,36 a 45 años,1,1,GAMMA,
Agrupación De Vivienda Monguí,ETAPA 3,4/25/2026,No,Colsubsidio,Ferias empresariales,"1,575,815,000,000",2026-4,2026-4,KAPPA,OMEGA,20 a 35 años,,,GAMMA,
Agrupación De Vivienda Monguí,ETAPA 3,4/26/2026,No,Banco,Activación,"1,785,923,000,000",2026-4,2026-4,SIGMA,OMEGA,36 a 45 años,,,TAU,
La Arboleda,ETAPA 3,4/25/2026,No,Colsubsidio,Activación,"2,412,130,000,000",2026-4,2026-4,NU,OMEGA,20 a 35 años,,,TAU,
Agrupación De Vivienda Monguí,ETAPA 3,4/24/2026,No,Banco,Banderas y/o señalización,"1,952,259,000,000",2026-4,2026-4,SIGMA,OMEGA,Mayor de 55 años,1,,RHO,X
AGRUPACIÓN DE VIVIENDA SAMÁN ,ETAPA 1,3/28/2025,No,Banco,Redes Sociales,"2,550,000,000,000",2025-3,2025-3,KAPPA,OMEGA,20 a 35 años,2,1,GAMMA,
Agrupación De Vivienda Pamplona I,ETAPA 3,3/16/2025,No,Banco,Activación,"2,217,000,000,000",2025-3,2025-3,SIGMA,OMEGA,20 a 35 años,1,1,RHO,X
Versalles,ETAPA 1,3/16/2025,No,Colsubsidio,Activación,"2,171,000,000,000",2025-3,2025-3,SIGMA,OMEGA,20 a 35 años,2,2,GAMMA,
Versalles,ETAPA 1,3/18/2025,No,Banco,Referido,"2,110,000,000,000",2025-3,2025-3,KAPPA,OMEGA,46 a 55 años,2,2,RHO,X
La Arboleda,ETAPA 4,4/25/2026,No,Banco,Ferias empresariales,"1,976,071,000,000",2026-4,2026-4,KAPPA,OMEGA,36 a 45 años,4,2,GAMMA,
Agrupación De Vivienda Pamplona I,ETAPA 5,3/22/2025,No,Colsubsidio,Campaña FNA,"2,293,000,000,000",2025-3,2025-3,KAPPA,OMEGA,20 a 35 años,2,2,NU,
VERDE ESPERANZA EL DORADO,ETAPA 1,9/20/2025,No,Colsubsidio,Valla ,"1,578,000,000,000",2025-9,2025-9,KAPPA,OMEGA,36 a 45 años,1,1,GAMMA,
VILLA FIORITA,ETAPA 2,3/1/2025,No,Colsubsidio,Redes Sociales,"2,135,250,000,000",2025-3,2025-3,SIGMA,ETA,46 a 55 años,,,TAU,
AGRUPACIÓN DE VIVIENDA BOSQUE DE TURPIAL,ETAPA 1,7/23/2024,No,Colsubsidio,Activación,"2,311,000,000,000",2024-7,2024-7,KAPPA,OMEGA,46 - 55 años,2,1,TAU,
Agrupacion De Vivienda Reserva De Guayacan,ETAPA 1,4/25/2026,No,Banco,Redes Sociales,"1,754,000,000,000",2026-4,2026-4,SIGMA,OMEGA,36 a 45 años,1,1,TAU,
Agrupación De Vivienda Monguí,ETAPA 2,7/19/2024,No,Banco,Referido,"1,765,140,000,000",2024-7,2024-7,SIGMA,OMEGA,36 - 45 años,2,1,TAU,
AGRUPACIÓN DE VIVIENDA BOSQUE DE TURPIAL,ETAPA 1,7/28/2024,No,Colsubsidio,Banderas y/o señalización,"2,311,000,000,000",2024-7,2024-7,NU,OMEGA,20 - 35 años,,,TAU,
Agrupacion De Vivienda Reserva De Guayacan,ETAPA 1,4/25/2026,No,Banco,Redes Sociales,"2,360,000,000,000",2026-4,2026-4,KAPPA,OMEGA,20 a 35 años,2,2,TAU,
Agrupacion De Vivienda Reserva De Guayacan,ETAPA 1,3/29/2025,No,Banco,Redes Sociales,"2,360,000,000,000",2025-3,2025-3,KAPPA,OMEGA,20 a 35 años,3,2,TAU,
VERDE ESPERANZA EL DORADO,ETAPA 1,9/30/2025,No,Colsubsidio,Banderas y/o señalización,"1,578,000,000,000",2025-9,2025-9,KAPPA,OMEGA,36 a 45 años,1,,TAU,
La Arboleda,ETAPA 4,4/26/2026,No,Banco,Activación,"1,976,071,000,000",2026-4,2026-4,KAPPA,OMEGA,Mayor de 55 años,1,,TAU,
Agrupacion De Vivienda Reserva De Guayacan,ETAPA 1,3/9/2025,No,Banco,Redes Sociales,"2,360,000,000,000",2025-3,2025-3,SIGMA,OMEGA,36 a 45 años,1,1,TAU,
Versalles,ETAPA 2,1/16/2026,No,Banco,Banderas y/o señalización,"2,312,000,000,000",2026-1,2026-1,NU,ETA,20 a 35 años,,,GAMMA,
CONJUNTO RESIDENCIAL VIBO ONCE,ETAPA 1,11/28/2025,No,Banco,Banderas y/o señalización,"2,813,000,000,000",2025-11,2025-11,KAPPA,OMEGA,46 a 55 años,2,,TAU,
MIRADOR DEL VIRREY II,UNICA,8/2/2024,No,Banco,Valla proyecto sala de ventas,"1,700,000,000,000",2024-8,2024-8,KAPPA,OMEGA,36 - 45 años,2,2,GAMMA,
La Arboleda,ETAPA 2,11/30/2025,No,Colsubsidio,Banderas y/o señalización,"1,814,962,500,000",2025-11,2025-11,KAPPA,OMEGA,20 a 35 años,1,,GAMMA,
Los Nogales,1,8/10/2024,Si,Banco,Sin Informacion,"5,769,040,000,000",2024-8,2024-8,SIGMA,TAU,36 - 45 años,,,GAMMA,
Los Nogales,ETAPA 1,8/28/2024,No,Banco,Valla ,"5,473,120,000,000",2024-8,2024-8,SIGMA,OMEGA,36 - 45 años,3,,TAU,
Agrupacion De Vivienda Reserva De Guayacan,ETAPA 1,10/30/2025,No,Banco,Redes Sociales,"2,360,000,000,000",2025-10,2025-10,KAPPA,OMEGA,36 a 45 años,,,TAU,
Agrupacion De Vivienda Reserva De Guayacan,ETAPA 1,11/26/2025,No,Banco,Página web ,"2,360,000,000,000",2025-11,2025-11,SIGMA,ETA,36 a 45 años,2,,ZETA,
Agrupación De Vivienda Monguí,ETAPA 2,6/14/2025,No,Colsubsidio,Ferias empresariales,"1,779,375,000,000",2025-6,2025-6,SIGMA,OMEGA,20 a 35 años,1,1,ALPHA,
Agrupación De Vivienda La Macarena,3,6/18/2024,Si,Colsubsidio,Sin Informacion,"1,489,800,000,000",2024-6,2024-6,KAPPA,OMEGA,20 - 35 años,1,1,GAMMA,X
AGRUPACIÓN DE VIVIENDA SAMÁN ,ETAPA 1,5/31/2026,No,Banco,Contact Center,"2,532,490,950,000",2026-5,2026-5,SIGMA,OMEGA,36 a 45 años,3,2,RHO,X
INARI,ETAPA 1,5/26/2026,No,Colsubsidio,Activación,"2,808,000,000,000",2026-5,2026-5,KAPPA,OMEGA,46 a 55 años,1,,RHO,X
VERDE ESPERANZA EL DORADO,ETAPA 1,5/13/2026,No,Colsubsidio,Banderas y/o señalización,"1,753,000,000,000",2026-5,2026-5,NU,OMEGA,20 a 35 años,,,GAMMA,
INARI,ETAPA 1,5/10/2026,No,Colsubsidio,Activación,"2,549,000,000,000",2026-5,2026-5,NU,OMEGA,20 a 35 años,,,NU,
Agrupación De Vivienda Monguí,,9/19/2024,Si,Banco,Sin Informacion,"1,987,206,000,000",2024-9,2024-9,KAPPA,OMEGA,36 - 45 años,5,3,ZETA,
La Arboleda,ETAPA 2,6/14/2025,No,Banco,Activación,"1,793,610,000,000",2025-6,2025-6,NU,OMEGA,20 a 35 años,,,RHO,
Agrupacion De Vivienda Bosque De Arrayan,ETAPA 3,6/15/2024,No,Colsubsidio,Banderas y/o señalización,"1,913,600,000,000",2024-6,2024-6,NU,OMEGA,20 - 35 años,,,TAU,
AGRUPACIÓN DE VIVIENDA BOSQUE DE TURPIAL,ETAPA 1,6/15/2025,No,Banco,Banderas y/o señalización,"2,553,000,000,000",2025-6,2025-6,KAPPA,OMEGA,20 a 35 años,2,2,TAU,
Versalles,ETAPA 1,6/15/2025,No,Colsubsidio,Ferias empresariales,"2,110,000,000,000",2025-6,2025-6,KAPPA,OMEGA,20 a 35 años,3,2,TAU,
VILLA FIORITA,ETAPA 2,6/14/2025,No,Banco,Activación,"2,135,250,000,000",2025-6,2025-6,SIGMA,OMEGA,20 a 35 años,1,,RHO,X
Agrupación De Vivienda La Macarena,,6/29/2024,Si,Colsubsidio,Sin Informacion,"1,619,569,000,000",2024-6,2024-6,KAPPA,OMEGA,20 - 35 años,1,1,RHO,X
VILLA FIORITA,ETAPA 3,2/15/2025,No,Colsubsidio,Activación,"2,135,250,000,000",2025-2,2025-2,NU,OMEGA,20 a 35 años,,,ALPHA,
La Arboleda,ETAPA 2,6/15/2025,No,Banco,Banderas y/o señalización,"1,796,457,000,000",2025-6,2025-6,SIGMA,OMEGA,20 a 35 años,2,,ALPHA,
Agrupacion De Vivienda Bosque De Arrayan,ETAPA 1,6/26/2025,No,Colsubsidio,Banderas y/o señalización,"2,085,996,900,000",2025-6,2025-6,NU,OMEGA,20 a 35 años,,,ALPHA,
Agrupación De Vivienda Monguí,ETAPA 1,2/7/2025,No,Banco,Banderas y/o señalización,"1,916,031,000,000",2025-2,2025-2,KAPPA,OMEGA,36 a 45 años,3,1,RHO,X
INARI,ETAPA 1,6/18/2025,No,Colsubsidio,Banderas y/o señalización,"2,549,000,000,000",2025-6,2025-6,NU,ETA,20 a 35 años,,,RHO,X
AGRUPACIÓN DE VIVIENDA SAMÁN ,ETAPA 1,6/29/2025,No,Colsubsidio,Banderas y/o señalización,"2,550,000,000,000",2025-6,2025-6,KAPPA,OMEGA,36 a 45 años,2,2,NU,
Agrupación De Vivienda Monguí,ETAPA 2,4/17/2024,No,Colsubsidio,Banderas y/o señalización,"1,970,124,000,000",2024-4,2024-4,KAPPA,OMEGA,20 - 35 años,1,1,TAU,
Agrupacion De Vivienda Bosque De Arrayan,ETAPA 4,4/13/2024,No,Banco,Banderas y/o señalización,"1,770,600,000,000",2024-4,2024-4,KAPPA,OMEGA,20 - 35 años,2,1,TAU,
Agrupación De Vivienda La Macarena,ETAPA 3,4/16/2024,No,Colsubsidio,Banderas y/o señalización,"1,491,100,000,000",2024-4,2024-4,NU,OMEGA,20 - 35 años,,,TAU,
INARI,ETAPA 1,5/30/2025,No,Colsubsidio,Banderas y/o señalización,"2,808,000,000,000",2025-5,2025-5,KAPPA,OMEGA,20 a 35 años,2,2,TAU,
Versalles,ETAPA 1,6/28/2024,No,Banco,Banderas y/o señalización,"1,987,000,000,000",2024-6,2024-6,KAPPA,OMEGA,20 - 35 años,,,TAU,
VERDE ESPERANZA EL DORADO,ETAPA 1,2/26/2026,No,Banco,Banderas y/o señalización,"1,753,000,000,000",2026-2,2026-2,KAPPA,OMEGA,20 a 35 años,1,,TAU,
ARAUCARIA,ETAPA 1,2/14/2026,No,Banco,Banderas y/o señalización,"9,832,000,000,000",2026-2,2026-2,SIGMA,ETA,36 a 45 años,1,1,NU,
VILLA MERCEDES EL DORADO,ETAPA 1,2/25/2026,No,Banco,Referido Alcaldía,"1,715,000,000,000",2026-2,2026-2,KAPPA,OMEGA,20 a 35 años,2,,TAU,
VILLA MERCEDES EL DORADO,ETAPA 1,2/23/2026,No,Banco,Referido Alcaldía,"1,715,000,000,000",2026-2,2026-2,KAPPA,ETA,Mayor de 55 años,,,IOTA,
Agrupación De Vivienda Monguí,ETAPA 2,2/15/2026,No,Colsubsidio,Banderas y/o señalización,"1,777,169,000,000",2026-2,2026-2,KAPPA,OMEGA,20 a 35 años,1,1,TAU,
Proyecto Karakalí,1,10/29/2024,Si,Colsubsidio,Sin Informacion,"2,451,267,000,000",2024-10,2024-10,SIGMA,ETA,20 - 35 años,1,1,RHO,X
Agrupación De Vivienda Monguí,ETAPA 2,2/24/2024,No,Banco,Página web ,"1,991,476,500,000",2024-2,2024-2,KAPPA,OMEGA,20 - 35 años,,,TAU,
Agrupación De Vivienda Pamplona I,ETAPA 1,2/29/2024,No,Colsubsidio,Referido,"2,064,075,000,000",2024-2,2024-2,KAPPA,OMEGA,46 - 55 años,2,1,TAU,
Los Nogales,ETAPA 1,2/10/2024,No,Banco,Ferias empresariales,"5,167,688,400,000",2024-2,2024-2,SIGMA,TAU,36 - 45 años,,,GAMMA,
Agrupación De Vivienda La Macarena,ETAPA 1,2/1/2024,No,Colsubsidio,Banderas y/o señalización,"1,480,700,000,000",2024-2,2024-2,SIGMA,OMEGA,20 - 35 años,1,,ZETA,
Los Nogales,ETAPA 1,2/10/2024,No,Banco,Valla ,"5,482,740,000,000",2024-2,2024-2,SIGMA,TAU,36 - 45 años,2,,TAU,
Agrupación De Vivienda La Macarena,3,2/25/2024,Si,Colsubsidio,Sin Informacion,"1,534,533,000,000",2024-2,2024-2,KAPPA,OMEGA,20 - 35 años,1,1,RHO,X
Los Nogales,ETAPA 2,2/27/2024,No,Banco,Whatsapp,"5,853,778,200,000",2024-2,2024-2,NU,TAU,20 - 35 años,,,NU,
Conjunto Residencial Campo Alegre El Dorado,ETAPA 2,12/11/2024,No,Banco,Referido Alcaldía,"1,118,728,650,000",2024-12,2024-12,SIGMA,OMEGA,36 - 45 años,1,,TAU,
INARI,ETAPA 1,12/22/2024,No,Colsubsidio,Banderas y/o señalización,"2,808,000,000,000",2024-12,2024-12,NU,ETA,20 - 35 años,,,TAU,
INARI,1,5/15/2024,Si,Banco,Sin Informacion,"2,916,000,000,000",2024-5,2024-5,KAPPA,OMEGA,46 - 55 años,,,TAU,
Agrupación De Vivienda Monguí,ETAPA 1,2/7/2024,No,Banco,Banderas y/o señalización,"1,792,700,000,000",2024-2,2024-2,SIGMA,ETA,20 - 35 años,4,1,NU,
Proyecto Karakalí,ETAPA 1,5/28/2024,No,Colsubsidio,Banderas y/o señalización,"2,630,000,000,000",2024-5,2024-5,SIGMA,TAU,46 - 55 años,3,,TAU,
Versalles,ETAPA 1,3/31/2026,No,Colsubsidio,Banderas y/o señalización,"2,136,000,000,000",2026-3,2026-3,KAPPA,OMEGA,46 a 55 años,,,RHO,X
Agrupacion De Vivienda Bosque De Arrayan,ETAPA 4,3/29/2026,No,Colsubsidio,Banderas y/o señalización,"2,034,180,000,000",2026-3,2026-3,NU,OMEGA,20 a 35 años,,,NU,
Agrupación De Vivienda Pamplona I,ETAPA 3,3/15/2026,No,Colsubsidio,Activación,"2,100,000,000,000",2026-3,2026-3,NU,OMEGA,20 a 35 años,,,RHO,X
Agrupación De Vivienda Pamplona I,ETAPA 1,3/23/2026,No,Colsubsidio,Banderas y/o señalización,"2,100,000,000,000",2026-3,2026-3,SIGMA,OMEGA,20 a 35 años,1,1,GAMMA,X
VERDE ESPERANZA EL DORADO,ETAPA 1,3/19/2026,No,Colsubsidio,Banderas y/o señalización,"1,753,000,000,000",2026-3,2026-3,KAPPA,OMEGA,46 a 55 años,1,1,TAU,
Agrupacion De Vivienda Reserva De Guayacan,ETAPA 1,6/13/2026,No,Banco,CS Girardot,"2,360,000,000,000",2026-6,2026-6,NU,ETA,20 a 35 años,,,IOTA,
AGRUPACIÓN DE VIVIENDA SAMÁN ,ETAPA 1,3/10/2026,No,Banco,Whatsapp,"2,550,000,000,000",2026-3,2026-3,SIGMA,OMEGA,36 a 45 años,2,2,TAU,
AGRUPACIÓN DE VIVIENDA BOSQUE DE TURPIAL,ETAPA 1,6/28/2026,No,Colsubsidio,Banderas y/o señalización,"2,056,000,000,000",2026-6,2026-6,NU,OMEGA,20 a 35 años,,,TAU,
Agrupación De Vivienda Monguí,ETAPA 1,3/6/2024,No,Colsubsidio,Banderas y/o señalización,"1,699,100,000,000",2024-3,2024-3,KAPPA,OMEGA,36 - 45 años,3,2,NU,
La Arboleda,ETAPA 1,3/25/2024,No,Banco,Activación,"1,634,178,000,000",2024-3,2024-3,SIGMA,OMEGA,Mayor de 55 años,,,TAU,
ARAUCARIA,ETAPA 1,4/25/2026,No,Banco,Banderas y/o señalización,"6,483,000,000,000",2026-4,2026-4,SIGMA,TAU,36 a 45 años,1,,ALPHA,
Agrupación De Vivienda Monguí,ETAPA 3,4/24/2026,No,Banco,Banderas y/o señalización,"1,567,060,000,000",2026-4,2026-4,KAPPA,OMEGA,20 a 35 años,1,1,GAMMA,
INARI,1,8/14/2025,Si,Colsubsidio,Sin Informacion,"2,506,000,000,000",2025-8,2025-8,NU,OMEGA,20 a 35 años,,,RHO,X
Agrupación De Vivienda La Macarena,ETAPA 3,4/25/2026,No,Banco,Banderas y/o señalización,"1,479,515,000,000",2026-4,2026-4,KAPPA,OMEGA,20 a 35 años,1,1,GAMMA,
Agrupación De Vivienda La Macarena,ETAPA 3,8/11/2025,No,Colsubsidio,Banderas y/o señalización,"1,622,790,000,000",2025-8,2025-8,NU,OMEGA,20 a 35 años,,,GAMMA,
VERDE ESPERANZA EL DORADO,ETAPA 1,9/22/2025,No,Colsubsidio,Banderas y/o señalización,"1,578,000,000,000",2025-9,2025-9,SIGMA,OMEGA,20 a 35 años,1,1,GAMMA,
Agrupación De Vivienda Monguí,ETAPA 3,4/21/2026,No,Banco,Banderas y/o señalización,"1,567,060,000,000",2026-4,2026-4,KAPPA,OMEGA,36 a 45 años,2,2,ZETA,
Proyecto Karakalí,ETAPA 1,4/26/2026,No,Banco,Ferias empresariales,"2,363,721,750,000",2026-4,2026-4,KAPPA,OMEGA,20 a 35 años,,,TAU,
Agrupacion De Vivienda Bosque De Arrayan,ETAPA 4,4/26/2026,No,Banco,Ferias empresariales,"2,155,000,000,000",2026-4,2026-4,KAPPA,ETA,20 a 35 años,,,IOTA,
VERDE ESPERANZA EL DORADO,ETAPA 1,4/23/2026,No,Banco,Banderas y/o señalización,"1,753,000,000,000",2026-4,2026-4,KAPPA,OMEGA,20 a 35 años,,,TAU,
Agrupacion De Vivienda Reserva De Guayacan,ETAPA 1,4/25/2026,No,Colsubsidio,Redes Sociales,"1,754,000,000,000",2026-4,2026-4,KAPPA,OMEGA,46 a 55 años,2,1,GAMMA,
Agrupación De Vivienda Monguí,,9/22/2025,Si,Banco,Sin Informacion,"1,812,169,000,000",2025-9,2025-9,SIGMA,OMEGA,46 a 55 años,1,,GAMMA,
Versalles,,7/30/2024,Si,Banco,Sin Informacion,"2,171,000,000,000",2024-7,2024-7,NU,OMEGA,20 - 35 años,,,RHO,X
La Arboleda,ETAPA 3,9/20/2025,No,Banco,Whatsapp,"2,412,130,000,000",2025-9,2025-9,SIGMA,OMEGA,20 a 35 años,2,1,NU,
Agrupación De Vivienda Monguí,ETAPA 2,4/30/2026,No,Banco,Banderas y/o señalización,"1,829,678,000,000",2026-4,2026-4,KAPPA,OMEGA,20 a 35 años,1,1,ZETA,
Agrupación De Vivienda Monguí,ETAPA 3,4/26/2026,No,Banco,Banderas y/o señalización,"1,794,678,000,000",2026-4,2026-4,NU,OMEGA,20 a 35 años,,,TAU,
AGRUPACIÓN DE VIVIENDA BOSQUE DE TURPIAL,ETAPA 1,7/16/2024,No,Banco,CS Tocancipá,"2,311,000,000,000",2024-7,2024-7,KAPPA,OMEGA,36 - 45 años,3,2,TAU,
VERDE ESPERANZA EL DORADO,ETAPA 1,4/27/2026,No,Banco,Banderas y/o señalización,"1,753,000,000,000",2026-4,2026-4,KAPPA,OMEGA,36 a 45 años,1,1,TAU,
ABETO,ETAPA 2,4/29/2026,No,Banco,Banderas y/o señalización,"3,613,000,000,000",2026-4,2026-4,SIGMA,TAU,Mayor de 55 años,1,,TAU,
Agrupación De Vivienda Monguí,ETAPA 1,4/26/2026,No,Banco,Banderas y/o señalización,"1,794,678,000,000",2026-4,2026-4,KAPPA,OMEGA,46 a 55 años,1,,TAU,
Agrupación De Vivienda Monguí,ETAPA 3,4/26/2026,No,Banco,Banderas y/o señalización,"1,961,014,000,000",2026-4,2026-4,KAPPA,OMEGA,36 a 45 años,1,,TAU,
Agrupacion De Vivienda Bosque De Arrayan,ETAPA 4,11/11/2025,No,Banco,Activación,"1,876,102,000,000",2025-11,2025-11,NU,OMEGA,Menor de 19 años,,,RHO,
AGRUPACIÓN DE VIVIENDA BOSQUE DE TURPIAL,ETAPA 2,11/25/2025,No,Banco,Banderas y/o señalización,"2,807,000,000,000",2025-11,2025-11,NU,OMEGA,20 a 35 años,,,ALPHA,
La Arboleda,ETAPA 3,10/28/2025,No,Banco,Whatsapp,"2,412,130,000,000",2025-10,2025-10,KAPPA,OMEGA,20 a 35 años,,,RHO,X
La Arboleda,ETAPA 3,1/18/2026,No,Banco,Whatsapp,"2,233,450,000,000",2026-1,2026-1,KAPPA,OMEGA,20 a 35 años,4,3,TAU,
VILLA FIORITA,ETAPA 3,8/7/2024,No,Banco,Activación,"2,135,250,000,000",2024-8,2024-8,NU,OMEGA,20 - 35 años,,,RHO,X
Agrupación De Vivienda La Macarena,ETAPA 4,1/29/2026,No,Colsubsidio,Whatsapp,"1,618,000,000,000",2026-1,2026-1,SIGMA,ETA,46 a 55 años,,,RHO,X
Versalles,ETAPA 1,8/20/2024,No,Banco,Redes Sociales,"2,171,000,000,000",2024-8,2024-8,NU,ETA,20 - 35 años,,,RHO,
VILLA FIORITA,ETAPA 3,8/17/2024,No,Banco,Referido,"2,064,075,000,000",2024-8,2024-8,KAPPA,OMEGA,20 - 35 años,1,1,NU,
VERDE ESPERANZA EL DORADO,ETAPA 1,11/19/2025,No,Banco,Banderas y/o señalización,"1,753,000,000,000",2025-11,2025-11,KAPPA,OMEGA,20 a 35 años,2,,GAMMA,
Agrupación De Vivienda Monguí,ETAPA 1,1/31/2024,No,Colsubsidio,Banderas y/o señalización,"1,736,670,000,000",2024-1,2024-1,KAPPA,OMEGA,20 - 35 años,,,TAU,
Agrupacion De Vivienda Payande,,8/16/2024,Si,Banco,Sin Informacion,"1,793,610,000,000",2024-8,2024-8,KAPPA,OMEGA,20 - 35 años,,,TAU,
VILLA FIORITA,ETAPA 1,1/15/2024,No,Banco,Valla ,"1,950,000,000,000",2024-1,2024-1,KAPPA,OMEGA,46 - 55 años,1,,TAU,
Agrupación De Vivienda La Macarena,ETAPA 3,9/30/2024,No,Banco,Referido,"1,525,992,000,000",2024-9,2024-9,KAPPA,OMEGA,20 - 35 años,0,0,RHO,X
Agrupacion De Vivienda Payande,ETAPA 1,6/28/2024,No,Colsubsidio,Ferias empresariales,"1,664,071,500,000",2024-6,2024-6,SIGMA,OMEGA,20 - 35 años,1,1,RHO,X
Agrupacion De Vivienda Reserva De Guayacan,ETAPA 1,6/12/2025,No,Banco,Página web ,"2,360,000,000,000",2025-6,2025-6,SIGMA,TAU,46 a 55 años,,,RHO,X
AGRUPACIÓN DE VIVIENDA BOSQUE DE TURPIAL,ETAPA 1,6/23/2024,No,Colsubsidio,CS Tocancipá,"2,311,000,000,000",2024-6,2024-6,KAPPA,OMEGA,20 - 35 años,1,1,GAMMA,
INARI,ETAPA 1,5/22/2025,No,Colsubsidio,Banderas y/o señalización,"2,808,000,000,000",2025-5,2025-5,NU,ETA,20 a 35 años,,,GAMMA,
VILLA FIORITA,ETAPA 2,6/15/2024,No,Colsubsidio,Ferias empresariales,"1,950,000,000,000",2024-6,2024-6,SIGMA,ETA,46 - 55 años,,,GAMMA,
RESERVA DEL NOGAL,UNICA,6/25/2024,No,Banco,Valla proyecto sala de ventas,"1,700,000,000,000",2024-6,2024-6,KAPPA,OMEGA,20 - 35 años,2,2,NU,
Agrupación De Vivienda Monguí,ETAPA 2,6/14/2025,No,Banco,Activación,"1,917,454,500,000",2025-6,2025-6,KAPPA,OMEGA,20 a 35 años,4,4,NU,
Proyecto Karakalí,ETAPA 1,5/21/2026,No,Banco,Ferias empresariales,"2,363,721,750,000",2026-5,2026-5,KAPPA,OMEGA,20 a 35 años,,,GAMMA,
Agrupacion De Vivienda Bosque De Arrayan,,6/13/2025,Si,Colsubsidio,Sin Informacion,"2,034,180,000,000",2025-6,2025-6,NU,OMEGA,20 a 35 años,,,NU,
Conjunto Residencial Campo Alegre El Dorado,ETAPA 2,5/15/2025,No,Banco,Referido Alcaldía,"1,184,494,350,000",2025-5,2025-5,KAPPA,OMEGA,36 a 45 años,2,1,TAU,
Proyecto Karakalí,ETAPA 1,6/19/2025,No,Banco,Activación,"2,451,267,000,000",2025-6,2025-6,KAPPA,OMEGA,20 a 35 años,,,TAU,
Agrupación De Vivienda La Macarena,ETAPA 3,5/9/2026,No,Colsubsidio,Banderas y/o señalización,"1,584,569,000,000",2026-5,2026-5,KAPPA,OMEGA,20 a 35 años,,,RHO,X
AGRUPACIÓN DE VIVIENDA BOSQUE DE TURPIAL,,9/29/2024,Si,Colsubsidio,Sin Informacion,"2,263,000,000,000",2024-9,2024-9,SIGMA,ETA,36 - 45 años,2,0,GAMMA,
Agrupacion De Vivienda Bosque De Arrayan,ETAPA 3,6/14/2025,No,Banco,Banderas y/o señalización,"2,062,651,500,000",2025-6,2025-6,SIGMA,OMEGA,20 a 35 años,1,1,GAMMA,
Los Nogales,ETAPA 2,9/22/2024,No,Contado,Valla ,"7,750,457,200,000",2024-9,2024-9,SIGMA,TAU,36 - 45 años,0,0,GAMMA,
INARI,ETAPA 1,6/15/2025,No,Colsubsidio,Activación,"2,549,000,000,000",2025-6,2025-6,NU,OMEGA,20 a 35 años,,,GAMMA,
La Arboleda,ETAPA 2,5/10/2025,No,Banco,Whatsapp,"1,790,763,000,000",2025-5,2025-5,NU,OMEGA,20 a 35 años,,,GAMMA,
INARI,1,2/6/2025,Si,Banco,Sin Informacion,"2,549,000,000,000",2025-2,2025-2,KAPPA,OMEGA,20 a 35 años,1,1,GAMMA,
Agrupacion De Vivienda Bosque De Arrayan,ETAPA 3,4/23/2024,No,Colsubsidio,Banderas y/o señalización,"1,935,700,000,000",2024-4,2024-4,SIGMA,OMEGA,20 - 35 años,2,1,NU,
Versalles,ETAPA 1,5/15/2025,No,Banco,Redes Sociales,"2,110,000,000,000",2025-5,2025-5,NU,OMEGA,20 a 35 años,,,ZETA,
Versalles,ETAPA 1,5/3/2026,No,Colsubsidio,Banderas y/o señalización,"1,987,000,000,000",2026-5,2026-5,KAPPA,OMEGA,20 a 35 años,2,2,ZETA,
AGRUPACIÓN DE VIVIENDA SAMÁN ,ETAPA 1,5/6/2025,No,Banco,Valla ,"2,550,000,000,000",2025-5,2025-5,KAPPA,OMEGA,46 a 55 años,,,TAU,
Agrupación De Vivienda Pamplona I,ETAPA 3,5/30/2026,No,Colsubsidio,Banderas y/o señalización,"2,100,000,000,000",2026-5,2026-5,SIGMA,OMEGA,46 a 55 años,1,,TAU,
Agrupación De Vivienda Monguí,ETAPA 2,2/21/2026,No,Banco,Banderas y/o señalización,"1,785,923,000,000",2026-2,2026-2,KAPPA,OMEGA,20 a 35 años,1,1,GAMMA,
VILLA MERCEDES EL DORADO,ETAPA 1,2/16/2026,No,Banco,Referido Alcaldía,"1,715,000,000,000",2026-2,2026-2,KAPPA,ETA,20 a 35 años,1,,IOTA,
VILLA MERCEDES EL DORADO,ETAPA 1,2/24/2026,No,Banco,Referido Alcaldía,"1,715,000,000,000",2026-2,2026-2,KAPPA,ETA,46 a 55 años,1,,IOTA,
VILLA MERCEDES EL DORADO,ETAPA 1,2/19/2026,No,Colsubsidio,Referido Alcaldía,"1,715,000,000,000",2026-2,2026-2,KAPPA,OMEGA,36 a 45 años,2,2,NU,
VILLA MERCEDES EL DORADO,ETAPA 1,2/24/2026,No,Banco,Referido Alcaldía,"1,715,000,000,000",2026-2,2026-2,KAPPA,OMEGA,46 a 55 años,1,,TAU,
VILLA MERCEDES EL DORADO,ETAPA 1,2/17/2026,No,Banco,Referido Alcaldía,"1,715,000,000,000",2026-2,2026-2,KAPPA,OMEGA,36 a 45 años,,,TAU,
Agrupación De Vivienda Monguí,ETAPA 1,2/16/2024,No,Banco,Banderas y/o señalización,"1,584,355,500,000",2024-2,2024-2,KAPPA,OMEGA,46 - 55 años,,,GAMMA,
Agrupación De Vivienda Pamplona I,5,2/5/2024,Si,Banco,Sin Informacion,"2,293,000,000,000",2024-2,2024-2,KAPPA,OMEGA,46 - 55 años,1,1,TAU,
Proyecto Karakalí,ETAPA 1,2/29/2024,No,Colsubsidio,Redes Sociales,"2,568,000,000,000",2024-2,2024-2,SIGMA,ETA,Mayor de 55 años,2,,RHO,X
Los Nogales,1,2/10/2024,Si,Colsubsidio,Sin Informacion,"6,996,785,640,000",2024-2,2024-2,SIGMA,TAU,Mayor de 55 años,1,,NU,
Agrupacion De Vivienda Payande,ETAPA 1,5/5/2024,No,Colsubsidio,Banderas y/o señalización,"1,755,000,000,000",2024-5,2024-5,NU,ETA,20 - 35 años,,,ZETA,
La Arboleda,ETAPA 3,12/23/2025,No,Banco,Banderas y/o señalización,"2,412,130,000,000",2025-12,2025-12,KAPPA,OMEGA,20 a 35 años,1,1,ZETA,
La Arboleda,,3/11/2024,Si,Banco,Sin Informacion,"1,628,484,000,000",2024-3,2024-3,NU,OMEGA,20 - 35 años,,,GAMMA,
Agrupación De Vivienda Monguí,ETAPA 3,4/24/2026,No,Colsubsidio,Activación,"1,575,815,000,000",2026-4,2026-4,KAPPA,OMEGA,36 a 45 años,1,1,NU,
Agrupación De Vivienda Pamplona I,ETAPA 3,9/26/2025,No,Colsubsidio,Banderas y/o señalización,"2,293,000,000,000",2025-9,2025-9,SIGMA,ETA,36 a 45 años,2,1,GAMMA,
INARI,ETAPA 1,4/24/2026,No,Colsubsidio,Banderas y/o señalización,"2,808,000,000,000",2026-4,2026-4,KAPPA,OMEGA,20 a 35 años,1,1,GAMMA,
Agrupación De Vivienda Monguí,ETAPA 2,9/26/2025,No,Banco,Banderas y/o señalización,"1,792,186,500,000",2025-9,2025-9,KAPPA,OMEGA,20 a 35 años,,,NU,
Agrupación De Vivienda La Macarena,ETAPA 3,4/26/2026,No,Colsubsidio,Banderas y/o señalización,"1,497,024,000,000",2026-4,2026-4,KAPPA,OMEGA,20 a 35 años,1,1,TAU,
Agrupacion De Vivienda Bosque De Arrayan,ETAPA 4,8/6/2025,No,Banco,Banderas y/o señalización,"2,095,392,000,000",2025-8,2025-8,SIGMA,OMEGA,Mayor de 55 años,1,1,TAU,
Agrupación De Vivienda Monguí,ETAPA 3,4/26/2026,No,Banco,Banderas y/o señalización,"1,785,923,000,000",2026-4,2026-4,KAPPA,OMEGA,20 a 35 años,,,ZETA,
Agrupacion De Vivienda Bosque De Arrayan,ETAPA 3,8/29/2025,No,Banco,Banderas y/o señalización,"1,915,034,550,000",2025-8,2025-8,SIGMA,OMEGA,46 a 55 años,,,TAU,
Agrupacion De Vivienda Bosque De Arrayan,ETAPA 3,4/26/2026,No,Banco,Ferias empresariales,"1,984,180,000,000",2026-4,2026-4,KAPPA,OMEGA,46 a 55 años,1,1,TAU,
Agrupación De Vivienda La Macarena,ETAPA 4,4/24/2026,No,Banco,Banderas y/o señalización,"1,488,269,000,000",2026-4,2026-4,KAPPA,OMEGA,20 a 35 años,,,TAU,
Conjunto Residencial Campo Alegre El Dorado,ETAPA 2,7/26/2024,No,Colsubsidio,Referido Alcaldía,"1,118,728,650,000",2024-7,2024-7,SIGMA,OMEGA,20 - 35 años,1,1,ALPHA,
Agrupacion De Vivienda Bosque De Arrayan,ETAPA 3,4/26/2026,No,Banco,Banderas y/o señalización,"2,155,000,000,000",2026-4,2026-4,SIGMA,ETA,36 a 45 años,2,1,RHO,X
Agrupación De Vivienda Monguí,ETAPA 3,4/25/2026,No,Colsubsidio,Activación,"1,584,569,000,000",2026-4,2026-4,NU,OMEGA,20 a 35 años,,,RHO,X
AGRUPACIÓN DE VIVIENDA BOSQUE DE TURPIAL,ETAPA 1,4/26/2026,No,Colsubsidio,Banderas y/o señalización,"2,588,000,000,000",2026-4,2026-4,SIGMA,OMEGA,46 a 55 años,,,RHO,X
Versalles,,7/31/2024,Si,Colsubsidio,Sin Informacion,"1,987,000,000,000",2024-7,2024-7,SIGMA,OMEGA,36 - 45 años,2,2,GAMMA,
INARI,ETAPA 1,7/4/2024,No,Banco,Banderas y/o señalización,"2,808,000,000,000",2024-7,2024-7,SIGMA,ETA,20 - 35 años,2,,GAMMA,
Agrupación De Vivienda La Macarena,ETAPA 2,7/26/2024,No,Banco,Banderas y/o señalización,"1,355,900,000,000",2024-7,2024-7,KAPPA,OMEGA,20 - 35 años,,,NU,
Agrupación De Vivienda La Macarena,ETAPA 3,4/26/2026,No,Colsubsidio,Banderas y/o señalización,"1,567,060,000,000",2026-4,2026-4,KAPPA,OMEGA,46 a 55 años,1,,NU,
Agrupación De Vivienda Pamplona I,ETAPA 3,9/16/2025,No,Banco,Banderas y/o señalización,"2,217,000,000,000",2025-9,2025-9,SIGMA,OMEGA,20 a 35 años,1,2,GAMMA,
Agrupación De Vivienda Monguí,ETAPA 3,4/26/2026,No,Colsubsidio,Activación,"1,961,014,000,000",2026-4,2026-4,KAPPA,OMEGA,36 a 45 años,1,,GAMMA,
AGRUPACIÓN DE VIVIENDA BOSQUE DE TURPIAL,ETAPA 1,4/25/2026,No,Banco,Activación,"2,036,000,000,000",2026-4,2026-4,SIGMA,ETA,46 a 55 años,1,,GAMMA,
Agrupacion De Vivienda Payande,ETAPA 2,4/25/2026,No,Banco,Ferias empresariales,"1,892,730,950,000",2026-4,2026-4,KAPPA,OMEGA,36 a 45 años,2,1,TAU,
VERDE ESPERANZA EL DORADO,ETAPA 1,9/30/2025,No,Banco,Banderas y/o señalización,"1,578,000,000,000",2025-9,2025-9,KAPPA,OMEGA,Mayor de 55 años,,,TAU,
Agrupación De Vivienda Monguí,ETAPA 3,4/26/2026,No,Banco,Activación,"1,794,678,000,000",2026-4,2026-4,KAPPA,OMEGA,36 a 45 años,1,1,TAU,
Agrupación De Vivienda Pamplona I,ETAPA 4,11/4/2025,No,Banco,Banderas y/o señalización,"2,418,000,000,000",2025-11,2025-11,NU,OMEGA,20 a 35 años,,,RHO,X
VERDE ESPERANZA EL DORADO,ETAPA 1,11/28/2025,No,Colsubsidio,Banderas y/o señalización,"1,578,000,000,000",2025-11,2025-11,NU,OMEGA,20 a 35 años,,,GAMMA,
Agrupación De Vivienda Monguí,ETAPA 2,11/5/2025,No,Banco,Referido,"1,987,206,000,000",2025-11,2025-11,SIGMA,OMEGA,36 a 45 años,2,,NU,
Agrupacion De Vivienda Reserva De Guayacan,ETAPA 1,11/27/2025,No,Banco,Redes Sociales,"2,360,000,000,000",2025-11,2025-11,SIGMA,OMEGA,36 a 45 años,1,,ALPHA,
La Arboleda,ETAPA 3,11/25/2025,No,Colsubsidio,CS Cajicá,"2,233,450,000,000",2025-11,2025-11,NU,OMEGA,20 a 35 años,,,RHO,X
Agrupacion De Vivienda Reserva De Guayacan,ETAPA 1,10/21/2025,No,Banco,Redes Sociales,"2,360,000,000,000",2025-10,2025-10,SIGMA,OMEGA,36 a 45 años,1,1,TAU,
VERDE ESPERANZA EL DORADO,ETAPA 1,10/31/2025,No,Banco,Valla ,"1,618,000,000,000",2025-10,2025-10,KAPPA,OMEGA,46 a 55 años,2,,TAU,
La Arboleda,ETAPA 2,8/26/2024,No,Colsubsidio,Activación,"1,799,304,000,000",2024-8,2024-8,NU,OMEGA,20 - 35 años,,,NU,
Agrupacion De Vivienda Bosque De Arrayan,ETAPA 3,7/28/2025,No,Banco,Banderas y/o señalización,"2,095,392,000,000",2025-7,2025-7,SIGMA,OMEGA,36 a 45 años,,,TAU,
Agrupacion De Vivienda Payande,,11/2/2025,Si,Banco,Sin Informacion,"1,876,970,160,000",2025-11,2025-11,KAPPA,OMEGA,20 a 35 años,6,,TAU,
La Arboleda,ETAPA 3,10/31/2025,No,Colsubsidio,Banderas y/o señalización,"2,446,170,000,000",2025-10,2025-10,SIGMA,OMEGA,36 a 45 años,1,1,TAU,
Agrupación De Vivienda Monguí,ETAPA 2,10/5/2025,No,Banco,Banderas y/o señalización,"1,662,648,000,000",2025-10,2025-10,KAPPA,OMEGA,20 a 35 años,,,TAU,
AGRUPACIÓN DE VIVIENDA BOSQUE DE TURPIAL,ETAPA 1,11/9/2025,No,Colsubsidio,Referido,"2,311,000,000,000",2025-11,2025-11,NU,ETA,20 a 35 años,,,TAU,
Agrupación De Vivienda Monguí,,8/9/2024,Si,Colsubsidio,Sin Informacion,"1,972,971,000,000",2024-8,2024-8,SIGMA,ETA,36 - 45 años,2,2,GAMMA,
Agrupacion De Vivienda Bosque De Arrayan,,6/14/2025,Si,Colsubsidio,Sin Informacion,"2,205,000,000,000",2025-6,2025-6,SIGMA,OMEGA,20 a 35 años,2,1,RHO,X
AGRUPACIÓN DE VIVIENDA BOSQUE DE TURPIAL,ETAPA 1,6/13/2025,No,Banco,Banderas y/o señalización,"2,101,000,000,000",2025-6,2025-6,KAPPA,OMEGA,20 a 35 años,2,1,GAMMA,
La Arboleda,ETAPA 2,6/13/2025,No,Banco,Activación,"1,786,492,500,000",2025-6,2025-6,KAPPA,OMEGA,20 a 35 años,1,1,NU,
AGRUPACIÓN DE VIVIENDA SAMÁN ,ETAPA 1,6/13/2025,No,Banco,Ferias empresariales,"2,550,000,000,000",2025-6,2025-6,SIGMA,OMEGA,46 a 55 años,2,,TAU,
La Arboleda,ETAPA 3,6/15/2025,No,Colsubsidio,Ferias empresariales,"2,233,450,000,000",2025-6,2025-6,NU,OMEGA,20 a 35 años,,,NU,
AGRUPACIÓN DE VIVIENDA SAMÁN ,ETAPA 1,5/23/2026,No,Banco,Referido,"2,532,490,950,000",2026-5,2026-5,KAPPA,OMEGA,36 a 45 años,3,,TAU,
AGRUPACIÓN DE VIVIENDA SAMÁN ,ETAPA 1,6/13/2025,No,Colsubsidio,Ferias empresariales,"2,550,000,000,000",2025-6,2025-6,KAPPA,OMEGA,36 a 45 años,3,2,TAU,
AGRUPACIÓN DE VIVIENDA SAMÁN ,ETAPA 1,5/8/2026,No,Banco,Contact Center,"2,532,490,950,000",2026-5,2026-5,SIGMA,OMEGA,36 a 45 años,2,2,RHO,X
Agrupación De Vivienda Pamplona I,,4/18/2024,Si,Banco,Sin Informacion,"2,064,075,000,000",2024-4,2024-4,KAPPA,OMEGA,20 - 35 años,1,1,GAMMA,
Agrupacion De Vivienda Bosque De Arrayan,ETAPA 4,4/15/2024,No,Colsubsidio,Banderas y/o señalización,"1,909,700,000,000",2024-4,2024-4,NU,OMEGA,20 - 35 años,,,NU,
La Arboleda,ETAPA 2,4/19/2024,No,Colsubsidio,Banderas y/o señalización,"1,816,386,000,000",2024-4,2024-4,SIGMA,OMEGA,20 - 35 años,1,1,TAU,
Agrupación De Vivienda La Macarena,ETAPA 3,4/30/2024,No,Colsubsidio,Referido,"1,619,569,000,000",2024-4,2024-4,KAPPA,OMEGA,20 - 35 años,,,TAU,
Agrupación De Vivienda Monguí,ETAPA 2,4/22/2025,No,Banco,Banderas y/o señalización,"1,991,476,500,000",2025-4,2025-4,SIGMA,OMEGA,46 a 55 años,,,NU,
Versalles,ETAPA 1,4/13/2025,No,Colsubsidio,Referido,"2,171,000,000,000",2025-4,2025-4,SIGMA,OMEGA,36 a 45 años,1,1,NU,
Agrupación De Vivienda Monguí,ETAPA 2,4/22/2025,No,Banco,Banderas y/o señalización,"1,777,951,500,000",2025-4,2025-4,KAPPA,OMEGA,Mayor de 55 años,,,TAU,
Versalles,ETAPA 1,4/27/2025,No,Banco,Banderas y/o señalización,"1,987,000,000,000",2025-4,2025-4,KAPPA,OMEGA,20 a 35 años,,,RHO,X
Agrupación De Vivienda Monguí,ETAPA 2,2/22/2026,No,Colsubsidio,Banderas y/o señalización,"1,794,678,000,000",2026-2,2026-2,KAPPA,OMEGA,36 a 45 años,,,NU,
VILLA MERCEDES EL DORADO,ETAPA 1,2/25/2026,No,Banco,Referido Alcaldía,"1,715,000,000,000",2026-2,2026-2,KAPPA,ETA,46 a 55 años,,,IOTA,
Agrupación De Vivienda La Macarena,ETAPA 4,2/28/2026,No,Banco,Banderas y/o señalización,"1,479,515,000,000",2026-2,2026-2,KAPPA,OMEGA,20 a 35 años,,,TAU,
VILLA MERCEDES EL DORADO,ETAPA 1,2/13/2026,No,Banco,Referido Alcaldía,"1,715,000,000,000",2026-2,2026-2,KAPPA,OMEGA,20 a 35 años,3,2,TAU,
Agrupacion De Vivienda Bosque De Arrayan,ETAPA 2,2/1/2026,No,Banco,Banderas y/o señalización,"2,205,000,000,000",2026-2,2026-2,KAPPA,OMEGA,46 a 55 años,,,TAU,
Agrupacion De Vivienda Payande,ETAPA 2,2/25/2026,No,Colsubsidio,Valla ,"2,020,544,370,000",2026-2,2026-2,KAPPA,OMEGA,46 a 55 años,3,2,TAU,
Agrupación De Vivienda Monguí,ETAPA 2,2/26/2026,No,Colsubsidio,Banderas y/o señalización,"1,567,060,000,000",2026-2,2026-2,KAPPA,OMEGA,20 a 35 años,,,TAU,
VILLA MERCEDES EL DORADO,ETAPA 1,2/28/2026,No,Banco,Referido Alcaldía,"1,715,000,000,000",2026-2,2026-2,KAPPA,OMEGA,36 a 45 años,3,,TAU,
Versalles,ETAPA 1,7/5/2026,No,Colsubsidio,Banderas y/o señalización,"1,987,000,000,000",2026-7,2026-6,SIGMA,OMEGA,20 a 35 años,1,1,NU,
La Arboleda,,5/30/2024,Si,Colsubsidio,Sin Informacion,"1,599,000,000,000",2024-5,2024-5,KAPPA,OMEGA,20 - 35 años,2,1,RHO,
Los Nogales,ETAPA 2,2/14/2024,No,Banco,Valla ,"7,884,716,500,000",2024-2,2024-2,SIGMA,TAU,Mayor de 55 años,2,,TAU,
Los Nogales,1,2/10/2024,Si,Banco,Sin Informacion,"6,691,107,800,000",2024-2,2024-2,SIGMA,TAU,46 - 55 años,,,TAU,
Agrupacion De Vivienda Bosque De Arrayan,ETAPA 4,2/19/2024,No,Colsubsidio,Banderas y/o señalización,"1,912,300,000,000",2024-2,2024-2,KAPPA,OMEGA,20 - 35 años,,,TAU,
La Arboleda,ETAPA 2,12/1/2024,No,Banco,Banderas y/o señalización,"1,972,971,000,000",2024-12,2024-12,KAPPA,OMEGA,36 - 45 años,,,TAU,
Agrupación De Vivienda Monguí,ETAPA 1,2/29/2024,No,Banco,Referido,"1,722,000,000,000",2024-2,2024-2,SIGMA,ETA,36 - 45 años,2,2,NU,
Agrupación De Vivienda La Macarena,3,5/31/2024,Si,Colsubsidio,Sin Informacion,"1,602,060,000,000",2024-5,2024-5,KAPPA,OMEGA,36 - 45 años,6,3,TAU,
Proyecto Karakalí,ETAPA 1,5/7/2024,No,Colsubsidio,Activación,"1,847,204,770,000",2024-5,2024-5,KAPPA,OMEGA,20 - 35 años,,,TAU,
Proyecto Karakalí,ETAPA 1,6/12/2026,No,Colsubsidio,Whatsapp,"2,363,721,750,000",2026-6,2026-6,SIGMA,ETA,36 a 45 años,,,RHO,X
Agrupación De Vivienda Pamplona I,ETAPA 3,3/14/2026,No,Banco,Banderas y/o señalización,"2,200,000,000,000",2026-3,2026-3,SIGMA,ETA,36 a 45 años,,,GAMMA,
Agrupación De Vivienda Monguí,ETAPA 2,3/14/2026,No,Colsubsidio,Activación,"1,584,569,000,000",2026-3,2026-3,NU,OMEGA,20 a 35 años,,,TAU,
AGRUPACIÓN DE VIVIENDA BOSQUE DE TURPIAL,ETAPA 1,12/2/2025,No,Banco,Banderas y/o señalización,"2,311,190,000,000",2025-12,2025-12,KAPPA,OMEGA,20 a 35 años,4,2,NU,
Agrupación De Vivienda Monguí,ETAPA 2,12/8/2025,No,Colsubsidio,Banderas y/o señalización,"2,041,940,000,000",2025-12,2025-12,SIGMA,OMEGA,36 a 45 años,1,1,TAU,
ARAUCARIA,1,12/20/2025,Si,Banco,Sin Informacion,"7,010,000,000,000",2025-12,2025-12,SIGMA,TAU,46 a 55 años,2,,ZETA,
Agrupación De Vivienda Pamplona I,ETAPA 1,3/27/2024,No,Banco,Banderas y/o señalización,"2,064,075,000,000",2024-3,2024-3,SIGMA,OMEGA,20 - 35 años,3,2,RHO,X
Agrupación De Vivienda Monguí,ETAPA 1,3/16/2024,No,Banco,Activación,"1,755,175,500,000",2024-3,2024-3,KAPPA,OMEGA,36 - 45 años,3,1,GAMMA,
Agrupación De Vivienda La Macarena,3,3/31/2024,Si,Colsubsidio,Sin Informacion,"1,528,839,000,000",2024-3,2024-3,NU,OMEGA,20 - 35 años,,,GAMMA,
Agrupación De Vivienda Monguí,ETAPA 2,10/17/2025,No,Banco,Banderas y/o señalización,"1,649,836,500,000",2025-10,,PI,CHI,,,,XI,
INARI,1,7/30/2024,Si,Banco,Sin Informacion,"2,808,000,000,000",2024-7,,PI,CHI,,,,XI,
La Arboleda,,4/10/2024,Si,Banco,Sin Informacion,"1,664,071,500,000",2024-4,,PI,CHI,,,,XI,
Agrupacion De Vivienda Fuentevida,ETAPA 2,11/22/2024,No,Banco,Referido Alcaldía,"1,208,551,500,000",2024-11,,PI,CHI,,,,XI,
Agrupacion De Vivienda Bosque De Arrayan,ETAPA 1,9/21/2025,No,Banco,Banderas y/o señalización,"1,846,279,500,000",2025-9,,PI,CHI,,,,XI,
Agrupación De Vivienda Monguí,ETAPA 2,3/14/2026,No,Banco,Banderas y/o señalización,"1,812,169,000,000",2026-3,,PI,CHI,,,,XI,
Agrupacion De Vivienda Bosque De Arrayan,ETAPA 4,3/14/2025,No,Banco,Banderas y/o señalización,"2,002,651,500,000",2025-3,,PI,CHI,,,,XI,
INARI,1,4/17/2024,Si,Banco,Sin Informacion,"2,808,000,000,000",2024-4,,PI,CHI,,,,XI,
Los Nogales,ETAPA 2,1/16/2026,No,Contado,Banderas y/o señalización,"5,345,738,100,000",2026-1,,PI,CHI,,,,XI,
Proyecto Karakalí,ETAPA 1,5/26/2025,No,Contado,Banderas y/o señalización,"2,451,267,000,000",2025-5,,PI,CHI,,,,XI,
INARI,1,6/5/2024,Si,Banco,Sin Informacion,"2,808,000,000,000",2024-6,,PI,CHI,,,,XI,
ARAUCARIA,ETAPA 2,5/17/2026,No,Banco,Activación,"6,520,000,000,000",2026-5,,PI,CHI,,,,XI,
ARAUCARIA,ETAPA 1,12/29/2025,No,Banco,Banderas y/o señalización,"6,300,000,000,000",2025-12,,PI,CHI,,,,XI,
La Arboleda,ETAPA 1,9/21/2024,No,Banco,Activación,"1,638,000,000,000",2024-9,,PI,CHI,,,,XI,
ABETO,ETAPA 2,4/26/2026,No,Colsubsidio,Ferias empresariales,"3,578,000,000,000",2026-4,,PI,CHI,,,,XI,
Agrupacion De Vivienda Payande,ETAPA 3,2/21/2024,No,Banco,Banderas y/o señalización,"1,755,000,000,000",2024-2,,PI,CHI,,,,XI,
Agrupación De Vivienda Monguí,ETAPA 2,2/13/2026,No,Banco,Banderas y/o señalización,"1,794,678,000,000",2026-2,2026-2,SIGMA,OMEGA,36 a 45 años,2,1,GAMMA,
VERDE ESPERANZA EL DORADO,ETAPA 1,2/28/2026,No,Colsubsidio,Banderas y/o señalización,"1,753,000,000,000",2026-2,2026-2,KAPPA,OMEGA,20 a 35 años,4,3,GAMMA,
VILLA MERCEDES EL DORADO,ETAPA 1,2/27/2026,No,Banco,Referido Alcaldía,"1,715,000,000,000",2026-2,2026-2,SIGMA,OMEGA,46 a 55 años,1,1,GAMMA,
VILLA MERCEDES EL DORADO,ETAPA 1,2/12/2026,No,Banco,Referido Alcaldía,"1,715,000,000,000",2026-2,2026-2,KAPPA,OMEGA,46 a 55 años,1,1,TAU,
INARI,ETAPA 1,2/1/2026,No,Colsubsidio,Banderas y/o señalización,"2,549,000,000,000",2026-2,2026-2,SIGMA,OMEGA,36 a 45 años,,,TAU,
Los Nogales,ETAPA 1,2/11/2024,No,Banco,Ferias empresariales,"5,403,220,000,000",2024-2,2024-2,SIGMA,TAU,Mayor de 55 años,2,,GAMMA,
INARI,1,5/30/2024,Si,Banco,Sin Informacion,"2,808,000,000,000",2024-5,2024-5,NU,OMEGA,20 - 35 años,,,GAMMA,X
Agrupación De Vivienda La Macarena,ETAPA 3,2/7/2024,No,Colsubsidio,CS Funza,"1,358,500,000,000",2024-2,2024-2,KAPPA,OMEGA,20 - 35 años,2,1,GAMMA,
Agrupación De Vivienda Monguí,ETAPA 1,2/15/2024,No,Colsubsidio,Banderas y/o señalización,"1,735,000,000,000",2024-2,2024-2,KAPPA,OMEGA,36 - 45 años,1,1,NU,
Agrupacion De Vivienda Bosque De Arrayan,,2/3/2024,Si,Banco,Sin Informacion,"1,933,100,000,000",2024-2,2024-2,KAPPA,OMEGA,20 - 35 años,,,TAU,
Los Nogales,ETAPA 1,2/10/2024,No,Banco,Valla ,"6,772,440,000,000",2024-2,2024-2,SIGMA,TAU,36 - 45 años,1,,TAU,
Agrupación De Vivienda Monguí,,5/25/2024,Si,Colsubsidio,Sin Informacion,"1,777,951,500,000",2024-5,2024-5,KAPPA,OMEGA,36 - 45 años,3,2,TAU,
Los Nogales,1,2/10/2024,Si,Contado,Sin Informacion,"6,663,980,000,000",2024-2,2024-2,SIGMA,ETA,Mayor de 55 años,2,,TAU,
Agrupación De Vivienda Monguí,ETAPA 2,3/15/2026,No,Colsubsidio,Activación,"1,575,815,000,000",2026-3,2026-3,NU,OMEGA,20 a 35 años,,,GAMMA,
Agrupación De Vivienda Monguí,ETAPA 2,3/14/2026,No,Banco,Activación,"1,584,569,000,000",2026-3,2026-3,KAPPA,OMEGA,20 a 35 años,,,TAU,
Agrupación De Vivienda Monguí,ETAPA 2,3/14/2026,No,Colsubsidio,Contact Center,"1,567,060,000,000",2026-3,2026-3,KAPPA,OMEGA,46 a 55 años,2,2,ZETA,
VERDE ESPERANZA EL DORADO,ETAPA 1,3/14/2026,No,Banco,Banderas y/o señalización,"1,753,000,000,000",2026-3,2026-3,KAPPA,OMEGA,46 a 55 años,3,2,NU,
ARAUCARIA,ETAPA 1,12/21/2025,No,Banco,Banderas y/o señalización,"6,186,000,000,000",2025-12,2025-12,SIGMA,ETA,Mayor de 55 años,,,TAU,
AGRUPACIÓN DE VIVIENDA BOSQUE DE TURPIAL,,12/8/2025,Si,Colsubsidio,Sin Informacion,"2,311,000,000,000",2025-12,2025-12,SIGMA,OMEGA,46 a 55 años,1,1,GAMMA,
Proyecto Karakalí,ETAPA 1,3/27/2024,No,Banco,Banderas y/o señalización,"1,847,204,770,000",2024-3,2024-3,NU,ETA,20 - 35 años,,,ALPHA,
Agrupacion De Vivienda Bosque De Arrayan,,3/30/2024,Si,Colsubsidio,Sin Informacion,"1,773,200,000,000",2024-3,2024-3,SIGMA,OMEGA,Mayor de 55 años,5,1,ALPHA,
Agrupacion De Vivienda Bosque De Arrayan,ETAPA 3,3/21/2024,No,Colsubsidio,Banderas y/o señalización,"1,912,300,000,000",2024-3,2024-3,KAPPA,OMEGA,36 - 45 años,4,1,TAU,
La Arboleda,ETAPA 4,4/25/2026,No,Banco,Ferias empresariales,"1,976,071,000,000",2026-4,2026-4,KAPPA,OMEGA,20 a 35 años,,,NU,
VERDE ESPERANZA EL DORADO,ETAPA 1,9/28/2025,No,Colsubsidio,Valla ,"1,578,000,000,000",2025-9,2025-9,KAPPA,OMEGA,20 a 35 años,,1,GAMMA,
AGRUPACIÓN DE VIVIENDA BOSQUE DE TURPIAL,ETAPA 1,4/20/2026,No,Banco,Banderas y/o señalización,"2,261,000,000,000",2026-4,2026-4,NU,OMEGA,20 a 35 años,,,RHO,X
AGRUPACIÓN DE VIVIENDA BOSQUE DE TURPIAL,ETAPA 1,4/25/2026,No,Colsubsidio,Banderas y/o señalización,"2,261,000,000,000",2026-4,2026-4,SIGMA,OMEGA,46 a 55 años,1,,GAMMA,
INARI,1,4/24/2026,Si,Colsubsidio,Sin Informacion,"2,916,000,000,000",2026-4,2026-4,KAPPA,OMEGA,36 a 45 años,7,6,NU,
Agrupación De Vivienda Monguí,ETAPA 3,4/25/2026,No,Colsubsidio,Banderas y/o señalización,"1,777,169,000,000",2026-4,2026-4,KAPPA,OMEGA,36 a 45 años,2,,TAU,
Agrupacion De Vivienda Bosque De Arrayan,ETAPA 4,4/5/2026,No,Colsubsidio,Banderas y/o señalización,"2,205,000,000,000",2026-4,2026-4,KAPPA,OMEGA,36 a 45 años,4,3,RHO,X
VERDE ESPERANZA EL DORADO,ETAPA 1,4/16/2026,No,Colsubsidio,Banderas y/o señalización,"1,753,000,000,000",2026-4,2026-4,KAPPA,OMEGA,20 a 35 años,,,TAU,
Agrupacion De Vivienda Bosque De Arrayan,ETAPA 4,4/25/2026,No,Colsubsidio,Ferias empresariales,"2,155,000,000,000",2026-4,2026-4,SIGMA,OMEGA,Mayor de 55 años,,,TAU,
AGRUPACIÓN DE VIVIENDA SAMÁN ,ETAPA 1,3/22/2025,No,Banco,Activación,"2,550,000,000,000",2025-3,2025-3,SIGMA,ETA,46 a 55 años,,,RHO,X
AGRUPACIÓN DE VIVIENDA SAMÁN ,ETAPA 1,3/25/2025,No,Banco,Redes Sociales,"2,550,000,000,000",2025-3,2025-3,NU,OMEGA,20 a 35 años,,,ALPHA,
VERDE ESPERANZA EL DORADO,ETAPA 1,4/21/2026,No,Banco,Banderas y/o señalización,"1,753,000,000,000",2026-4,2026-4,NU,OMEGA,20 a 35 años,,,RHO,X
Agrupacion De Vivienda Fuentevida,ETAPA 2,3/26/2025,No,Colsubsidio,Referido Alcaldía,"1,281,150,000,000",2025-3,2025-3,KAPPA,OMEGA,36 a 45 años,3,1,GAMMA,
Versalles,ETAPA 1,3/27/2025,No,Banco,Banderas y/o señalización,"2,110,000,000,000",2025-3,2025-3,KAPPA,OMEGA,20 a 35 años,1,1,RHO,X
La Arboleda,ETAPA 1,3/31/2025,No,Banco,Banderas y/o señalización,"1,664,071,500,000",2025-3,2025-3,KAPPA,OMEGA,36 a 45 años,1,1,GAMMA,
Zarzal,ETAPA 1,4/26/2026,No,Banco,Activación,"2,267,000,000,000",2026-4,2026-4,KAPPA,OMEGA,36 a 45 años,1,,GAMMA,
Agrupación De Vivienda La Macarena,ETAPA 3,3/29/2025,No,Banco,Banderas y/o señalización,"1,470,475,500,000",2025-3,2025-3,KAPPA,OMEGA,36 a 45 años,,,NU,
Agrupacion De Vivienda Fuentevida,ETAPA 2,3/24/2025,No,Colsubsidio,Referido Alcaldía,"1,281,150,000,000",2025-3,2025-3,KAPPA,OMEGA,20 a 35 años,3,2,NU,
Agrupación De Vivienda Monguí,,3/27/2025,Si,Banco,Sin Informacion,"1,619,569,000,000",2025-3,2025-3,KAPPA,OMEGA,20 a 35 años,3,2,NU,
Agrupación De Vivienda La Macarena,ETAPA 3,11/30/2024,No,Banco,Banderas y/o señalización,"1,407,841,500,000",2024-11,2024-11,KAPPA,OMEGA,36 - 45 años,2,2,TAU,
Agrupación De Vivienda Pamplona I,ETAPA 4,8/19/2025,No,Banco,Banderas y/o señalización,"2,361,000,000,000",2025-8,2025-8,KAPPA,OMEGA,46 a 55 años,,,GAMMA,
Versalles,ETAPA 1,3/16/2025,No,Banco,Activación,"1,987,000,000,000",2025-3,2025-3,SIGMA,OMEGA,20 a 35 años,1,1,NU,
Agrupación De Vivienda Monguí,ETAPA 3,4/25/2026,No,Banco,Banderas y/o señalización,"1,584,569,000,000",2026-4,2026-4,KAPPA,OMEGA,36 a 45 años,1,1,NU,
Agrupacion De Vivienda Fuentevida,ETAPA 2,11/22/2024,No,Colsubsidio,Referido Alcaldía,"1,208,551,500,000",2024-11,2024-11,SIGMA,OMEGA,20 - 35 años,1,1,GAMMA,
La Arboleda,ETAPA 4,4/25/2026,No,Colsubsidio,Ferias empresariales,"1,976,071,000,000",2026-4,2026-4,SIGMA,OMEGA,36 a 45 años,1,1,TAU,
Agrupacion De Vivienda Reserva De Guayacan,ETAPA 1,1/27/2026,No,Colsubsidio,Activación,"2,360,000,000,000",2026-1,2026-1,NU,OMEGA,20 a 35 años,,,RHO,X
Agrupación De Vivienda Monguí,ETAPA 2,10/4/2025,No,Colsubsidio,Banderas y/o señalización,"1,661,224,500,000",2025-10,2025-10,NU,OMEGA,Menor de 19 años,,,NU,
VERDE ESPERANZA EL DORADO,ETAPA 1,11/24/2025,No,Banco,Banderas y/o señalización,"1,753,000,000,000",2025-11,2025-11,KAPPA,OMEGA,20 a 35 años,,,TAU,
Agrupación De Vivienda La Macarena,ETAPA 4,1/18/2026,No,Colsubsidio,Banderas y/o señalización,"1,763,000,000,000",2026-1,2026-1,NU,OMEGA,20 a 35 años,,,TAU,
Conjunto Residencial Campo Alegre El Dorado,ETAPA 1,10/2/2025,No,Banco,Referido Alcaldía,"1,184,494,350,000",2025-10,2025-10,KAPPA,OMEGA,Mayor de 55 años,,,TAU,
Proyecto Karakalí,ETAPA 1,7/21/2025,No,Banco,Banderas y/o señalización,"2,451,267,000,000",2025-7,2025-7,KAPPA,OMEGA,46 a 55 años,,,TAU,
Agrupación De Vivienda Pamplona I,ETAPA 4,11/25/2025,No,Banco,Activación,"2,361,000,000,000",2025-11,2025-11,SIGMA,OMEGA,36 a 45 años,9,,RHO,X
AGRUPACIÓN DE VIVIENDA BOSQUE DE TURPIAL,ETAPA 2,11/9/2025,No,Colsubsidio,Banderas y/o señalización,"2,807,000,000,000",2025-11,2025-11,SIGMA,ETA,20 a 35 años,1,,NU,
INARI,ETAPA 1,7/27/2025,No,Colsubsidio,Banderas y/o señalización,"2,549,000,000,000",2025-7,2025-7,NU,OMEGA,20 a 35 años,,,TAU,
Agrupación De Vivienda La Macarena,ETAPA 3,6/30/2024,No,Colsubsidio,Referido,"1,487,200,000,000",2024-6,2024-6,NU,OMEGA,Menor de 19 años,,,RHO,X
Agrupación De Vivienda La Macarena,ETAPA 3,6/17/2025,No,Banco,Banderas y/o señalización,"1,618,519,500,000",2025-6,2025-6,KAPPA,OMEGA,20 a 35 años,,,ALPHA,
INARI,1,6/26/2024,Si,Banco,Sin Informacion,"2,217,000,000,000",2024-6,2024-6,NU,ETA,20 - 35 años,,,GAMMA,X
Agrupación De Vivienda Monguí,ETAPA 2,6/15/2025,No,Colsubsidio,Activación,"1,991,476,500,000",2025-6,2025-6,NU,OMEGA,20 a 35 años,,,GAMMA,X
Agrupación De Vivienda Monguí,ETAPA 2,5/28/2025,No,Banco,Contact Center,"1,779,375,000,000",2025-5,2025-5,NU,OMEGA,20 a 35 años,,,GAMMA,
Agrupación De Vivienda Pamplona I,ETAPA 2,6/7/2024,No,Banco,Revista Estrenar Vivienda,"1,950,195,000,000",2024-6,2024-6,SIGMA,OMEGA,46 - 55 años,2,1,GAMMA,
AGRUPACIÓN DE VIVIENDA BOSQUE DE TURPIAL,,6/27/2024,Si,Colsubsidio,Sin Informacion,"2,263,000,000,000",2024-6,2024-6,NU,OMEGA,20 - 35 años,,,GAMMA,
Conjunto Residencial Campo Alegre El Dorado,ETAPA 2,9/12/2024,No,Banco,Referido Alcaldía,"1,081,730,000,000",2024-9,2024-9,KAPPA,OMEGA,20 - 35 años,1,1,TAU,
Agrupación De Vivienda La Macarena,ETAPA 1,6/18/2024,No,Banco,Referido,"1,436,500,000,000",2024-6,2024-6,KAPPA,OMEGA,20 - 35 años,2,1,TAU,
AGRUPACIÓN DE VIVIENDA BOSQUE DE TURPIAL,,6/8/2024,Si,Banco,Sin Informacion,"2,311,000,000,000",2024-6,2024-6,NU,OMEGA,20 - 35 años,,,GAMMA,
Agrupación De Vivienda Monguí,ETAPA 2,5/30/2025,No,Banco,Referido,"1,992,900,000,000",2025-5,2025-5,SIGMA,OMEGA,20 a 35 años,1,1,TAU,
Agrupación De Vivienda La Macarena,ETAPA 1,6/25/2024,No,Banco,Referido,"1,432,600,000,000",2024-6,2024-6,NU,OMEGA,20 - 35 años,,,GAMMA,
La Arboleda,,6/15/2024,Si,Colsubsidio,Sin Informacion,"1,642,719,000,000",2024-6,2024-6,SIGMA,OMEGA,20 - 35 años,1,1,TAU,
La Arboleda,ETAPA 3,6/15/2025,No,Colsubsidio,Ferias empresariales,"2,446,170,000,000",2025-6,2025-6,KAPPA,OMEGA,36 a 45 años,3,1,TAU,
AGRUPACIÓN DE VIVIENDA BOSQUE DE TURPIAL,ETAPA 1,6/9/2024,No,Banco,CS Tocancipá,"2,311,000,000,000",2024-6,2024-6,KAPPA,OMEGA,46 - 55 años,1,1,NU,
INARI,ETAPA 1,5/2/2026,No,Colsubsidio,Activación,"2,808,000,000,000",2026-5,2026-5,KAPPA,OMEGA,20 a 35 años,1,1,TAU,
AGRUPACIÓN DE VIVIENDA SAMÁN ,ETAPA 1,6/15/2025,No,Colsubsidio,Ferias empresariales,"2,550,000,000,000",2025-6,2025-6,SIGMA,OMEGA,36 a 45 años,1,1,ALPHA,
La Arboleda,ETAPA 3,2/14/2025,No,Banco,Redes Sociales,"2,446,170,000,000",2025-2,2025-2,KAPPA,OMEGA,36 a 45 años,,,RHO,X
INARI,1,2/22/2025,Si,Banco,Sin Informacion,"2,506,000,000,000",2025-2,2025-2,KAPPA,OMEGA,36 a 45 años,,,GAMMA,
AGRUPACIÓN DE VIVIENDA BOSQUE DE TURPIAL,ETAPA 1,6/16/2024,No,Colsubsidio,CS Tocancipá,"2,311,000,000,000",2024-6,2024-6,SIGMA,ETA,20 - 35 años,1,,RHO,
La Arboleda,ETAPA 3,2/7/2025,No,Colsubsidio,Referido,"2,233,450,000,000",2025-2,2025-2,SIGMA,OMEGA,20 a 35 años,1,,RHO,X
Los Nogales,ETAPA 2,9/23/2024,No,Banco,Whatsapp,"7,806,643,500,000",2024-9,2024-9,SIGMA,TAU,46 - 55 años,1,0,GAMMA,
AGRUPACIÓN DE VIVIENDA BOSQUE DE TURPIAL,ETAPA 1,5/22/2026,No,Colsubsidio,Banderas y/o señalización,"2,553,000,000,000",2026-5,2026-5,SIGMA,OMEGA,20 a 35 años,1,1,GAMMA,
Agrupación De Vivienda Monguí,ETAPA 1,6/14/2025,No,Banco,Ferias empresariales,"1,740,940,500,000",2025-6,2025-6,KAPPA,OMEGA,20 a 35 años,1,,NU,
Versalles,ETAPA 1,5/30/2026,No,Colsubsidio,Banderas y/o señalización,"1,987,000,000,000",2026-5,2026-5,SIGMA,OMEGA,36 a 45 años,1,,TAU,
Agrupacion De Vivienda Payande,ETAPA 2,6/16/2024,No,Banco,Ferias empresariales,"1,594,710,000,000",2024-6,2024-6,NU,OMEGA,20 - 35 años,,,NU,
Agrupación De Vivienda Pamplona I,ETAPA 2,6/19/2024,No,Colsubsidio,Ferias empresariales,"1,950,195,000,000",2024-6,2024-6,KAPPA,OMEGA,20 - 35 años,2,2,TAU,
La Arboleda,ETAPA 1,6/17/2024,No,Banco,Banderas y/o señalización,"1,601,600,000,000",2024-6,2024-6,KAPPA,OMEGA,20 - 35 años,3,2,TAU,
AGRUPACIÓN DE VIVIENDA SAMÁN ,ETAPA 1,4/5/2025,No,Banco,Página web ,"2,550,000,000,000",2025-4,2025-4,KAPPA,OMEGA,46 a 55 años,4,3,TAU,
Agrupación De Vivienda Pamplona I,ETAPA 4,4/7/2025,No,Banco,Contact Center,"2,361,000,000,000",2025-4,2025-4,SIGMA,OMEGA,46 a 55 años,3,2,RHO,X
Agrupación De Vivienda Monguí,ETAPA 2,2/22/2026,No,Banco,Banderas y/o señalización,"1,575,815,000,000",2026-2,2026-2,KAPPA,OMEGA,20 a 35 años,3,2,RHO,X
Agrupación De Vivienda Monguí,ETAPA 2,2/22/2026,No,Colsubsidio,Activación,"1,785,923,000,000",2026-2,2026-2,KAPPA,OMEGA,20 a 35 años,,,RHO,X
Agrupacion De Vivienda Bosque De Arrayan,ETAPA 4,2/11/2026,No,Colsubsidio,Banderas y/o señalización,"2,205,000,000,000",2026-2,2026-2,SIGMA,OMEGA,36 a 45 años,,,GAMMA,
VILLA MERCEDES EL DORADO,ETAPA 1,2/23/2026,No,Banco,Referido Alcaldía,"1,715,000,000,000",2026-2,2026-2,KAPPA,ETA,20 a 35 años,1,,IOTA,
Agrupación De Vivienda Monguí,ETAPA 2,2/22/2026,No,Banco,Activación,"1,785,923,000,000",2026-2,2026-2,NU,OMEGA,20 a 35 años,,,TAU,
Agrupacion De Vivienda Bosque De Arrayan,ETAPA 4,2/14/2026,No,Banco,Banderas y/o señalización,"2,205,000,000,000",2026-2,2026-2,SIGMA,OMEGA,46 a 55 años,1,1,GAMMA,
AGRUPACIÓN DE VIVIENDA SAMÁN ,ETAPA 1,2/24/2026,No,Colsubsidio,Ferias empresariales,"2,550,000,000,000",2026-2,2026-2,SIGMA,ETA,46 a 55 años,,,RHO,
VILLA MERCEDES EL DORADO,ETAPA 1,2/14/2026,No,Banco,Referido Alcaldía,"1,715,000,000,000",2026-2,2026-2,KAPPA,OMEGA,20 a 35 años,3,2,TAU,
Agrupación De Vivienda Monguí,ETAPA 1,7/11/2026,No,Banco,Banderas y/o señalización,"1,996,014,000,000",2026-7,2026-6,SIGMA,OMEGA,Mayor de 55 años,,,RHO,X
Agrupacion De Vivienda Bosque De Arrayan,ETAPA 4,7/5/2026,No,Colsubsidio,Banderas y/o señalización,"2,034,180,000,000",2026-7,2026-6,NU,OMEGA,20 a 35 años,,,TAU,
Los Nogales,ETAPA 1,2/10/2024,No,Banco,Valla ,"5,520,660,000,000",2024-2,2024-2,SIGMA,TAU,36 - 45 años,2,,GAMMA,
Agrupación De Vivienda Pamplona I,ETAPA 5,5/21/2024,No,Banco,Página web ,"2,293,000,000,000",2024-5,2024-5,KAPPA,OMEGA,20 - 35 años,,,RHO,
Agrupación De Vivienda La Macarena,ETAPA 3,5/24/2024,No,Banco,Página web ,"1,362,400,000,000",2024-5,2024-5,KAPPA,OMEGA,20 - 35 años,,,TAU,
Agrupacion De Vivienda Bosque De Arrayan,ETAPA 4,1/30/2025,No,Banco,Banderas y/o señalización,"1,822,329,900,000",2025-1,2025-1,KAPPA,OMEGA,36 - 45 años,2,2,TAU,
VILLA FIORITA,ETAPA 2,5/4/2024,No,Colsubsidio,Valla ,"1,950,000,000,000",2024-5,2024-5,NU,ETA,20 - 35 años,,,TAU,
Proyecto Karakalí,ETAPA 1,1/19/2025,No,Banco,Banderas y/o señalización,"2,012,770,000,000",2025-1,2025-1,SIGMA,OMEGA,20 - 35 años,1,,TAU,
La Arboleda,ETAPA 2,2/16/2024,No,Colsubsidio,Banderas y/o señalización,"1,834,891,500,000",2024-2,2024-2,KAPPA,OMEGA,36 - 45 años,6,1,TAU,
Los Nogales,ETAPA 1,2/10/2024,No,Banco,Ferias empresariales,"5,559,460,000,000",2024-2,2024-2,SIGMA,ETA,Mayor de 55 años,1,,ETA,
Agrupación De Vivienda Pamplona I,5,5/31/2024,Si,Banco,Sin Informacion,"2,264,000,000,000",2024-5,2024-5,SIGMA,ETA,20 - 35 años,2,1,TAU,
Agrupación De Vivienda Pamplona I,ETAPA 3,3/15/2026,No,Colsubsidio,Banderas y/o señalización,"1,920,000,000,000",2026-3,2026-3,KAPPA,OMEGA,20 a 35 años,,,RHO,X
Agrupación De Vivienda Monguí,ETAPA 1,3/29/2026,No,Colsubsidio,Activación,"1,584,569,000,000",2026-3,2026-3,KAPPA,OMEGA,36 a 45 años,,,RHO,X
Agrupación De Vivienda Monguí,ETAPA 2,3/14/2026,No,Colsubsidio,Banderas y/o señalización,"1,777,169,000,000",2026-3,2026-3,KAPPA,OMEGA,36 a 45 años,1,1,NU,
Agrupacion De Vivienda Bosque De Arrayan,ETAPA 3,6/1/2026,No,Colsubsidio,Banderas y/o señalización,"2,190,000,000,000",2026-6,2026-6,NU,OMEGA,20 a 35 años,,,GAMMA,
Agrupación De Vivienda Pamplona I,ETAPA 3,3/14/2026,No,Colsubsidio,Banderas y/o señalización,"2,100,000,000,000",2026-3,2026-3,NU,OMEGA,20 a 35 años,,,TAU,
Agrupacion De Vivienda Fuentevida,ETAPA 1,3/5/2026,No,Contado,Banderas y/o señalización,"1,281,150,000,000",2026-3,2026-3,KAPPA,OMEGA,20 a 35 años,,,TAU,
VERDE ESPERANZA EL DORADO,ETAPA 1,3/21/2026,No,Banco,Banderas y/o señalización,"1,753,000,000,000",2026-3,2026-3,KAPPA,OMEGA,20 a 35 años,2,2,TAU,
AGRUPACIÓN DE VIVIENDA SAMÁN ,ETAPA 1,6/30/2026,No,Banco,Redes Sociales,"2,585,000,000,000",2026-6,2026-6,SIGMA,OMEGA,36 a 45 años,1,,GAMMA,
Agrupación De Vivienda Monguí,ETAPA 2,3/15/2026,No,Colsubsidio,Activación,"1,794,678,000,000",2026-3,2026-3,KAPPA,OMEGA,20 a 35 años,3,2,TAU,
VERDE ESPERANZA EL DORADO,ETAPA 1,3/4/2026,No,Banco,Banderas y/o señalización,"1,753,000,000,000",2026-3,2026-3,KAPPA,OMEGA,36 a 45 años,1,1,TAU,
ABETO,ETAPA 3,12/19/2025,No,Banco,Activación,"3,719,000,000,000",2025-12,2025-12,SIGMA,TAU,Mayor de 55 años,2,,RHO,X
VERDE ESPERANZA EL DORADO,ETAPA 1,12/26/2025,No,Banco,Banderas y/o señalización,"1,753,000,000,000",2025-12,2025-12,KAPPA,OMEGA,36 a 45 años,1,1,ZETA,
Agrupación De Vivienda Pamplona I,ETAPA 3,12/19/2025,No,Colsubsidio,Banderas y/o señalización,"2,293,000,000,000",2025-12,2025-12,KAPPA,OMEGA,20 a 35 años,1,,TAU,
La Arboleda,ETAPA 3,9/16/2025,No,Banco,Banderas y/o señalización,"2,233,450,000,000",2025-9,2025-9,SIGMA,ETA,20 a 35 años,,,RHO,
AGRUPACIÓN DE VIVIENDA BOSQUE DE TURPIAL,ETAPA 1,8/31/2025,No,Colsubsidio,Banderas y/o señalización,"2,311,190,000,000",2025-8,2025-8,SIGMA,ETA,20 a 35 años,1,1,GAMMA,
VERDE ESPERANZA EL DORADO,ETAPA 1,9/30/2025,No,Colsubsidio,Valla ,"1,578,000,000,000",2025-9,2025-9,KAPPA,OMEGA,20 a 35 años,,,TAU,
VERDE ESPERANZA EL DORADO,ETAPA 1,9/22/2025,No,Banco,Banderas y/o señalización,"1,578,000,000,000",2025-9,2025-9,SIGMA,ETA,46 a 55 años,2,,RHO,X
AGRUPACIÓN DE VIVIENDA BOSQUE DE TURPIAL,ETAPA 2,8/23/2025,No,Colsubsidio,Banderas y/o señalización,"2,807,000,000,000",2025-8,2025-8,NU,OMEGA,20 a 35 años,,,RHO,X
Agrupación De Vivienda Monguí,ETAPA 2,11/18/2024,No,Banco,Referido,"1,984,359,000,000",2024-11,2024-11,SIGMA,OMEGA,20 - 35 años,1,1,RHO,X
Agrupación De Vivienda La Macarena,ETAPA 3,9/12/2025,No,Colsubsidio,Página web ,"1,417,557,500,000",2025-9,2025-9,SIGMA,OMEGA,20 a 35 años,1,1,RHO,X
La Arboleda,,11/22/2024,Si,Colsubsidio,Sin Informacion,"1,807,845,000,000",2024-11,2024-11,NU,OMEGA,20 - 35 años,,,RHO,X
VERDE ESPERANZA EL DORADO,ETAPA 1,9/25/2025,No,Colsubsidio,Valla ,"1,578,000,000,000",2025-9,2025-9,SIGMA,OMEGA,Mayor de 55 años,,,GAMMA,
Agrupacion De Vivienda Fuentevida,ETAPA 2,3/27/2025,No,Banco,Referido Alcaldía,"1,281,150,000,000",2025-3,2025-3,KAPPA,OMEGA,36 a 45 años,2,,GAMMA,
VERDE ESPERANZA EL DORADO,ETAPA 1,9/30/2025,No,Banco,Valla ,"1,578,000,000,000",2025-9,2025-9,KAPPA,OMEGA,20 a 35 años,3,2,GAMMA,
AGRUPACIÓN DE VIVIENDA BOSQUE DE TURPIAL,ETAPA 1,8/22/2025,No,Colsubsidio,Banderas y/o señalización,"2,311,190,000,000",2025-8,2025-8,NU,ETA,20 a 35 años,,,GAMMA,
Agrupación De Vivienda La Macarena,3,11/28/2024,Si,Colsubsidio,Sin Informacion,"1,362,400,000,000",2024-11,2024-11,NU,OMEGA,20 - 35 años,,,NU,
Agrupación De Vivienda Monguí,ETAPA 1,3/28/2025,No,Banco,Banderas y/o señalización,"1,890,408,000,000",2025-3,2025-3,KAPPA,OMEGA,20 a 35 años,,,NU,
La Arboleda,ETAPA 1,11/30/2024,No,Colsubsidio,Banderas y/o señalización,"1,672,612,500,000",2024-11,2024-11,NU,OMEGA,20 - 35 años,,,NU,
VERDE ESPERANZA EL DORADO,ETAPA 1,9/28/2025,No,Colsubsidio,Valla ,"1,618,000,000,000",2025-9,2025-9,KAPPA,OMEGA,46 a 55 años,1,1,TAU,
La Arboleda,ETAPA 1,7/6/2024,No,Banco,Banderas y/o señalización,"1,719,900,000,000",2024-7,2024-7,KAPPA,OMEGA,46 - 55 años,,,TAU,
VERDE ESPERANZA EL DORADO,ETAPA 1,9/23/2025,No,Colsubsidio,Valla ,"1,578,000,000,000",2025-9,2025-9,KAPPA,OMEGA,36 a 45 años,1,1,TAU,
INARI,ETAPA 1,3/12/2025,No,Banco,Banderas y/o señalización,"2,808,000,000,000",2025-3,2025-3,NU,OMEGA,20 a 35 años,,,TAU,
Agrupación De Vivienda Pamplona I,ETAPA 4,1/13/2026,No,Colsubsidio,Banderas y/o señalización,"2,361,000,000,000",2026-1,2026-1,KAPPA,OMEGA,20 a 35 años,,,GAMMA,
Agrupacion De Vivienda Payande,ETAPA 1,7/4/2025,No,Colsubsidio,Redes Sociales,"1,699,375,000,000",2025-7,2025-7,SIGMA,OMEGA,20 a 35 años,1,1,RHO,
Agrupación De Vivienda Pamplona I,ETAPA 4,7/27/2025,No,Banco,Banderas y/o señalización,"2,361,000,000,000",2025-7,2025-7,SIGMA,ETA,20 a 35 años,1,1,GAMMA,
Agrupacion De Vivienda Reserva De Guayacan,ETAPA 1,10/13/2025,No,Colsubsidio,Valla ,"2,360,000,000,000",2025-10,2025-10,NU,ETA,36 a 45 años,,,ALPHA,
Versalles,,8/22/2024,Si,Banco,Sin Informacion,"2,171,000,000,000",2024-8,2024-8,SIGMA,OMEGA,20 - 35 años,1,1,RHO,
VERDE ESPERANZA EL DORADO,ETAPA 1,10/16/2025,No,Colsubsidio,Valla ,"1,578,000,000,000",2025-10,2025-10,KAPPA,OMEGA,20 a 35 años,1,1,GAMMA,
La Arboleda,ETAPA 3,7/16/2026,No,Colsubsidio,Banderas y/o señalización,"2,233,450,000,000",2026-7,2026-6,KAPPA,OMEGA,36 a 45 años,1,1,ALPHA,
Versalles,ETAPA 1,7/12/2026,No,Colsubsidio,Banderas y/o señalización,"2,022,000,000,000",2026-7,2026-6,NU,OMEGA,20 a 35 años,,,ZETA,
AGRUPACIÓN DE VIVIENDA SAMÁN ,ETAPA 1,7/10/2026,No,Banco,Contact Center,"2,585,000,000,000",2026-7,2026-6,KAPPA,OMEGA,Mayor de 55 años,,,ALPHA,
Agrupacion De Vivienda Bosque De Arrayan,ETAPA 3,2/26/2024,No,Colsubsidio,Banderas y/o señalización,"1,912,300,000,000",2024-2,2024-2,KAPPA,OMEGA,46 - 55 años,4,,GAMMA,
AGRUPACIÓN DE VIVIENDA BOSQUE DE TURPIAL,ETAPA 1,5/22/2024,No,Colsubsidio,Banderas y/o señalización,"2,311,000,000,000",2024-5,2024-5,KAPPA,OMEGA,Mayor de 55 años,2,,TAU,
Agrupacion De Vivienda Reserva De Guayacan,ETAPA 1,12/15/2024,No,Banco,Whatsapp,"2,360,000,000,000",2024-12,2024-12,SIGMA,OMEGA,20 - 35 años,1,1,TAU,
Los Nogales,2,5/3/2024,Si,Contado,Sin Informacion,"5,840,415,900,000",2024-5,2024-5,KAPPA,OMEGA,46 - 55 años,,,TAU,
Agrupación De Vivienda La Macarena,ETAPA 3,1/27/2025,No,Colsubsidio,Referido,"1,407,841,500,000",2025-1,2025-1,SIGMA,OMEGA,36 - 45 años,2,1,TAU,
Agrupación De Vivienda Monguí,ETAPA 2,3/15/2026,No,Colsubsidio,Banderas y/o señalización,"1,969,768,000,000",2026-3,2026-3,KAPPA,OMEGA,20 a 35 años,3,3,GAMMA,
VERDE ESPERANZA EL DORADO,ETAPA 1,3/26/2026,No,Banco,Banderas y/o señalización,"1,753,000,000,000",2026-3,2026-3,KAPPA,OMEGA,36 a 45 años,,,TAU,
VERDE ESPERANZA EL DORADO,ETAPA 1,3/5/2026,No,Banco,Banderas y/o señalización,"1,753,000,000,000",2026-3,2026-3,NU,ETA,20 a 35 años,,,IOTA,
Agrupacion De Vivienda Payande,ETAPA 2,3/17/2024,No,Banco,Banderas y/o señalización,"1,594,710,000,000",2024-3,2024-3,SIGMA,OMEGA,20 - 35 años,1,1,ALPHA,
Agrupación De Vivienda Pamplona I,,3/27/2024,Si,Banco,Sin Informacion,"1,998,594,000,000",2024-3,2024-3,SIGMA,OMEGA,46 - 55 años,1,,TAU,
Agrupación De Vivienda Monguí,ETAPA 3,4/25/2026,No,Banco,Banderas y/o señalización,"1,961,014,000,000",2026-4,2026-4,KAPPA,OMEGA,36 a 45 años,2,2,ALPHA,
AGRUPACIÓN DE VIVIENDA SAMÁN ,ETAPA 1,4/25/2026,No,Banco,Activación,"2,532,490,950,000",2026-4,2026-4,NU,OMEGA,20 a 35 años,,,RHO,X
Agrupación De Vivienda Monguí,ETAPA 3,4/25/2026,No,Banco,Banderas y/o señalización,"1,575,815,000,000",2026-4,2026-4,KAPPA,OMEGA,20 a 35 años,1,1,GAMMA,
VILLA FIORITA,ETAPA 3,8/15/2025,No,Banco,Whatsapp,"2,135,250,000,000",2025-8,2025-8,NU,OMEGA,20 a 35 años,,,GAMMA,
Agrupación De Vivienda La Macarena,ETAPA 4,4/26/2026,No,Colsubsidio,Banderas y/o señalización,"1,479,515,000,000",2026-4,2026-4,NU,OMEGA,20 a 35 años,,,NU,
Agrupacion De Vivienda Reserva De Guayacan,ETAPA 1,4/24/2026,No,Banco,Redes Sociales,"2,360,000,000,000",2026-4,2026-4,NU,OMEGA,20 a 35 años,,,ZETA,
Agrupacion De Vivienda Reserva De Guayacan,ETAPA 1,4/26/2026,No,Colsubsidio,Ferias empresariales,"1,754,000,000,000",2026-4,2026-4,SIGMA,OMEGA,36 a 45 años,,,TAU,
Agrupacion De Vivienda Reserva De Guayacan,ETAPA 1,4/25/2026,No,Banco,Ferias empresariales,"2,360,000,000,000",2026-4,2026-4,KAPPA,OMEGA,20 a 35 años,,,TAU,
Agrupación De Vivienda Monguí,ETAPA 3,4/26/2026,No,Colsubsidio,Ferias empresariales,"1,794,678,000,000",2026-4,2026-4,SIGMA,OMEGA,20 a 35 años,1,,GAMMA,
Agrupación De Vivienda La Macarena,ETAPA 4,4/29/2026,No,Banco,Activación,"1,575,815,000,000",2026-4,2026-4,NU,OMEGA,20 a 35 años,,,TAU,
Agrupación De Vivienda La Macarena,ETAPA 3,8/30/2025,No,Banco,Ferias empresariales,"1,473,322,500,000",2025-8,2025-8,SIGMA,OMEGA,46 a 55 años,2,1,ALPHA,
INARI,ETAPA 1,4/23/2026,No,Colsubsidio,Banderas y/o señalización,"2,808,000,000,000",2026-4,2026-4,KAPPA,OMEGA,20 a 35 años,,,RHO,X
Agrupación De Vivienda Pamplona I,ETAPA 4,3/25/2025,No,Banco,Ferias empresariales,"2,361,000,000,000",2025-3,2025-3,SIGMA,ETA,46 a 55 años,,,RHO,X
Agrupación De Vivienda La Macarena,ETAPA 4,4/26/2026,No,Colsubsidio,Banderas y/o señalización,"1,488,269,000,000",2026-4,2026-4,KAPPA,OMEGA,36 a 45 años,,,GAMMA,
Agrupacion De Vivienda Fuentevida,ETAPA 2,11/22/2024,No,Banco,Referido Alcaldía,"1,208,551,500,000",2024-11,2024-11,KAPPA,OMEGA,20 - 35 años,1,1,GAMMA,
Proyecto Karakalí,1,8/24/2025,Si,Banco,Sin Informacion,"2,451,267,000,000",2025-8,2025-8,SIGMA,ETA,Mayor de 55 años,1,,GAMMA,
Agrupación De Vivienda Pamplona I,ETAPA 1,3/18/2025,No,Banco,Banderas y/o señalización,"2,217,000,000,000",2025-3,2025-3,SIGMA,OMEGA,46 a 55 años,,,GAMMA,
VILLA FIORITA,ETAPA 2,3/23/2025,No,Banco,Banderas y/o señalización,"2,135,250,000,000",2025-3,2025-3,NU,ETA,36 a 45 años,,,GAMMA,
Agrupación De Vivienda Monguí,ETAPA 3,4/26/2026,No,Banco,Activación,"1,961,014,000,000",2026-4,2026-4,KAPPA,OMEGA,20 a 35 años,3,2,GAMMA,
INARI,ETAPA 1,11/17/2024,No,Banco,Banderas y/o señalización,"2,808,000,000,000",2024-11,2024-11,KAPPA,OMEGA,36 - 45 años,,,NU,
AGRUPACIÓN DE VIVIENDA SAMÁN ,ETAPA 1,4/26/2026,No,Banco,Ferias empresariales,"2,532,490,950,000",2026-4,2026-4,SIGMA,OMEGA,46 a 55 años,1,,GAMMA,
Agrupación De Vivienda La Macarena,ETAPA 3,3/18/2025,No,Banco,Ferias empresariales,"1,473,322,500,000",2025-3,2025-3,KAPPA,OMEGA,20 a 35 años,,,NU,
Versalles,ETAPA 1,8/16/2025,No,Contado,Banderas y/o señalización,"1,987,000,000,000",2025-8,2025-8,SIGMA,OMEGA,36 a 45 años,1,1,NU,
AGRUPACIÓN DE VIVIENDA BOSQUE DE TURPIAL,,7/8/2024,Si,Colsubsidio,Sin Informacion,"2,263,000,000,000",2024-7,2024-7,SIGMA,OMEGA,46 - 55 años,1,1,ZETA,
AGRUPACIÓN DE VIVIENDA SAMÁN ,ETAPA 1,4/24/2026,No,Banco,Redes Sociales,"2,532,490,950,000",2026-4,2026-4,KAPPA,OMEGA,36 a 45 años,1,1,ZETA,
VILLA FIORITA,,3/20/2025,Si,Banco,Sin Informacion,"2,135,250,000,000",2025-3,2025-3,KAPPA,OMEGA,20 a 35 años,,,ZETA,
AGRUPACIÓN DE VIVIENDA BOSQUE DE TURPIAL,ETAPA 1,7/15/2024,No,Banco,CS Tocancipá,"2,311,000,000,000",2024-7,2024-7,SIGMA,OMEGA,20 - 35 años,2,1,TAU,
Agrupación De Vivienda Monguí,ETAPA 1,3/26/2025,No,Banco,Banderas y/o señalización,"1,867,632,000,000",2025-3,2025-3,KAPPA,OMEGA,20 a 35 años,,,TAU,
Agrupación De Vivienda Monguí,ETAPA 2,3/19/2025,No,Banco,Redes Sociales,"1,970,124,000,000",2025-3,2025-3,KAPPA,OMEGA,20 a 35 años,2,2,TAU,
Agrupación De Vivienda Monguí,ETAPA 3,4/24/2026,No,Banco,Activación,"1,785,923,000,000",2026-4,2026-4,KAPPA,OMEGA,36 a 45 años,1,1,TAU,
Agrupación De Vivienda Monguí,,10/31/2025,Si,Colsubsidio,Sin Informacion,"1,996,014,000,000",2025-10,2025-10,KAPPA,OMEGA,46 a 55 años,,,TAU,
VILLA FIORITA,ETAPA 1,8/23/2024,No,Colsubsidio,Página web ,"1,950,000,000,000",2024-8,2024-8,SIGMA,OMEGA,20 - 35 años,1,1,ALPHA,
Agrupación De Vivienda La Macarena,ETAPA 3,8/7/2024,No,Colsubsidio,Referido,"1,533,109,500,000",2024-8,2024-8,KAPPA,OMEGA,46 - 55 años,,,GAMMA,
Agrupacion De Vivienda Bosque De Arrayan,ETAPA 4,1/17/2024,No,Banco,Contact Center,"1,933,100,000,000",2024-1,2024-1,SIGMA,ETA,20 - 35 años,1,,GAMMA,
Agrupacion De Vivienda Bosque De Arrayan,ETAPA 2,11/26/2025,No,Banco,Banderas y/o señalización,"1,849,055,850,000",2025-11,2025-11,KAPPA,OMEGA,36 a 45 años,3,,GAMMA,
Versalles,ETAPA 1,8/22/2024,No,Banco,Referido,"2,171,000,000,000",2024-8,2024-8,SIGMA,ETA,Mayor de 55 años,2,1,GAMMA,
Agrupación De Vivienda Monguí,ETAPA 2,11/4/2025,No,Colsubsidio,Banderas y/o señalización,"1,914,607,500,000",2025-11,2025-11,KAPPA,OMEGA,36 a 45 años,1,,TAU,
VILLA FIORITA,ETAPA 3,8/16/2024,No,Banco,Banderas y/o señalización,"2,135,250,000,000",2024-8,2024-8,KAPPA,OMEGA,20 - 35 años,,,TAU,
Agrupacion De Vivienda Reserva De Guayacan,ETAPA 1,10/29/2025,No,Banco,Whatsapp,"2,360,000,000,000",2025-10,2025-10,KAPPA,OMEGA,20 a 35 años,1,1,TAU,
Versalles,ETAPA 1,9/29/2024,No,Contado,Redes Sociales,"2,110,000,000,000",2024-9,2024-9,KAPPA,OMEGA,20 - 35 años,2,2,RHO,X
La Arboleda,ETAPA 2,5/31/2025,No,Banco,Página web ,"1,812,115,500,000",2025-5,2025-5,KAPPA,OMEGA,36 a 45 años,1,1,TAU,
La Arboleda,ETAPA 3,2/25/2025,No,Colsubsidio,Banderas y/o señalización,"2,233,450,000,000",2025-2,2025-2,SIGMA,OMEGA,20 a 35 años,3,2,RHO,X
INARI,1,2/6/2025,Si,Banco,Sin Informacion,"2,506,000,000,000",2025-2,2025-2,KAPPA,OMEGA,20 a 35 años,2,,NU,
Agrupacion De Vivienda Payande,ETAPA 2,6/4/2024,No,Banco,Referido,"1,594,710,000,000",2024-6,2024-6,SIGMA,ETA,46 - 55 años,2,2,RHO,
INARI,1,5/6/2025,Si,Banco,Sin Informacion,"2,506,000,000,000",2025-5,2025-5,KAPPA,OMEGA,46 a 55 años,1,,NU,
INARI,1,6/27/2024,Si,Colsubsidio,Sin Informacion,"2,217,000,000,000",2024-6,2024-6,SIGMA,OMEGA,Mayor de 55 años,,,TAU,
Versalles,ETAPA 1,4/30/2025,No,Banco,Banderas y/o señalización,"2,110,000,000,000",2025-4,2025-4,KAPPA,OMEGA,20 a 35 años,2,2,NU,
AGRUPACIÓN DE VIVIENDA SAMÁN ,ETAPA 1,4/16/2025,No,Banco,Redes Sociales,"2,550,000,000,000",2025-4,2025-4,SIGMA,ETA,46 a 55 años,2,2,RHO,X
Versalles,ETAPA 1,10/1/2024,No,Banco,Referido,"2,110,000,000,000",2024-10,2024-10,KAPPA,OMEGA,36 - 45 años,4,3,ALPHA,
VILLA MERCEDES EL DORADO,ETAPA 1,2/26/2026,No,Banco,Referido Alcaldía,"1,715,000,000,000",2026-2,2026-2,SIGMA,OMEGA,Mayor de 55 años,,,NU,
Agrupacion De Vivienda Payande,ETAPA 1,10/19/2024,No,Banco,Valla ,"1,664,071,500,000",2024-10,2024-10,NU,OMEGA,20 - 35 años,,,TAU,
Agrupacion De Vivienda Payande,,10/13/2024,Si,Banco,Sin Informacion,"1,594,710,000,000",2024-10,2024-10,KAPPA,OMEGA,20 - 35 años,3,3,TAU,
VERDE ESPERANZA EL DORADO,ETAPA 1,7/1/2026,No,Colsubsidio,Banderas y/o señalización,"1,793,000,000,000",2026-7,2026-6,SIGMA,OMEGA,20 a 35 años,2,2,ZETA,
Agrupacion De Vivienda Reserva De Guayacan,ETAPA 1,7/10/2026,No,Banco,Banderas y/o señalización,"2,395,000,000,000",2026-7,2026-6,SIGMA,OMEGA,46 a 55 años,1,,ALPHA,
Agrupacion De Vivienda Reserva De Guayacan,ETAPA 1,7/8/2026,No,Banco,Banderas y/o señalización,"2,395,000,000,000",2026-7,2026-6,KAPPA,OMEGA,20 a 35 años,1,1,TAU,
Agrupación De Vivienda Monguí,ETAPA 2,10/11/2024,No,Banco,Redes Sociales,"1,777,951,500,000",2024-10,2024-10,KAPPA,OMEGA,20 - 35 años,2,1,TAU,
Agrupacion De Vivienda Bosque De Arrayan,,10/20/2024,Si,Colsubsidio,Sin Informacion,"2,205,000,000,000",2024-10,2024-10,NU,ETA,20 - 35 años,,,TAU,
Versalles,ETAPA 1,10/23/2024,No,Banco,Referido,"2,110,000,000,000",2024-10,2024-10,KAPPA,OMEGA,36 - 45 años,2,1,TAU,
Los Nogales,ETAPA 2,2/12/2024,No,Banco,Valla ,"7,923,742,900,000",2024-2,2024-2,SIGMA,ETA,20 - 35 años,5,,RHO,X
INARI,1,2/3/2024,Si,Banco,Sin Informacion,"2,916,000,000,000",2024-2,2024-2,NU,ETA,20 - 35 años,,,GAMMA,
INARI,1,2/16/2024,Si,Colsubsidio,Sin Informacion,"2,916,000,000,000",2024-2,2024-2,KAPPA,OMEGA,46 - 55 años,1,1,NU,
Agrupación De Vivienda Pamplona I,,1/28/2025,Si,Banco,Sin Informacion,"2,217,000,000,000",2025-1,2025-1,KAPPA,OMEGA,20 - 35 años,,,GAMMA,
Agrupación De Vivienda Monguí,,5/14/2024,Si,Colsubsidio,Sin Informacion,"1,777,951,500,000",2024-5,2024-5,KAPPA,OMEGA,36 - 45 años,,,GAMMA,
Agrupacion De Vivienda Payande,,1/25/2025,Si,Banco,Sin Informacion,"1,634,178,000,000",2025-1,2025-1,SIGMA,ETA,36 - 45 años,2,1,GAMMA,
Agrupacion De Vivienda Bosque De Arrayan,ETAPA 4,2/11/2024,No,Colsubsidio,Banderas y/o señalización,"1,913,600,000,000",2024-2,2024-2,NU,OMEGA,20 - 35 años,,,NU,
Los Nogales,1,2/11/2024,Si,Colsubsidio,Sin Informacion,"5,711,824,390,000",2024-2,2024-2,SIGMA,TAU,Mayor de 55 años,2,,TAU,
Agrupación De Vivienda La Macarena,3,1/31/2025,Si,Banco,Sin Informacion,"1,584,569,000,000",2025-1,2025-1,KAPPA,OMEGA,20 - 35 años,,,TAU,
Conjunto Residencial Campo Alegre El Dorado,ETAPA 2,12/19/2024,No,Banco,Referido Alcaldía,"1,118,728,650,000",2024-12,2024-12,KAPPA,OMEGA,36 - 45 años,,,TAU,
Agrupacion De Vivienda Payande,ETAPA 2,5/5/2024,No,Colsubsidio,Banderas y/o señalización,"1,755,000,000,000",2024-5,2024-5,NU,ETA,20 - 35 años,,,TAU,
Agrupación De Vivienda Pamplona I,ETAPA 1,3/22/2026,No,Banco,Contact Center,"2,100,000,000,000",2026-3,2026-3,KAPPA,OMEGA,36 a 45 años,2,2,GAMMA,
VERDE ESPERANZA EL DORADO,ETAPA 1,3/27/2026,No,Banco,Banderas y/o señalización,"1,753,000,000,000",2026-3,2026-3,KAPPA,OMEGA,20 a 35 años,,,NU,
Agrupación De Vivienda La Macarena,ETAPA 4,6/20/2026,No,Colsubsidio,Banderas y/o señalización,"1,497,024,000,000",2026-6,2026-6,KAPPA,OMEGA,20 a 35 años,1,1,TAU,
Agrupación De Vivienda Monguí,ETAPA 2,3/14/2026,No,Colsubsidio,Banderas y/o señalización,"1,575,815,000,000",2026-3,2026-3,KAPPA,OMEGA,36 a 45 años,1,1,RHO,X
Agrupación De Vivienda Pamplona I,ETAPA 3,3/15/2026,No,Colsubsidio,Banderas y/o señalización,"2,100,000,000,000",2026-3,2026-3,KAPPA,OMEGA,36 a 45 años,3,1,GAMMA,
Agrupación De Vivienda La Macarena,ETAPA 3,3/28/2026,No,Banco,Banderas y/o señalización,"1,567,060,000,000",2026-3,2026-3,KAPPA,OMEGA,36 a 45 años,,,GAMMA,
VERDE ESPERANZA EL DORADO,ETAPA 1,3/12/2026,No,Banco,Banderas y/o señalización,"1,753,000,000,000",2026-3,2026-3,KAPPA,OMEGA,36 a 45 años,2,2,ZETA,
AGRUPACIÓN DE VIVIENDA SAMÁN ,ETAPA 1,3/31/2026,No,Banco,Página web ,"2,550,000,000,000",2026-3,2026-3,KAPPA,OMEGA,36 a 45 años,1,1,TAU,
Agrupación De Vivienda Monguí,ETAPA 1,3/15/2026,No,Banco,Activación,"1,777,169,000,000",2026-3,2026-3,KAPPA,OMEGA,20 a 35 años,1,1,TAU,
Agrupacion De Vivienda Payande,,3/8/2026,Si,Contado,Sin Informacion,"2,052,060,000,000",2026-3,2026-3,SIGMA,OMEGA,Mayor de 55 años,,,ETA,
La Arboleda,,3/18/2024,Si,Colsubsidio,Sin Informacion,"1,970,124,000,000",2024-3,2024-3,NU,ETA,20 - 35 años,,,GAMMA,X
Agrupacion De Vivienda Payande,,3/2/2024,Si,Colsubsidio,Sin Informacion,"1,755,000,000,000",2024-3,2024-3,KAPPA,OMEGA,20 - 35 años,1,1,TAU,
Agrupación De Vivienda Pamplona I,ETAPA 5,3/22/2024,No,Colsubsidio,Redes Sociales,"2,293,000,000,000",2024-3,2024-3,NU,OMEGA,20 - 35 años,,,TAU,
Agrupacion De Vivienda Payande,ETAPA 1,3/11/2024,No,Banco,Banderas y/o señalización,"1,755,000,000,000",2024-3,2024-3,NU,OMEGA,Menor de 19 años,,,TAU,
Proyecto Karakalí,ETAPA 1,4/14/2026,No,Colsubsidio,Contact Center,"2,363,721,750,000",2026-4,2026-4,NU,ETA,20 a 35 años,,,RHO,
VERDE ESPERANZA EL DORADO,ETAPA 1,4/13/2026,No,Colsubsidio,Banderas y/o señalización,"1,753,000,000,000",2026-4,2026-4,SIGMA,OMEGA,36 a 45 años,,,GAMMA,
AGRUPACIÓN DE VIVIENDA SAMÁN ,ETAPA 1,4/26/2026,No,Banco,Ferias empresariales,"2,532,490,950,000",2026-4,2026-4,KAPPA,ETA,36 a 45 años,2,,IOTA,
Agrupación De Vivienda Pamplona I,ETAPA 3,4/12/2026,No,Colsubsidio,Banderas y/o señalización,"2,200,000,000,000",2026-4,2026-4,NU,ETA,20 a 35 años,,,TAU,
Agrupación De Vivienda Monguí,ETAPA 3,4/25/2026,No,Banco,Banderas y/o señalización,"1,777,169,000,000",2026-4,2026-4,SIGMA,OMEGA,36 a 45 años,1,1,TAU,
VERDE ESPERANZA EL DORADO,ETAPA 1,4/23/2026,No,Banco,Banderas y/o señalización,"1,753,000,000,000",2026-4,2026-4,KAPPA,OMEGA,20 a 35 años,2,2,TAU,
La Arboleda,,11/23/2024,Si,Colsubsidio,Sin Informacion,"1,978,665,000,000",2024-11,2024-11,SIGMA,OMEGA,36 - 45 años,1,1,RHO,X
La Arboleda,ETAPA 3,4/25/2026,No,Colsubsidio,Banderas y/o señalización,"2,233,450,000,000",2026-4,2026-4,NU,OMEGA,20 a 35 años,,,RHO,X
Agrupacion De Vivienda Fuentevida,ETAPA 2,3/24/2025,No,Contado,Referido Alcaldía,"1,281,150,000,000",2025-3,2025-3,KAPPA,OMEGA,20 a 35 años,1,,RHO,
Agrupación De Vivienda Monguí,ETAPA 2,3/17/2025,No,Banco,Redes Sociales,"1,978,665,000,000",2025-3,2025-3,KAPPA,OMEGA,36 a 45 años,3,3,RHO,X
Versalles,ETAPA 1,3/15/2025,No,Banco,Banderas y/o señalización,"2,171,000,000,000",2025-3,2025-3,KAPPA,OMEGA,36 a 45 años,,,GAMMA,
AGRUPACIÓN DE VIVIENDA SAMÁN ,ETAPA 1,4/25/2026,No,Banco,Ferias empresariales,"2,532,490,950,000",2026-4,2026-4,NU,ETA,20 a 35 años,,,GAMMA,
VERDE ESPERANZA EL DORADO,ETAPA 1,4/17/2026,No,Colsubsidio,Banderas y/o señalización,"1,753,000,000,000",2026-4,2026-4,SIGMA,OMEGA,20 a 35 años,1,1,GAMMA,
INARI,ETAPA 1,11/24/2024,No,Colsubsidio,Banderas y/o señalización,"2,506,000,000,000",2024-11,2024-11,KAPPA,OMEGA,46 - 55 años,,,NU,
Agrupación De Vivienda Monguí,ETAPA 2,3/16/2025,No,Banco,Activación,"1,987,206,000,000",2025-3,2025-3,SIGMA,ETA,Mayor de 55 años,,,TAU,
Agrupacion De Vivienda Payande,,7/20/2024,Si,Banco,Sin Informacion,"1,634,178,000,000",2024-7,2024-7,SIGMA,OMEGA,Mayor de 55 años,1,,TAU,
ARAUCARIA,ETAPA 1,4/26/2026,No,Banco,Banderas y/o señalización,"10,254,000,000,000",2026-4,2026-4,SIGMA,ETA,Mayor de 55 años,,,TAU,
Agrupación De Vivienda Monguí,ETAPA 1,4/26/2026,No,Colsubsidio,Activación,"1,952,259,000,000",2026-4,2026-4,KAPPA,OMEGA,Mayor de 55 años,,,ETA,
ARAUCARIA,ETAPA 1,1/3/2026,No,Banco,CS Unicentro de Occidente,"6,190,000,000,000",2026-1,2026-1,NU,ETA,20 a 35 años,,,RHO,X
Agrupación De Vivienda Monguí,ETAPA 2,7/26/2025,No,Banco,Página web ,"1,907,490,000,000",2025-7,2025-7,KAPPA,OMEGA,20 a 35 años,,,GAMMA,
VERDE ESPERANZA EL DORADO,ETAPA 1,10/29/2025,No,Colsubsidio,Banderas y/o señalización,"1,578,000,000,000",2025-10,2025-10,KAPPA,OMEGA,20 a 35 años,2,1,TAU,
Agrupacion De Vivienda Payande,ETAPA 1,8/30/2024,No,Banco,Banderas y/o señalización,"1,780,798,500,000",2024-8,2024-8,NU,ETA,20 - 35 años,,,ALPHA,
VILLA FIORITA,ETAPA 3,10/21/2025,No,Banco,Whatsapp,"2,135,250,000,000",2025-10,2025-10,SIGMA,OMEGA,36 a 45 años,1,1,GAMMA,
Agrupación De Vivienda Monguí,ETAPA 2,1/16/2024,No,Banco,Banderas y/o señalización,"1,987,206,000,000",2024-1,2024-1,SIGMA,OMEGA,20 - 35 años,2,1,GAMMA,
Agrupacion De Vivienda Fuentevida,,1/29/2024,Si,Banco,Sin Informacion,"1,170,000,000,000",2024-1,2024-1,KAPPA,OMEGA,20 - 35 años,3,3,NU,
VERDE ESPERANZA EL DORADO,ETAPA 1,1/29/2026,No,Colsubsidio,Banderas y/o señalización,"1,793,000,000,000",2026-1,2026-1,KAPPA,OMEGA,20 a 35 años,2,2,ZETA,
Agrupación De Vivienda Monguí,,10/12/2025,Si,Colsubsidio,Sin Informacion,"1,921,725,000,000",2025-10,2025-10,KAPPA,OMEGA,20 a 35 años,,,TAU,
VILLA FIORITA,ETAPA 1,8/13/2024,No,Colsubsidio,Valla ,"1,950,000,000,000",2024-8,2024-8,SIGMA,ETA,20 - 35 años,2,2,TAU,
Agrupación De Vivienda Monguí,ETAPA 1,1/31/2024,No,Banco,Banderas y/o señalización,"1,738,093,500,000",2024-1,2024-1,SIGMA,OMEGA,36 - 45 años,2,1,TAU,
Agrupación De Vivienda Pamplona I,ETAPA 2,6/19/2024,No,Banco,Página web ,"1,950,195,000,000",2024-6,2024-6,SIGMA,OMEGA,36 - 45 años,1,1,ALPHA,
Agrupación De Vivienda Pamplona I,ETAPA 2,6/26/2024,No,Banco,Ferias empresariales,"1,950,195,000,000",2024-6,2024-6,SIGMA,OMEGA,20 - 35 años,1,1,GAMMA,
Conjunto Residencial Campo Alegre El Dorado,ETAPA 2,9/19/2024,No,Banco,Referido Alcaldía,"1,081,730,000,000",2024-9,2024-9,KAPPA,OMEGA,20 - 35 años,1,0,GAMMA,
Agrupación De Vivienda Monguí,ETAPA 1,9/30/2024,No,Colsubsidio,Banderas y/o señalización,"1,701,700,000,000",2024-9,2024-9,KAPPA,OMEGA,36 - 45 años,3,1,ZETA,
Agrupación De Vivienda La Macarena,ETAPA 1,6/26/2024,No,Banco,Whatsapp,"1,348,100,000,000",2024-6,2024-6,KAPPA,OMEGA,20 - 35 años,,,RHO,X
AGRUPACIÓN DE VIVIENDA SAMÁN ,ETAPA 1,2/24/2025,No,Banco,Valla ,"2,550,000,000,000",2025-2,2025-2,KAPPA,OMEGA,36 a 45 años,3,2,ALPHA,
Agrupacion De Vivienda Bosque De Arrayan,ETAPA 4,2/16/2025,No,Colsubsidio,Banderas y/o señalización,"2,066,922,000,000",2025-2,2025-2,NU,OMEGA,20 a 35 años,,,RHO,
Agrupación De Vivienda La Macarena,ETAPA 3,4/18/2024,No,Banco,Banderas y/o señalización,"1,541,650,500,000",2024-4,2024-4,NU,OMEGA,20 - 35 años,,,GAMMA,
Agrupación De Vivienda La Macarena,ETAPA 3,6/8/2024,No,Banco,Referido,"1,366,300,000,000",2024-6,2024-6,NU,OMEGA,20 - 35 años,,,GAMMA,
Agrupación De Vivienda Monguí,,4/10/2024,Si,Colsubsidio,Sin Informacion,"1,785,923,000,000",2024-4,2024-4,KAPPA,OMEGA,36 - 45 años,3,2,GAMMA,
VILLA FIORITA,,6/21/2024,Si,Banco,Sin Informacion,"2,135,250,000,000",2024-6,2024-6,KAPPA,OMEGA,46 - 55 años,,,NU,
Los Nogales,ETAPA 2,5/24/2025,No,Banco,Banderas y/o señalización,"5,453,505,100,000",2025-5,2025-5,NU,TAU,20 a 35 años,,,GAMMA,X
Versalles,ETAPA 1,2/7/2025,No,Banco,Referido,"2,171,000,000,000",2025-2,2025-2,KAPPA,OMEGA,20 a 35 años,,,TAU,
Agrupacion De Vivienda Payande,ETAPA 2,6/14/2024,No,Banco,Ferias empresariales,"1,755,000,000,000",2024-6,2024-6,SIGMA,ETA,20 - 35 años,1,,IOTA,
AGRUPACIÓN DE VIVIENDA SAMÁN ,ETAPA 1,4/19/2025,No,Banco,Banderas y/o señalización,"2,550,000,000,000",2025-4,2025-4,SIGMA,ETA,46 a 55 años,,,GAMMA,
INARI,1,6/14/2025,Si,Colsubsidio,Sin Informacion,"2,916,000,000,000",2025-6,2025-6,NU,OMEGA,20 a 35 años,,,GAMMA,
VERDE ESPERANZA EL DORADO,ETAPA 1,5/17/2026,No,Colsubsidio,Banderas y/o señalización,"1,753,000,000,000",2026-5,2026-5,NU,OMEGA,20 a 35 años,,,NU,
La Arboleda,ETAPA 3,6/15/2025,No,Colsubsidio,Banderas y/o señalización,"2,412,130,000,000",2025-6,2025-6,KAPPA,OMEGA,20 a 35 años,2,2,TAU,
Proyecto Karakalí,ETAPA 1,6/14/2025,No,Banco,Ferias empresariales,"2,451,267,000,000",2025-6,2025-6,KAPPA,OMEGA,20 a 35 años,,,TAU,
Versalles,ETAPA 1,6/25/2025,No,Banco,Banderas y/o señalización,"1,987,000,000,000",2025-6,2025-6,SIGMA,OMEGA,36 a 45 años,2,1,RHO,
AGRUPACIÓN DE VIVIENDA BOSQUE DE TURPIAL,,6/18/2024,Si,Banco,Sin Informacion,"2,311,000,000,000",2024-6,2024-6,NU,ETA,20 - 35 años,,,GAMMA,
AGRUPACIÓN DE VIVIENDA SAMÁN ,ETAPA 1,6/15/2025,No,Colsubsidio,Ferias empresariales,"2,550,000,000,000",2025-6,2025-6,SIGMA,OMEGA,36 a 45 años,1,1,NU,
Versalles,ETAPA 1,2/26/2025,No,Banco,Redes Sociales,"2,110,000,000,000",2025-2,2025-2,KAPPA,OMEGA,36 a 45 años,1,1,GAMMA,
Versalles,ETAPA 1,2/4/2025,No,Banco,Banderas y/o señalización,"2,171,000,000,000",2025-2,2025-2,KAPPA,OMEGA,20 a 35 años,2,2,TAU,
Agrupación De Vivienda Pamplona I,ETAPA 4,6/13/2025,No,Contado,Ferias empresariales,"2,361,000,000,000",2025-6,2025-6,SIGMA,OMEGA,36 a 45 años,2,1,TAU,
La Arboleda,ETAPA 1,4/17/2024,No,Colsubsidio,Banderas y/o señalización,"1,625,000,000,000",2024-4,2024-4,SIGMA,OMEGA,20 - 35 años,1,1,TAU,
Agrupación De Vivienda Monguí,,6/30/2024,Si,Colsubsidio,Sin Informacion,"1,750,905,000,000",2024-6,2024-6,SIGMA,ETA,36 - 45 años,2,2,TAU,
Agrupacion De Vivienda Bosque De Arrayan,ETAPA 4,2/9/2024,No,Colsubsidio,Banderas y/o señalización,"1,799,304,000,000",2024-2,2024-2,KAPPA,OMEGA,Mayor de 55 años,4,1,ALPHA,
Los Nogales,1,2/10/2024,Si,Banco,Sin Informacion,"5,360,918,240,000",2024-2,2024-2,SIGMA,TAU,Mayor de 55 años,1,,RHO,X
Agrupacion De Vivienda Reserva De Guayacan,ETAPA 1,1/3/2025,No,Banco,Whatsapp,"2,360,000,000,000",2025-1,2025-1,NU,TAU,20 - 35 años,,,TAU,
Agrupacion De Vivienda Reserva De Guayacan,ETAPA 1,12/22/2024,No,Banco,Whatsapp,"2,360,000,000,000",2024-12,2024-12,KAPPA,OMEGA,36 - 45 años,2,2,TAU,
Agrupación De Vivienda Monguí,ETAPA 2,3/15/2026,No,Colsubsidio,Activación,"1,575,815,000,000",2026-3,2026-3,NU,OMEGA,20 a 35 años,,,GAMMA,
Versalles,ETAPA 1,3/15/2026,No,Colsubsidio,Banderas y/o señalización,"1,987,000,000,000",2026-3,2026-3,NU,OMEGA,20 a 35 años,,,RHO,
Agrupación De Vivienda Monguí,ETAPA 2,3/15/2026,No,Banco,Banderas y/o señalización,"1,777,169,000,000",2026-3,2026-3,KAPPA,OMEGA,Mayor de 55 años,,,TAU,
INARI,1,5/30/2025,Si,Colsubsidio,Sin Informacion,"2,808,000,000,000",2025-5,2025-5,NU,OMEGA,20 a 35 años,,,GAMMA,
Agrupación De Vivienda Pamplona I,ETAPA 4,6/21/2025,No,Contado,Página web ,"2,361,000,000,000",2025-6,2025-6,SIGMA,OMEGA,36 a 45 años,3,2,TAU,
AGRUPACIÓN DE VIVIENDA BOSQUE DE TURPIAL,,6/15/2024,Si,Colsubsidio,Sin Informacion,"2,263,000,000,000",2024-6,2024-6,SIGMA,ETA,36 - 45 años,2,2,RHO,X
AGRUPACIÓN DE VIVIENDA BOSQUE DE TURPIAL,ETAPA 1,4/21/2024,No,Banco,Banderas y/o señalización,"2,101,000,000,000",2024-4,2024-4,NU,OMEGA,20 - 35 años,,,ALPHA,
Agrupación De Vivienda La Macarena,ETAPA 3,6/16/2024,No,Banco,Banderas y/o señalización,"1,487,200,000,000",2024-6,2024-6,KAPPA,OMEGA,20 - 35 años,1,1,GAMMA,
AGRUPACIÓN DE VIVIENDA BOSQUE DE TURPIAL,ETAPA 1,4/8/2024,No,Banco,Banderas y/o señalización,"2,311,000,000,000",2024-4,2024-4,KAPPA,OMEGA,20 - 35 años,,,RHO,X
Agrupación De Vivienda Monguí,ETAPA 2,4/16/2024,No,Banco,Campaña FNA,"1,964,430,000,000",2024-4,2024-4,SIGMA,OMEGA,46 - 55 años,,,GAMMA,
VILLA FIORITA,ETAPA 3,4/30/2024,No,Banco,Banderas y/o señalización,"2,135,250,000,000",2024-4,2024-4,KAPPA,OMEGA,20 - 35 años,1,1,NU,
Proyecto Karakalí,1,5/20/2025,Si,Colsubsidio,Sin Informacion,"2,451,267,000,000",2025-5,2025-5,KAPPA,OMEGA,20 a 35 años,,,TAU,
AGRUPACIÓN DE VIVIENDA BOSQUE DE TURPIAL,,9/30/2024,Si,Banco,Sin Informacion,"2,263,000,000,000",2024-9,2024-9,KAPPA,OMEGA,Mayor de 55 años,0,0,TAU,
Agrupacion De Vivienda Reserva De Guayacan,ETAPA 1,2/24/2025,No,Banco,Página web ,"2,360,000,000,000",2025-2,2025-2,SIGMA,OMEGA,20 a 35 años,1,1,TAU,
Agrupacion De Vivienda Reserva De Guayacan,ETAPA 1,4/28/2025,No,Banco,Página web ,"2,360,000,000,000",2025-4,2025-4,KAPPA,OMEGA,20 a 35 años,2,,TAU,
La Arboleda,ETAPA 2,10/27/2024,No,Colsubsidio,Banderas y/o señalización,"1,977,241,500,000",2024-10,2024-10,KAPPA,OMEGA,20 - 35 años,2,1,TAU,
Los Nogales,ETAPA 1,7/6/2026,No,Colsubsidio,Ferias empresariales,"5,364,970,000,000",2026-7,2026-6,KAPPA,OMEGA,Mayor de 55 años,1,,RHO,X
Agrupación De Vivienda Monguí,ETAPA 2,7/3/2026,No,Banco,Activación,"1,969,768,000,000",2026-7,2026-6,NU,OMEGA,20 a 35 años,,,NU,
Versalles,,1/20/2025,Si,Banco,Sin Informacion,"2,110,000,000,000",2025-1,2025-1,KAPPA,OMEGA,20 - 35 años,1,1,GAMMA,
Agrupación De Vivienda La Macarena,ETAPA 3,5/24/2024,No,Colsubsidio,Referido,"1,354,600,000,000",2024-5,2024-5,NU,ETA,20 - 35 años,,,GAMMA,
Agrupacion De Vivienda Payande,ETAPA 2,5/28/2024,No,Banco,Ferias empresariales,"1,594,710,000,000",2024-5,2024-5,NU,OMEGA,36 - 45 años,,,TAU,
Agrupación De Vivienda Pamplona I,ETAPA 4,12/8/2024,No,Banco,Página web ,"2,361,000,000,000",2024-12,2024-12,SIGMA,ETA,36 - 45 años,2,1,GAMMA,
La Arboleda,ETAPA 1,1/12/2025,No,Colsubsidio,Banderas y/o señalización,"1,624,213,500,000",2025-1,2025-1,KAPPA,OMEGA,46 - 55 años,1,1,TAU,
INARI,ETAPA 1,5/11/2024,No,Banco,Banderas y/o señalización,"2,808,000,000,000",2024-5,2024-5,KAPPA,OMEGA,Menor de 19 años,,,TAU,
Agrupacion De Vivienda Reserva De Guayacan,ETAPA 1,12/15/2024,No,Banco,Whatsapp,"2,360,000,000,000",2024-12,2024-12,KAPPA,OMEGA,20 - 35 años,2,2,TAU,
Los Nogales,ETAPA 1,2/9/2024,No,Contado,Ferias empresariales,"6,840,000,000,000",2024-2,2024-2,SIGMA,TAU,Mayor de 55 años,3,,NU,
Agrupación De Vivienda Monguí,ETAPA 2,3/1/2026,No,Colsubsidio,Banderas y/o señalización,"1,952,259,000,000",2026-3,2026-3,KAPPA,OMEGA,20 a 35 años,1,1,GAMMA,
Agrupacion De Vivienda Reserva De Guayacan,ETAPA 1,6/15/2026,No,Banco,Referido,"2,360,000,000,000",2026-6,2026-6,NU,OMEGA,20 a 35 años,,,GAMMA,
Agrupación De Vivienda Monguí,ETAPA 2,3/14/2026,No,Colsubsidio,Banderas y/o señalización,"1,575,815,000,000",2026-3,2026-3,KAPPA,OMEGA,36 a 45 años,1,,RHO,X
Agrupación De Vivienda Pamplona I,ETAPA 2,3/14/2026,No,Colsubsidio,Banderas y/o señalización,"1,786,000,000,000",2026-3,2026-3,NU,OMEGA,20 a 35 años,,,ZETA,
Agrupación De Vivienda La Macarena,ETAPA 4,3/1/2026,No,Colsubsidio,Banderas y/o señalización,"1,567,060,000,000",2026-3,2026-3,KAPPA,OMEGA,36 a 45 años,1,1,TAU,
Versalles,ETAPA 1,6/7/2026,No,Colsubsidio,Banderas y/o señalización,"2,022,000,000,000",2026-6,2026-6,KAPPA,OMEGA,20 a 35 años,1,1,TAU,
AGRUPACIÓN DE VIVIENDA BOSQUE DE TURPIAL,ETAPA 1,6/27/2026,No,Colsubsidio,Banderas y/o señalización,"2,306,000,000,000",2026-6,2026-6,SIGMA,OMEGA,36 a 45 años,2,1,RHO,X
Agrupación De Vivienda Pamplona I,,3/19/2024,Si,Banco,Sin Informacion,"2,045,000,000,000",2024-3,2024-3,KAPPA,OMEGA,46 - 55 años,5,3,ALPHA,
Versalles,ETAPA 2,8/24/2025,No,Banco,Banderas y/o señalización,"2,312,000,000,000",2025-8,2025-8,KAPPA,OMEGA,20 a 35 años,,,GAMMA,X
Los Nogales,ETAPA 2,4/19/2026,No,Banco,Banderas y/o señalización,"5,791,188,500,000",2026-4,2026-4,NU,ETA,20 a 35 años,,,RHO,X
Agrupación De Vivienda Monguí,ETAPA 3,4/25/2026,No,Colsubsidio,Banderas y/o señalización,"1,785,923,000,000",2026-4,2026-4,NU,OMEGA,20 a 35 años,,,GAMMA,
Agrupación De Vivienda Monguí,ETAPA 3,4/25/2026,No,Colsubsidio,Banderas y/o señalización,"1,575,815,000,000",2026-4,2026-4,KAPPA,OMEGA,20 a 35 años,,,TAU,
La Arboleda,ETAPA 3,4/25/2026,No,Colsubsidio,Activación,"2,412,130,000,000",2026-4,2026-4,NU,OMEGA,20 a 35 años,,,TAU,
Agrupacion De Vivienda Bosque De Arrayan,ETAPA 4,4/25/2026,No,Banco,Banderas y/o señalización,"2,155,000,000,000",2026-4,2026-4,KAPPA,OMEGA,Mayor de 55 años,1,,TAU,
Agrupación De Vivienda Pamplona I,ETAPA 3,4/25/2026,No,Banco,Activación,"2,200,000,000,000",2026-4,2026-4,KAPPA,OMEGA,20 a 35 años,2,2,RHO,X
Agrupación De Vivienda Pamplona I,,3/15/2025,Si,Banco,Sin Informacion,"2,361,000,000,000",2025-3,2025-3,NU,ETA,20 a 35 años,,,ALPHA,
Agrupacion De Vivienda Payande,ETAPA 3,3/4/2025,No,Banco,Referido,"1,771,725,000,000",2025-3,2025-3,SIGMA,ETA,20 a 35 años,1,1,ALPHA,
Agrupación De Vivienda Monguí,ETAPA 3,4/25/2026,No,Colsubsidio,,"1,575,815,000,000",2026-4,2026-4,SIGMA,ETA,36 a 45 años,,,RHO,X
La Arboleda,ETAPA 3,4/26/2026,No,Banco,Ferias empresariales,"2,412,130,000,000",2026-4,2026-4,NU,OMEGA,36 a 45 años,,,RHO,
Agrupación De Vivienda Monguí,,3/16/2025,Si,Banco,Sin Informacion,"1,829,678,000,000",2025-3,2025-3,NU,OMEGA,20 a 35 años,,,RHO,
Agrupación De Vivienda La Macarena,ETAPA 3,8/4/2025,No,Colsubsidio,Banderas y/o señalización,"1,477,593,000,000",2025-8,2025-8,NU,ETA,20 a 35 años,,,GAMMA,
Agrupación De Vivienda Monguí,ETAPA 2,4/26/2026,No,Colsubsidio,Banderas y/o señalización,"1,785,923,000,000",2026-4,2026-4,KAPPA,OMEGA,36 a 45 años,2,2,ZETA,
Agrupacion De Vivienda Reserva De Guayacan,ETAPA 1,4/25/2026,No,Banco,Ferias empresariales,"2,360,000,000,000",2026-4,2026-4,KAPPA,OMEGA,Mayor de 55 años,1,,NU,
AGRUPACIÓN DE VIVIENDA SAMÁN ,ETAPA 1,4/27/2026,No,Banco,Redes Sociales,"2,532,490,950,000",2026-4,2026-4,KAPPA,OMEGA,20 a 35 años,,,TAU,
Agrupacion De Vivienda Bosque De Arrayan,ETAPA 4,4/25/2026,No,Colsubsidio,Banderas y/o señalización,"2,155,000,000,000",2026-4,2026-4,SIGMA,OMEGA,46 a 55 años,1,,TAU,
AGRUPACIÓN DE VIVIENDA BOSQUE DE TURPIAL,ETAPA 1,4/26/2026,No,Banco,Banderas y/o señalización,"2,261,000,000,000",2026-4,2026-4,KAPPA,OMEGA,36 a 45 años,1,1,TAU,
Agrupación De Vivienda La Macarena,ETAPA 3,7/31/2024,No,Banco,Redes Sociales,"1,400,724,000,000",2024-7,2024-7,KAPPA,OMEGA,20 - 35 años,1,1,TAU,
Agrupación De Vivienda Monguí,ETAPA 3,4/24/2026,No,Banco,Banderas y/o señalización,"1,777,169,000,000",2026-4,2026-4,KAPPA,OMEGA,46 a 55 años,1,,TAU,
Agrupacion De Vivienda Bosque De Arrayan,ETAPA 4,4/24/2026,No,Banco,Ferias empresariales,"2,190,000,000,000",2026-4,2026-4,KAPPA,OMEGA,36 a 45 años,3,2,TAU,
Agrupación De Vivienda Monguí,ETAPA 2,10/18/2025,No,Colsubsidio,Banderas y/o señalización,"1,837,738,500,000",2025-10,2025-10,NU,OMEGA,20 a 35 años,,,GAMMA,
Agrupacion De Vivienda Bosque De Arrayan,ETAPA 3,1/20/2024,No,Colsubsidio,Whatsapp,"1,768,000,000,000",2024-1,2024-1,SIGMA,OMEGA,20 - 35 años,1,1,RHO,X
Agrupación De Vivienda Monguí,ETAPA 1,1/26/2024,No,Banco,Banderas y/o señalización,"1,736,670,000,000",2024-1,2024-1,KAPPA,OMEGA,20 - 35 años,,,TAU,
Agrupación De Vivienda Monguí,ETAPA 2,8/15/2024,No,Banco,Ferias empresariales,"1,773,681,000,000",2024-8,2024-8,NU,OMEGA,20 - 35 años,,,NU,
AGRUPACIÓN DE VIVIENDA BOSQUE DE TURPIAL,,8/11/2024,Si,Colsubsidio,Sin Informacion,"2,311,000,000,000",2024-8,2024-8,KAPPA,OMEGA,Mayor de 55 años,,,TAU,
VILLA FIORITA,ETAPA 2,6/21/2024,No,Banco,Ferias empresariales,"1,950,000,000,000",2024-6,2024-6,KAPPA,OMEGA,20 - 35 años,2,1,TAU,
Versalles,,9/30/2024,Si,Contado,Sin Informacion,"2,110,000,000,000",2024-9,2024-9,SIGMA,OMEGA,36 - 45 años,1,1,RHO,X
AGRUPACIÓN DE VIVIENDA BOSQUE DE TURPIAL,,6/1/2024,Si,Colsubsidio,Sin Informacion,"2,311,000,000,000",2024-6,2024-6,NU,ETA,20 - 35 años,,,RHO,X
Agrupación De Vivienda Pamplona I,ETAPA 5,4/11/2024,No,Banco,Página web ,"2,293,000,000,000",2024-4,2024-4,KAPPA,OMEGA,20 - 35 años,1,1,GAMMA,
Agrupación De Vivienda La Macarena,ETAPA 3,4/22/2024,No,Colsubsidio,Banderas y/o señalización,"1,368,900,000,000",2024-4,2024-4,KAPPA,OMEGA,20 - 35 años,,,NU,
INARI,1,6/26/2024,Si,Banco,Sin Informacion,"2,808,000,000,000",2024-6,2024-6,NU,OMEGA,20 - 35 años,,,GAMMA,
AGRUPACIÓN DE VIVIENDA BOSQUE DE TURPIAL,ETAPA 1,4/16/2024,No,Colsubsidio,Banderas y/o señalización,"2,311,000,000,000",2024-4,2024-4,NU,OMEGA,20 - 35 años,,,NU,
VILLA FIORITA,ETAPA 1,5/15/2025,No,Banco,Whatsapp,"2,135,250,000,000",2025-5,2025-5,SIGMA,OMEGA,20 a 35 años,3,2,ZETA,
VILLA FIORITA,ETAPA 2,5/26/2025,No,Banco,Activación,"2,135,250,000,000",2025-5,2025-5,NU,OMEGA,20 a 35 años,,,ZETA,
La Arboleda,ETAPA 2,2/3/2025,No,Banco,Banderas y/o señalización,"1,970,124,000,000",2025-2,2025-2,SIGMA,OMEGA,20 a 35 años,2,2,TAU,
INARI,ETAPA 1,4/26/2025,No,Banco,Banderas y/o señalización,"2,808,000,000,000",2025-4,2025-4,NU,OMEGA,20 a 35 años,,,TAU,
Agrupacion De Vivienda Fuentevida,ETAPA 2,4/3/2025,No,Banco,Referido Alcaldía,"1,281,150,000,000",2025-4,2025-4,NU,OMEGA,20 a 35 años,,,GAMMA,
VILLA FIORITA,ETAPA 1,10/31/2024,No,Banco,Activación,"1,950,000,000,000",2024-10,2024-10,SIGMA,ETA,36 - 45 años,1,1,RHO,
Agrupacion De Vivienda Reserva De Guayacan,ETAPA 1,7/13/2026,No,Banco,Banderas y/o señalización,"2,395,000,000,000",2026-7,2026-6,NU,TAU,20 a 35 años,,,RHO,X
Agrupación De Vivienda La Macarena,ETAPA 4,7/4/2026,No,Colsubsidio,Activación,"1,584,569,000,000",2026-7,2026-6,NU,OMEGA,20 a 35 años,,,RHO,X
AGRUPACIÓN DE VIVIENDA BOSQUE DE TURPIAL,ETAPA 1,7/9/2026,No,Colsubsidio,Volantes,"2,136,000,000,000",2026-7,2026-6,NU,OMEGA,20 a 35 años,,,TAU,
Agrupación De Vivienda Monguí,ETAPA 1,2/21/2024,No,Banco,Banderas y/o señalización,"1,577,700,000,000",2024-2,2024-2,NU,OMEGA,20 - 35 años,,1,NU,
Agrupación De Vivienda Pamplona I,ETAPA 5,2/28/2024,No,Banco,Ferias empresariales,"2,293,000,000,000",2024-2,2024-2,SIGMA,OMEGA,20 - 35 años,2,1,GAMMA,
Agrupación De Vivienda La Macarena,ETAPA 1,2/28/2024,No,Banco,Banderas y/o señalización,"1,440,400,000,000",2024-2,2024-2,SIGMA,OMEGA,20 - 35 años,1,1,TAU,
Agrupación De Vivienda Monguí,ETAPA 2,2/29/2024,No,Banco,Banderas y/o señalización,"1,776,528,000,000",2024-2,2024-2,SIGMA,OMEGA,36 - 45 años,2,1,ALPHA,
La Arboleda,ETAPA 1,1/2/2025,No,Banco,Banderas y/o señalización,"1,664,071,500,000",2025-1,2025-1,KAPPA,OMEGA,36 - 45 años,,,RHO,
Versalles,ETAPA 1,1/24/2025,No,Banco,Banderas y/o señalización,"2,110,000,000,000",2025-1,2025-1,KAPPA,OMEGA,20 - 35 años,,,RHO,X
Agrupacion De Vivienda Payande,,5/4/2024,Si,Banco,Sin Informacion,"1,755,000,000,000",2024-5,2024-5,NU,ETA,20 - 35 años,,,RHO,X
La Arboleda,ETAPA 1,1/29/2025,No,Banco,Banderas y/o señalización,"1,624,213,500,000",2025-1,2025-1,KAPPA,OMEGA,20 - 35 años,3,,GAMMA,
Agrupacion De Vivienda Bosque De Arrayan,ETAPA 4,1/27/2025,No,Banco,Referido,"1,873,611,050,000",2025-1,2025-1,NU,ETA,20 - 35 años,,,RHO,X
Los Nogales,ETAPA 1,2/10/2024,No,Contado,Ferias empresariales,"5,467,380,000,000",2024-2,2024-2,SIGMA,TAU,Mayor de 55 años,1,,GAMMA,
Conjunto Residencial Campo Alegre El Dorado,ETAPA 2,12/13/2024,No,Colsubsidio,Referido Alcaldía,"1,118,728,650,000",2024-12,2024-12,NU,OMEGA,20 - 35 años,,,GAMMA,
AGRUPACIÓN DE VIVIENDA BOSQUE DE TURPIAL,,5/26/2024,Si,Colsubsidio,Sin Informacion,"2,263,000,000,000",2024-5,2024-5,NU,OMEGA,20 - 35 años,,,RHO,X
Versalles,ETAPA 1,3/31/2026,No,Colsubsidio,Banderas y/o señalización,"2,136,000,000,000",2026-3,2026-3,NU,OMEGA,20 a 35 años,,,RHO,X
ARAUCARIA,ETAPA 1,3/24/2026,No,Banco,Banderas y/o señalización,"5,925,000,000,000",2026-3,2026-3,NU,ETA,20 a 35 años,,,RHO,X
Agrupación De Vivienda La Macarena,ETAPA 3,3/19/2026,No,Colsubsidio,Banderas y/o señalización,"1,567,060,000,000",2026-3,2026-3,KAPPA,OMEGA,20 a 35 años,,,RHO,X
Versalles,ETAPA 2,6/6/2026,No,Banco,Banderas y/o señalización,"2,270,000,000,000",2026-6,2026-6,KAPPA,OMEGA,20 a 35 años,1,,GAMMA,
La Arboleda,ETAPA 1,3/30/2026,No,Colsubsidio,Banderas y/o señalización,"1,738,093,500,000",2026-3,2026-3,NU,OMEGA,20 a 35 años,,,NU,
Agrupación De Vivienda Monguí,ETAPA 2,6/26/2026,No,Banco,Banderas y/o señalización,"1,952,259,000,000",2026-6,2026-6,SIGMA,OMEGA,20 a 35 años,1,,NU,
Agrupación De Vivienda Monguí,ETAPA 2,3/15/2026,No,Colsubsidio,Activación,"1,961,014,000,000",2026-3,2026-3,KAPPA,OMEGA,36 a 45 años,3,2,RHO,X
Agrupación De Vivienda Pamplona I,ETAPA 2,3/14/2026,No,Banco,Banderas y/o señalización,"1,786,000,000,000",2026-3,2026-3,KAPPA,OMEGA,20 a 35 años,2,2,GAMMA,
Agrupación De Vivienda Monguí,ETAPA 2,3/14/2026,No,Colsubsidio,Banderas y/o señalización,"1,961,014,000,000",2026-3,2026-3,NU,OMEGA,36 a 45 años,,,GAMMA,
Los Nogales,ETAPA 1,6/5/2026,No,Banco,Banderas y/o señalización,"8,005,760,000,000",2026-6,2026-6,SIGMA,TAU,Mayor de 55 años,1,,NU,
VILLA MERCEDES EL DORADO,ETAPA 1,6/17/2026,No,Banco,Referido Alcaldía,"1,715,000,000,000",2026-6,2026-6,KAPPA,OMEGA,Mayor de 55 años,,,TAU,
Los Nogales,ETAPA 1,3/23/2024,No,Contado,Valla ,"5,377,060,000,000",2024-3,2024-3,SIGMA,TAU,20 - 35 años,1,,RHO,X
Agrupación De Vivienda La Macarena,ETAPA 3,3/20/2024,No,Banco,Página web ,"1,489,800,000,000",2024-3,2024-3,KAPPA,OMEGA,20 - 35 años,,,NU,
VILLA FIORITA,ETAPA 3,8/9/2025,No,Colsubsidio,Whatsapp,"2,135,250,000,000",2025-8,2025-8,NU,ETA,20 a 35 años,,,TAU,X
La Arboleda,ETAPA 3,4/26/2026,No,Colsubsidio,Activación,"2,233,450,000,000",2026-4,2026-4,NU,OMEGA,20 a 35 años,,,RHO,
Agrupación De Vivienda La Macarena,ETAPA 3,4/5/2026,No,Colsubsidio,Banderas y/o señalización,"1,567,060,000,000",2026-4,2026-4,KAPPA,OMEGA,20 a 35 años,1,,ZETA,
Agrupación De Vivienda La Macarena,ETAPA 4,4/26/2026,No,Banco,Banderas y/o señalización,"1,479,515,000,000",2026-4,2026-4,NU,OMEGA,20 a 35 años,,,TAU,
Agrupación De Vivienda Monguí,ETAPA 3,4/25/2026,No,Colsubsidio,Banderas y/o señalización,"1,961,014,000,000",2026-4,2026-4,SIGMA,ETA,20 a 35 años,3,2,ALPHA,
INARI,ETAPA 1,3/9/2025,No,Banco,Banderas y/o señalización,"2,549,000,000,000",2025-3,2025-3,SIGMA,OMEGA,36 a 45 años,1,1,RHO,X
AGRUPACIÓN DE VIVIENDA SAMÁN ,ETAPA 1,4/25/2026,No,Banco,Redes Sociales,"2,532,490,950,000",2026-4,2026-4,KAPPA,OMEGA,36 a 45 años,,,RHO,
Agrupación De Vivienda Pamplona I,ETAPA 4,3/15/2025,No,Colsubsidio,Ferias empresariales,"2,361,000,000,000",2025-3,2025-3,SIGMA,OMEGA,36 a 45 años,1,1,GAMMA,
Agrupación De Vivienda Monguí,,4/25/2026,Si,Colsubsidio,Sin Informacion,"1,777,169,000,000",2026-4,2026-4,NU,OMEGA,20 a 35 años,,,GAMMA,
Agrupacion De Vivienda Fuentevida,ETAPA 2,11/22/2024,No,Banco,Referido Alcaldía,"1,208,551,500,000",2024-11,2024-11,KAPPA,OMEGA,20 - 35 años,1,1,GAMMA,
Agrupacion De Vivienda Fuentevida,,3/27/2025,Si,Banco,Sin Informacion,"1,281,150,000,000",2025-3,2025-3,KAPPA,OMEGA,20 a 35 años,2,2,GAMMA,
Agrupación De Vivienda La Macarena,ETAPA 3,7/26/2024,No,Colsubsidio,Referido,"1,537,380,000,000",2024-7,2024-7,KAPPA,OMEGA,36 - 45 años,1,1,TAU,
VILLA MERCEDES EL DORADO,ETAPA 1,4/14/2026,No,Banco,Referido Alcaldía,"1,715,000,000,000",2026-4,2026-4,KAPPA,OMEGA,46 a 55 años,,,TAU,
Agrupacion De Vivienda Bosque De Arrayan,,11/9/2024,Si,Colsubsidio,Sin Informacion,"2,205,000,000,000",2024-11,2024-11,KAPPA,OMEGA,36 - 45 años,4,3,NU,
Agrupación De Vivienda Monguí,ETAPA 3,4/23/2026,No,Banco,Banderas y/o señalización,"1,575,815,000,000",2026-4,2026-4,KAPPA,OMEGA,Mayor de 55 años,2,,TAU,
Agrupacion De Vivienda Bosque De Arrayan,ETAPA 4,3/13/2025,No,Colsubsidio,Banderas y/o señalización,"1,807,632,000,000",2025-3,2025-3,SIGMA,OMEGA,Mayor de 55 años,,,TAU,
Agrupación De Vivienda Monguí,ETAPA 1,3/16/2025,No,Colsubsidio,Banderas y/o señalización,"1,864,785,000,000",2025-3,2025-3,KAPPA,OMEGA,20 a 35 años,1,1,TAU,
AGRUPACIÓN DE VIVIENDA SAMÁN ,ETAPA 1,4/24/2026,No,Banco,Ferias empresariales,"2,532,490,950,000",2026-4,2026-4,KAPPA,OMEGA,36 a 45 años,2,1,TAU,
La Arboleda,ETAPA 2,11/15/2024,No,Banco,Banderas y/o señalización,"1,961,583,000,000",2024-11,2024-11,KAPPA,OMEGA,20 - 35 años,2,2,TAU,
VERDE ESPERANZA EL DORADO,ETAPA 1,1/4/2026,No,Colsubsidio,Banderas y/o señalización,"1,753,000,000,000",2026-1,2026-1,KAPPA,OMEGA,20 a 35 años,1,,GAMMA,
Versalles,ETAPA 2,7/19/2025,No,Banco,Banderas y/o señalización,"2,312,000,000,000",2025-7,2025-7,NU,OMEGA,20 a 35 años,,,GAMMA,
La Arboleda,ETAPA 3,7/27/2025,No,Colsubsidio,Whatsapp,"2,412,130,000,000",2025-7,2025-7,NU,OMEGA,20 a 35 años,,,NU,
Agrupacion De Vivienda Reserva De Guayacan,ETAPA 1,1/31/2026,No,Banco,CS Girardot,"2,360,000,000,000",2026-1,2026-1,KAPPA,OMEGA,36 a 45 años,2,,ETA,
Agrupación De Vivienda La Macarena,ETAPA 4,1/31/2026,No,Colsubsidio,Banderas y/o señalización,"1,584,569,000,000",2026-1,2026-1,KAPPA,OMEGA,20 a 35 años,,,GAMMA,
VERDE ESPERANZA EL DORADO,ETAPA 1,10/15/2025,No,Colsubsidio,Valla ,"1,618,000,000,000",2025-10,2025-10,SIGMA,OMEGA,20 a 35 años,1,1,GAMMA,
Agrupación De Vivienda Monguí,,10/5/2025,Si,Colsubsidio,Sin Informacion,"1,794,678,000,000",2025-10,2025-10,NU,OMEGA,36 a 45 años,,,RHO,
Agrupación De Vivienda La Macarena,ETAPA 3,8/13/2024,No,Banco,Banderas y/o señalización,"1,400,724,000,000",2024-8,2024-8,KAPPA,OMEGA,20 - 35 años,2,1,NU,
VERDE ESPERANZA EL DORADO,ETAPA 1,11/24/2025,No,Colsubsidio,Banderas y/o señalización,"1,578,000,000,000",2025-11,2025-11,KAPPA,OMEGA,20 a 35 años,1,,ZETA,
VERDE ESPERANZA EL DORADO,ETAPA 1,10/16/2025,No,Colsubsidio,Valla ,"1,578,000,000,000",2025-10,2025-10,NU,OMEGA,20 a 35 años,,,ZETA,
Agrupación De Vivienda La Macarena,3,8/22/2024,Si,Banco,Sin Informacion,"1,493,700,000,000",2024-8,2024-8,SIGMA,OMEGA,Mayor de 55 años,,,ETA,
Agrupacion De Vivienda Payande,,8/19/2024,Si,Banco,Sin Informacion,"1,793,610,000,000",2024-8,2024-8,SIGMA,OMEGA,36 - 45 años,1,,TAU,
Agrupacion De Vivienda Bosque De Arrayan,,8/3/2024,Si,Banco,Sin Informacion,"1,935,960,000,000",2024-8,2024-8,KAPPA,OMEGA,20 - 35 años,2,1,TAU,
Conjunto Residencial Campo Alegre El Dorado,ETAPA 2,8/21/2024,No,Banco,Referido Alcaldía,"1,118,728,650,000",2024-8,2024-8,NU,OMEGA,20 - 35 años,,,TAU,
INARI,1,6/1/2024,Si,Banco,Sin Informacion,"2,293,000,000,000",2024-6,2024-6,SIGMA,OMEGA,20 - 35 años,1,1,TAU,
Agrupacion De Vivienda Payande,ETAPA 2,4/10/2024,No,Banco,Whatsapp,"1,746,207,450,000",2024-4,2024-4,NU,ETA,36 - 45 años,,,GAMMA,X
INARI,1,6/27/2024,Si,Banco,Sin Informacion,"2,808,000,000,000",2024-6,2024-6,NU,ETA,36 - 45 años,,,GAMMA,
Agrupación De Vivienda Monguí,ETAPA 2,4/16/2024,No,Banco,CS Soacha,"1,900,372,500,000",2024-4,2024-4,KAPPA,OMEGA,20 - 35 años,3,,GAMMA,
Agrupación De Vivienda La Macarena,ETAPA 3,6/8/2024,No,Banco,Referido,"1,528,839,000,000",2024-6,2024-6,SIGMA,OMEGA,Mayor de 55 años,1,,TAU,
La Arboleda,ETAPA 2,4/16/2025,No,Banco,Contact Center,"1,793,610,000,000",2025-4,2025-4,KAPPA,OMEGA,36 a 45 años,4,2,NU,
Conjunto Residencial Campo Alegre El Dorado,ETAPA 2,4/24/2025,No,Colsubsidio,Valla ,"1,184,494,350,000",2025-4,2025-4,KAPPA,OMEGA,36 a 45 años,4,3,ZETA,
Agrupacion De Vivienda Payande,ETAPA 3,6/15/2024,No,Banco,Ferias empresariales,"1,793,610,000,000",2024-6,2024-6,SIGMA,OMEGA,36 - 45 años,2,1,NU,
Agrupación De Vivienda Monguí,ETAPA 2,5/4/2026,No,Colsubsidio,Whatsapp,"1,969,768,000,000",2026-5,2026-5,SIGMA,OMEGA,36 a 45 años,1,1,ZETA,
Agrupacion De Vivienda Reserva De Guayacan,ETAPA 1,5/19/2025,No,Banco,Redes Sociales,"2,360,000,000,000",2025-5,2025-5,KAPPA,OMEGA,20 a 35 años,,,TAU,
La Arboleda,ETAPA 2,6/14/2025,No,Banco,Ferias empresariales,"1,790,763,000,000",2025-6,2025-6,KAPPA,OMEGA,36 a 45 años,2,,TAU,
Conjunto Residencial Campo Alegre El Dorado,ETAPA 2,9/13/2024,No,Banco,Referido Alcaldía,"1,081,730,000,000",2024-9,2024-9,KAPPA,OMEGA,20 - 35 años,1,1,TAU,
AGRUPACIÓN DE VIVIENDA SAMÁN ,ETAPA 1,6/13/2025,No,Colsubsidio,Ferias empresariales,"2,550,000,000,000",2025-6,2025-6,NU,ETA,20 a 35 años,,,TAU,
INARI,1,6/25/2024,Si,Colsubsidio,Sin Informacion,"2,808,000,000,000",2024-6,2024-6,SIGMA,OMEGA,20 - 35 años,1,1,TAU,
Agrupación De Vivienda La Macarena,3,6/20/2024,Si,Banco,Sin Informacion,"1,602,060,000,000",2024-6,2024-6,KAPPA,OMEGA,20 - 35 años,2,,TAU,
INARI,ETAPA 1,9/7/2024,No,Banco,Banderas y/o señalización,"2,916,000,000,000",2024-9,2024-9,SIGMA,ETA,36 - 45 años,2,1,RHO,X
Agrupación De Vivienda La Macarena,ETAPA 3,6/15/2025,No,Colsubsidio,Ferias empresariales,"1,473,322,500,000",2025-6,2025-6,SIGMA,OMEGA,20 a 35 años,1,1,RHO,
Agrupacion De Vivienda Bosque De Arrayan,ETAPA 4,2/15/2025,No,Banco,Banderas y/o señalización,"2,066,922,000,000",2025-2,2025-2,NU,ETA,20 a 35 años,,,GAMMA,
VILLA FIORITA,,4/10/2024,Si,Colsubsidio,Sin Informacion,"1,987,206,000,000",2024-4,2024-4,SIGMA,OMEGA,46 - 55 años,2,1,NU,
INARI,ETAPA 1,6/21/2025,No,Colsubsidio,Activación,"2,549,000,000,000",2025-6,2025-6,NU,OMEGA,20 a 35 años,,,TAU,
INARI,ETAPA 1,2/7/2025,No,Banco,Banderas y/o señalización,"2,808,000,000,000",2025-2,2025-2,SIGMA,ETA,46 a 55 años,,,NU,
CONJUNTO RESIDENCIAL VIBO ONCE,ETAPA 1,5/26/2026,No,Banco,Banderas y/o señalización,"2,813,000,000,000",2026-5,2026-5,NU,OMEGA,20 a 35 años,,,TAU,
La Arboleda,ETAPA 2,6/17/2025,No,Banco,Banderas y/o señalización,"1,832,044,500,000",2025-6,2025-6,SIGMA,ETA,36 a 45 años,3,2,TAU,
Agrupación De Vivienda Monguí,ETAPA 1,6/20/2024,No,Banco,Ferias empresariales,"1,768,000,000,000",2024-6,2024-6,KAPPA,OMEGA,46 - 55 años,1,1,TAU,
Proyecto Karakalí,ETAPA 1,4/4/2024,No,Colsubsidio,Activación,"1,847,204,770,000",2024-4,2024-4,KAPPA,OMEGA,20 - 35 años,,,TAU,
AGRUPACIÓN DE VIVIENDA SAMÁN ,ETAPA 1,6/15/2025,No,Banco,Ferias empresariales,"2,550,000,000,000",2025-6,2025-6,SIGMA,OMEGA,36 a 45 años,2,2,TAU,
Agrupación De Vivienda Monguí,ETAPA 1,2/10/2024,No,Colsubsidio,Banderas y/o señalización,"1,765,400,000,000",2024-2,2024-2,NU,OMEGA,20 - 35 años,,,RHO,X
Agrupación De Vivienda Monguí,ETAPA 2,5/23/2024,No,Banco,Ferias empresariales,"1,904,643,000,000",2024-5,2024-5,SIGMA,OMEGA,20 - 35 años,2,2,RHO,X
Agrupación De Vivienda Monguí,ETAPA 3,4/25/2026,No,Colsubsidio,Banderas y/o señalización,"1,584,569,000,000",2026-4,2026-4,NU,OMEGA,20 a 35 años,,,TAU,
La Arboleda,ETAPA 2,7/30/2024,No,Banco,Campaña FNA,"1,945,924,500,000",2024-7,2024-7,SIGMA,OMEGA,20 - 35 años,1,1,ALPHA,
La Arboleda,ETAPA 4,4/26/2026,No,Colsubsidio,Activación,"1,976,071,000,000",2026-4,2026-4,KAPPA,OMEGA,20 a 35 años,,,RHO,
INARI,ETAPA 1,7/26/2024,No,Banco,Banderas y/o señalización,"2,808,000,000,000",2024-7,2024-7,KAPPA,OMEGA,36 - 45 años,,,GAMMA,
Agrupación De Vivienda La Macarena,3,9/27/2025,Si,Colsubsidio,Sin Informacion,"1,610,815,000,000",2025-9,2025-9,KAPPA,OMEGA,20 a 35 años,1,,GAMMA,
VERDE ESPERANZA EL DORADO,ETAPA 1,9/17/2025,No,Banco,Banderas y/o señalización,"1,578,000,000,000",2025-9,2025-9,KAPPA,OMEGA,46 a 55 años,3,2,GAMMA,
AGRUPACIÓN DE VIVIENDA BOSQUE DE TURPIAL,ETAPA 1,7/31/2024,No,Colsubsidio,Banderas y/o señalización,"2,311,190,000,000",2024-7,2024-7,SIGMA,ETA,20 - 35 años,1,1,GAMMA,
INARI,ETAPA 1,3/29/2025,No,Banco,Banderas y/o señalización,"2,808,000,000,000",2025-3,2025-3,SIGMA,OMEGA,20 a 35 años,1,1,GAMMA,X
Agrupacion De Vivienda Payande,ETAPA 1,7/30/2024,No,Banco,Banderas y/o señalización,"1,594,710,000,000",2024-7,2024-7,KAPPA,OMEGA,20 - 35 años,,,GAMMA,
Agrupacion De Vivienda Bosque De Arrayan,ETAPA 3,3/25/2025,No,Colsubsidio,Banderas y/o señalización,"2,062,651,500,000",2025-3,2025-3,SIGMA,OMEGA,36 a 45 años,2,1,NU,
Agrupación De Vivienda La Macarena,ETAPA 3,4/26/2026,No,Colsubsidio,Contact Center,"1,488,269,000,000",2026-4,2026-4,KAPPA,OMEGA,36 a 45 años,3,3,NU,
Agrupación De Vivienda La Macarena,ETAPA 4,4/26/2026,No,Colsubsidio,Banderas y/o señalización,"1,584,569,000,000",2026-4,2026-4,KAPPA,OMEGA,46 a 55 años,2,1,ZETA,
Versalles,ETAPA 1,4/26/2026,No,Banco,Banderas y/o señalización,"1,987,000,000,000",2026-4,2026-4,NU,ETA,36 a 45 años,,,NU,
Agrupación De Vivienda Monguí,ETAPA 3,4/24/2026,No,Banco,Activación,"1,794,678,000,000",2026-4,2026-4,KAPPA,OMEGA,36 a 45 años,3,3,TAU,
AGRUPACIÓN DE VIVIENDA BOSQUE DE TURPIAL,ETAPA 1,4/26/2026,No,Colsubsidio,Activación,"2,588,000,000,000",2026-4,2026-4,KAPPA,OMEGA,46 a 55 años,,,NU,
Agrupacion De Vivienda Fuentevida,ETAPA 2,11/28/2024,No,Banco,Referido Alcaldía,"1,208,551,500,000",2024-11,2024-11,KAPPA,OMEGA,46 - 55 años,,,TAU,
Los Nogales,ETAPA 2,4/25/2026,No,Banco,Banderas y/o señalización,"7,544,880,000,000",2026-4,2026-4,SIGMA,ETA,36 a 45 años,2,,IOTA,
Agrupacion De Vivienda Bosque De Arrayan,,3/31/2025,Si,Colsubsidio,Sin Informacion,"2,066,922,000,000",2025-3,2025-3,KAPPA,OMEGA,20 a 35 años,1,1,TAU,
Versalles,ETAPA 1,3/3/2025,No,Banco,Redes Sociales,"2,110,000,000,000",2025-3,2025-3,KAPPA,OMEGA,20 a 35 años,5,4,TAU,
Agrupación De Vivienda Pamplona I,ETAPA 4,11/24/2025,No,Banco,Banderas y/o señalización,"2,361,000,000,000",2025-11,2025-11,KAPPA,OMEGA,20 a 35 años,1,,RHO,X
La Arboleda,ETAPA 2,11/7/2025,No,Colsubsidio,Contact Center,"1,786,492,500,000",2025-11,2025-11,NU,OMEGA,20 a 35 años,,,GAMMA,
VERDE ESPERANZA EL DORADO,ETAPA 1,11/7/2025,No,Colsubsidio,Banderas y/o señalización,"1,578,000,000,000",2025-11,2025-11,KAPPA,OMEGA,20 a 35 años,,,TAU,
VERDE ESPERANZA EL DORADO,ETAPA 1,10/28/2025,No,Colsubsidio,Banderas y/o señalización,"1,578,000,000,000",2025-10,2025-10,KAPPA,OMEGA,36 a 45 años,3,1,TAU,
Versalles,ETAPA 2,1/3/2026,No,Colsubsidio,Banderas y/o señalización,"2,312,000,000,000",2026-1,2026-1,SIGMA,OMEGA,36 a 45 años,1,1,TAU,
Agrupación De Vivienda La Macarena,3,8/3/2024,Si,Colsubsidio,Sin Informacion,"1,488,269,000,000",2024-8,2024-8,KAPPA,OMEGA,20 - 35 años,,,RHO,X
AGRUPACIÓN DE VIVIENDA BOSQUE DE TURPIAL,ETAPA 1,10/11/2025,No,Banco,Ferias empresariales,"2,101,000,000,000",2025-10,2025-10,SIGMA,OMEGA,20 a 35 años,1,1,ALPHA,
Agrupacion De Vivienda Bosque De Arrayan,,8/11/2024,Si,Banco,Sin Informacion,"2,205,000,000,000",2024-8,2024-8,NU,OMEGA,20 - 35 años,,,RHO,X
VERDE ESPERANZA EL DORADO,ETAPA 1,11/7/2025,No,Colsubsidio,Banderas y/o señalización,"1,578,000,000,000",2025-11,2025-11,SIGMA,OMEGA,36 a 45 años,2,,RHO,X
Agrupación De Vivienda Monguí,ETAPA 2,8/16/2024,No,Banco,Ferias empresariales,"1,974,394,500,000",2024-8,2024-8,NU,ETA,20 - 35 años,,,TAU,X
Agrupación De Vivienda Monguí,ETAPA 2,10/26/2025,No,Colsubsidio,Banderas y/o señalización,"1,859,091,000,000",2025-10,2025-10,SIGMA,OMEGA,36 a 45 años,,,GAMMA,
Agrupacion De Vivienda Bosque De Arrayan,ETAPA 1,10/18/2025,No,Banco,Banderas y/o señalización,"2,064,075,000,000",2025-10,2025-10,KAPPA,OMEGA,Mayor de 55 años,1,,NU,
Agrupacion De Vivienda Bosque De Arrayan,,1/22/2024,Si,Colsubsidio,Sin Informacion,"1,935,700,000,000",2024-1,2024-1,KAPPA,OMEGA,20 - 35 años,,,ZETA,
VERDE ESPERANZA EL DORADO,ETAPA 1,11/4/2025,No,Banco,Banderas y/o señalización,"1,578,000,000,000",2025-11,2025-11,KAPPA,OMEGA,Mayor de 55 años,1,,ETA,
INARI,ETAPA 1,8/31/2024,No,Banco,Banderas y/o señalización,"2,808,000,000,000",2024-8,2024-8,KAPPA,OMEGA,46 - 55 años,5,3,TAU,
VILLA FIORITA,ETAPA 3,6/14/2025,No,Colsubsidio,Activación,"2,135,250,000,000",2025-6,2025-6,KAPPA,OMEGA,20 a 35 años,,,RHO,X
Versalles,ETAPA 1,6/18/2024,No,Banco,Referido,"2,110,000,000,000",2024-6,2024-6,SIGMA,OMEGA,20 - 35 años,2,1,GAMMA,
VILLA FIORITA,ETAPA 3,6/10/2025,No,Colsubsidio,Whatsapp,"2,135,250,000,000",2025-6,2025-6,KAPPA,OMEGA,20 a 35 años,1,,NU,
VERDE ESPERANZA EL DORADO,ETAPA 1,5/23/2026,No,Banco,Banderas y/o señalización,"1,793,000,000,000",2026-5,2026-5,KAPPA,OMEGA,20 a 35 años,2,2,TAU,
La Arboleda,ETAPA 1,2/25/2025,No,Colsubsidio,Banderas y/o señalización,"1,664,071,500,000",2025-2,2025-2,NU,OMEGA,20 a 35 años,,,RHO,X
AGRUPACIÓN DE VIVIENDA SAMÁN ,ETAPA 1,5/16/2026,No,Banco,Banderas y/o señalización,"2,532,490,950,000",2026-5,2026-5,SIGMA,ETA,Mayor de 55 años,,,RHO,X
Agrupación De Vivienda Monguí,ETAPA 1,5/24/2026,No,Banco,Activación,"1,952,259,000,000",2026-5,2026-5,KAPPA,OMEGA,36 a 45 años,2,2,RHO,X
Versalles,ETAPA 1,6/15/2025,No,Colsubsidio,Banderas y/o señalización,"1,987,000,000,000",2025-6,2025-6,KAPPA,OMEGA,20 a 35 años,3,1,GAMMA,
Agrupación De Vivienda La Macarena,ETAPA 1,4/5/2024,No,Colsubsidio,Banderas y/o señalización,"1,326,000,000,000",2024-4,2024-4,NU,OMEGA,36 - 45 años,,,GAMMA,
Agrupación De Vivienda La Macarena,3,6/14/2025,Si,Colsubsidio,Sin Informacion,"1,575,815,000,000",2025-6,2025-6,SIGMA,OMEGA,20 a 35 años,1,1,RHO,X
AGRUPACIÓN DE VIVIENDA SAMÁN ,ETAPA 1,5/2/2026,No,Colsubsidio,Redes Sociales,"2,532,490,950,000",2026-5,2026-5,SIGMA,OMEGA,Mayor de 55 años,1,,GAMMA,
Agrupación De Vivienda La Macarena,,6/24/2024,Si,Colsubsidio,Sin Informacion,"1,353,300,000,000",2024-6,2024-6,KAPPA,OMEGA,46 - 55 años,1,1,TAU,
Agrupación De Vivienda Monguí,,4/10/2024,Si,Banco,Sin Informacion,"2,004,768,000,000",2024-4,2024-4,KAPPA,OMEGA,20 - 35 años,1,1,TAU,
Agrupación De Vivienda Monguí,ETAPA 1,9/2/2024,No,Banco,Banderas y/o señalización,"1,755,000,000,000",2024-9,2024-9,NU,OMEGA,20 - 35 años,0,0,NU,
VILLA FIORITA,ETAPA 2,6/18/2025,No,Banco,Activación,"2,135,250,000,000",2025-6,2025-6,SIGMA,ETA,20 a 35 años,2,1,GAMMA,
Agrupacion De Vivienda Reserva De Guayacan,ETAPA 1,6/15/2025,No,Banco,Ferias empresariales,"2,360,000,000,000",2025-6,2025-6,SIGMA,TAU,36 a 45 años,1,,RHO,
Los Nogales,ETAPA 1,5/31/2026,No,Banco,Banderas y/o señalización,"6,029,990,000,000",2026-5,2026-5,NU,TAU,36 a 45 años,,,GAMMA,
VILLA FIORITA,ETAPA 1,4/10/2024,No,Colsubsidio,Valla ,"1,950,000,000,000",2024-4,2024-4,SIGMA,OMEGA,20 - 35 años,1,1,TAU,
INARI,ETAPA 1,5/11/2026,No,Colsubsidio,Activación,"2,506,000,000,000",2026-5,2026-5,NU,OMEGA,20 a 35 años,,,GAMMA,
Agrupación De Vivienda Monguí,ETAPA 2,6/26/2024,No,Colsubsidio,Banderas y/o señalización,"1,992,900,000,000",2024-6,2024-6,SIGMA,OMEGA,46 - 55 años,,2,NU,
Agrupación De Vivienda La Macarena,ETAPA 3,9/27/2024,No,Banco,Referido,"1,498,900,000,000",2024-9,2024-9,NU,OMEGA,20 - 35 años,0,0,TAU,
Agrupacion De Vivienda Bosque De Arrayan,ETAPA 3,9/29/2024,No,Banco,,"1,913,600,000,000",2024-9,2024-9,SIGMA,OMEGA,36 - 45 años,2,1,TAU,
Agrupación De Vivienda Monguí,ETAPA 2,2/22/2026,No,Colsubsidio,Activación,"1,794,678,000,000",2026-2,2026-2,SIGMA,OMEGA,20 a 35 años,1,1,RHO,X
VILLA MERCEDES EL DORADO,ETAPA 1,2/20/2026,No,Banco,Referido Alcaldía,"1,715,000,000,000",2026-2,2026-2,KAPPA,ETA,20 a 35 años,1,,IOTA,
Agrupación De Vivienda Monguí,ETAPA 2,2/21/2026,No,Colsubsidio,Activación,"1,567,060,000,000",2026-2,2026-2,KAPPA,OMEGA,46 a 55 años,1,,TAU,
VILLA MERCEDES EL DORADO,ETAPA 1,2/27/2026,No,Banco,Referido Alcaldía,"1,715,000,000,000",2026-2,2026-2,KAPPA,ETA,Mayor de 55 años,,,IOTA,
Agrupación De Vivienda Monguí,ETAPA 2,2/16/2026,No,Colsubsidio,Banderas y/o señalización,"1,785,923,000,000",2026-2,2026-2,KAPPA,OMEGA,Menor de 19 años,,,ZETA,
VILLA MERCEDES EL DORADO,ETAPA 1,2/17/2026,No,Banco,Referido Alcaldía,"1,715,000,000,000",2026-2,2026-2,KAPPA,ETA,46 a 55 años,,,IOTA,
Proyecto Karakalí,ETAPA 1,10/9/2024,No,Banco,Banderas y/o señalización,"2,451,267,000,000",2024-10,2024-10,NU,ETA,20 - 35 años,,,RHO,X
Agrupación De Vivienda Monguí,ETAPA 2,2/22/2026,No,Banco,Activación,"1,584,569,000,000",2026-2,2026-2,SIGMA,ETA,46 a 55 años,1,1,ALPHA,
CONJUNTO RESIDENCIAL VIBO ONCE,ETAPA 1,2/13/2026,No,Colsubsidio,Banderas y/o señalización,"2,813,000,000,000",2026-2,2026-2,SIGMA,ETA,36 a 45 años,2,1,ALPHA,
INARI,ETAPA 1,2/6/2024,No,Banco,Banderas y/o señalización,"2,916,000,000,000",2024-2,2024-2,KAPPA,OMEGA,46 - 55 años,,,TAU,
Agrupación De Vivienda Monguí,,2/3/2024,Si,Colsubsidio,Sin Informacion,"1,917,454,500,000",2024-2,2024-2,NU,OMEGA,20 - 35 años,,,ZETA,
Los Nogales,ETAPA 1,2/10/2024,No,Banco,Ferias empresariales,"5,183,822,680,000",2024-2,2024-2,SIGMA,TAU,36 - 45 años,2,,ALPHA,
La Arboleda,ETAPA 1,5/7/2024,No,Colsubsidio,Banderas y/o señalización,"1,631,500,000,000",2024-5,2024-5,NU,OMEGA,20 - 35 años,,,RHO,X
Agrupacion De Vivienda Reserva De Guayacan,ETAPA 1,12/15/2024,No,Banco,Página web ,"2,360,000,000,000",2024-12,2024-12,KAPPA,OMEGA,36 - 45 años,,,GAMMA,
AGRUPACIÓN DE VIVIENDA BOSQUE DE TURPIAL,ETAPA 1,12/22/2024,No,Colsubsidio,Banderas y/o señalización,"2,311,190,000,000",2024-12,2024-12,NU,ETA,20 - 35 años,,,RHO,X
Agrupación De Vivienda Pamplona I,ETAPA 1,2/3/2024,No,Banco,Banderas y/o señalización,"2,064,075,000,000",2024-2,2024-2,KAPPA,OMEGA,36 - 45 años,4,2,TAU,
Versalles,,12/28/2024,Si,Banco,Sin Informacion,"2,110,000,000,000",2024-12,2024-12,KAPPA,OMEGA,36 - 45 años,,,TAU,
AGRUPACIÓN DE VIVIENDA BOSQUE DE TURPIAL,ETAPA 1,12/17/2024,No,Banco,Página web ,"2,311,190,000,000",2024-12,2024-12,KAPPA,OMEGA,20 - 35 años,,,TAU,
Agrupacion De Vivienda Bosque De Arrayan,ETAPA 3,3/6/2026,No,Banco,Banderas y/o señalización,"2,034,180,000,000",2026-3,2026-3,KAPPA,OMEGA,Menor de 19 años,,,GAMMA,
Agrupación De Vivienda Monguí,ETAPA 2,3/14/2026,No,Colsubsidio,Contact Center,"1,567,060,000,000",2026-3,2026-3,KAPPA,OMEGA,36 a 45 años,1,1,ZETA,
Agrupación De Vivienda Pamplona I,ETAPA 3,6/26/2026,No,Banco,Banderas y/o señalización,"2,200,000,000,000",2026-6,2026-6,NU,OMEGA,20 a 35 años,,,GAMMA,
VERDE ESPERANZA EL DORADO,ETAPA 1,12/12/2025,No,Colsubsidio,Banderas y/o señalización,"1,753,000,000,000",2025-12,2025-12,KAPPA,OMEGA,Mayor de 55 años,2,,ETA,
ARAUCARIA,ETAPA 1,12/21/2025,No,Banco,Activación,"6,254,000,000,000",2025-12,2025-12,SIGMA,ETA,20 a 35 años,1,,TAU,
Los Nogales,ETAPA 1,12/13/2025,No,Contado,Activación,"5,320,420,000,000",2025-12,2025-12,SIGMA,TAU,46 a 55 años,1,,ALPHA,
Agrupación De Vivienda Monguí,ETAPA 2,12/21/2025,No,Colsubsidio,Referido,"1,979,590,000,000",2025-12,2025-12,SIGMA,OMEGA,20 a 35 años,2,2,GAMMA,
Agrupación De Vivienda Monguí,ETAPA 2,12/14/2025,No,Colsubsidio,Banderas y/o señalización,"1,836,187,000,000",2025-12,2025-12,NU,OMEGA,36 a 45 años,,,GAMMA,
ARAUCARIA,ETAPA 1,12/20/2025,No,Banco,Banderas y/o señalización,"6,067,000,000,000",2025-12,2025-12,SIGMA,ETA,36 a 45 años,1,1,TAU,
La Arboleda,ETAPA 1,3/17/2024,No,Banco,Banderas y/o señalización,"1,641,295,500,000",2024-3,2024-3,NU,OMEGA,20 - 35 años,,,GAMMA,
Agrupación De Vivienda Monguí,ETAPA 2,3/24/2024,No,Contado,Banderas y/o señalización,"1,777,951,500,000",2024-3,2024-3,SIGMA,OMEGA,46 - 55 años,2,,GAMMA,
La Arboleda,ETAPA 2,3/27/2024,No,Banco,Banderas y/o señalización,"1,972,971,000,000",2024-3,2024-3,KAPPA,OMEGA,20 - 35 años,,,TAU,
Agrupación De Vivienda La Macarena,ETAPA 4,4/26/2026,No,Colsubsidio,Banderas y/o señalización,"1,584,569,000,000",2026-4,2026-4,KAPPA,OMEGA,20 a 35 años,2,2,GAMMA,X
Agrupación De Vivienda La Macarena,ETAPA 2,4/29/2026,No,Colsubsidio,Banderas y/o señalización,"1,584,569,000,000",2026-4,2026-4,NU,ETA,20 a 35 años,,,RHO,X
Agrupacion De Vivienda Reserva De Guayacan,ETAPA 1,4/25/2026,No,Banco,Ferias empresariales,"1,754,000,000,000",2026-4,2026-4,NU,OMEGA,20 a 35 años,,,RHO,X
VERDE ESPERANZA EL DORADO,ETAPA 1,9/19/2025,No,Banco,Valla ,"1,578,000,000,000",2025-9,2025-9,NU,OMEGA,20 a 35 años,,,GAMMA,
VERDE ESPERANZA EL DORADO,ETAPA 1,9/28/2025,No,Banco,Banderas y/o señalización,"1,578,000,000,000",2025-9,2025-9,KAPPA,OMEGA,20 a 35 años,1,1,TAU,
Agrupación De Vivienda Monguí,ETAPA 3,4/26/2026,No,Banco,Banderas y/o señalización,"1,961,014,000,000",2026-4,2026-4,KAPPA,OMEGA,36 a 45 años,2,2,TAU,
Proyecto Karakalí,ETAPA 1,4/24/2026,No,Banco,Ferias empresariales,"2,363,721,750,000",2026-4,2026-4,KAPPA,OMEGA,20 a 35 años,,,TAU,
AGRUPACIÓN DE VIVIENDA BOSQUE DE TURPIAL,ETAPA 1,8/23/2025,No,Colsubsidio,Activación,"2,311,190,000,000",2025-8,2025-8,NU,OMEGA,20 a 35 años,,,TAU,
AGRUPACIÓN DE VIVIENDA SAMÁN ,ETAPA 1,4/26/2026,No,Banco,Ferias empresariales,"2,532,490,950,000",2026-4,2026-4,NU,OMEGA,20 a 35 años,,,TAU,
AGRUPACIÓN DE VIVIENDA BOSQUE DE TURPIAL,ETAPA 1,8/24/2025,No,Colsubsidio,Activación,"2,311,000,000,000",2025-8,2025-8,NU,OMEGA,20 a 35 años,,,TAU,
Versalles,ETAPA 1,4/26/2026,No,Banco,Banderas y/o señalización,"2,110,000,000,000",2026-4,2026-4,SIGMA,OMEGA,46 a 55 años,1,,TAU,
VERDE ESPERANZA EL DORADO,ETAPA 1,9/30/2025,No,Colsubsidio,Valla ,"1,578,000,000,000",2025-9,2025-9,KAPPA,OMEGA,Mayor de 55 años,1,,TAU,
Proyecto Karakalí,ETAPA 1,4/26/2026,No,Banco,Activación,"2,363,721,750,000",2026-4,2026-4,NU,ETA,20 a 35 años,,,RHO,X
Agrupación De Vivienda Monguí,ETAPA 3,4/26/2026,No,Colsubsidio,Banderas y/o señalización,"1,584,569,000,000",2026-4,2026-4,KAPPA,OMEGA,36 a 45 años,,,GAMMA,
La Arboleda,ETAPA 4,4/26/2026,No,Colsubsidio,Activación,"1,976,071,000,000",2026-4,2026-4,KAPPA,OMEGA,36 a 45 años,,,GAMMA,
VERDE ESPERANZA EL DORADO,ETAPA 1,9/29/2025,No,Colsubsidio,Valla ,"1,578,000,000,000",2025-9,2025-9,SIGMA,OMEGA,20 a 35 años,1,1,GAMMA,
Agrupación De Vivienda Monguí,ETAPA 2,8/31/2025,No,Colsubsidio,Banderas y/o señalización,"1,921,725,000,000",2025-8,2025-8,NU,OMEGA,20 a 35 años,,,NU,
Agrupacion De Vivienda Bosque De Arrayan,ETAPA 4,4/22/2026,No,Colsubsidio,Banderas y/o señalización,"2,205,000,000,000",2026-4,2026-4,KAPPA,OMEGA,20 a 35 años,,,NU,
Agrupación De Vivienda La Macarena,ETAPA 4,4/26/2026,No,Colsubsidio,Activación,"1,567,060,000,000",2026-4,2026-4,KAPPA,OMEGA,36 a 45 años,1,1,TAU,
Agrupación De Vivienda Monguí,ETAPA 2,1/16/2026,No,Colsubsidio,Banderas y/o señalización,"1,836,187,000,000",2026-1,2026-1,NU,OMEGA,20 a 35 años,,,RHO,X
Agrupacion De Vivienda Bosque De Arrayan,ETAPA 4,1/28/2026,No,Colsubsidio,Banderas y/o señalización,"2,205,000,000,000",2026-1,2026-1,SIGMA,OMEGA,20 a 35 años,2,1,GAMMA,
Agrupación De Vivienda Monguí,ETAPA 1,1/21/2024,No,Banco,Banderas y/o señalización,"1,722,500,000,000",2024-1,2024-1,SIGMA,OMEGA,36 - 45 años,1,1,GAMMA,
Agrupación De Vivienda Pamplona I,ETAPA 4,1/11/2026,No,Colsubsidio,Banderas y/o señalización,"2,361,000,000,000",2026-1,2026-1,NU,OMEGA,20 a 35 años,,,GAMMA,
La Arboleda,,8/4/2024,Si,Banco,Sin Informacion,"1,676,883,000,000",2024-8,2024-8,KAPPA,OMEGA,36 - 45 años,1,1,GAMMA,
Agrupación De Vivienda La Macarena,ETAPA 3,11/9/2025,No,Banco,Redes Sociales,"1,423,500,000,000",2025-11,2025-11,KAPPA,OMEGA,20 a 35 años,1,,NU,
Agrupacion De Vivienda Bosque De Arrayan,,1/24/2024,Si,Colsubsidio,Sin Informacion,"1,933,100,000,000",2024-1,2024-1,SIGMA,OMEGA,20 - 35 años,2,,NU,
Agrupación De Vivienda La Macarena,ETAPA 3,1/30/2024,No,Colsubsidio,Banderas y/o señalización,"1,528,839,000,000",2024-1,2024-1,KAPPA,OMEGA,20 - 35 años,3,1,TAU,
INARI,1,8/30/2024,Si,Banco,Sin Informacion,"2,808,000,000,000",2024-8,2024-8,KAPPA,OMEGA,Mayor de 55 años,,,TAU,
Agrupacion De Vivienda Payande,ETAPA 2,1/22/2024,No,Colsubsidio,Ferias empresariales,"1,755,000,000,000",2024-1,2024-1,KAPPA,OMEGA,Mayor de 55 años,,,TAU,
Agrupación De Vivienda La Macarena,3,6/13/2025,Si,Colsubsidio,Sin Informacion,"1,575,815,000,000",2025-6,2025-6,KAPPA,OMEGA,36 a 45 años,,,MU,
Agrupacion De Vivienda Payande,ETAPA 3,6/16/2024,No,Colsubsidio,Ferias empresariales,"1,594,710,000,000",2024-6,2024-6,SIGMA,OMEGA,36 - 45 años,1,1,ALPHA,
AGRUPACIÓN DE VIVIENDA BOSQUE DE TURPIAL,ETAPA 2,6/13/2025,No,Colsubsidio,Banderas y/o señalización,"2,807,000,000,000",2025-6,2025-6,SIGMA,OMEGA,20 a 35 años,1,1,ALPHA,
Agrupación De Vivienda Monguí,ETAPA 1,6/28/2025,No,Colsubsidio,Banderas y/o señalización,"1,877,596,500,000",2025-6,2025-6,NU,OMEGA,20 a 35 años,,,GAMMA,X
INARI,ETAPA 1,6/25/2025,No,Colsubsidio,Activación,"2,506,000,000,000",2025-6,2025-6,KAPPA,OMEGA,20 a 35 años,,,RHO,X
Proyecto Karakalí,ETAPA 1,5/5/2025,No,Banco,Referido,"2,451,267,000,000",2025-5,2025-5,NU,ETA,20 a 35 años,,,RHO,
Agrupación De Vivienda La Macarena,3,6/15/2025,Si,Colsubsidio,Sin Informacion,"1,497,024,000,000",2025-6,2025-6,KAPPA,OMEGA,20 a 35 años,1,1,NU,
Proyecto Karakalí,ETAPA 1,5/16/2026,No,Colsubsidio,Ferias empresariales,"2,363,721,750,000",2026-5,2026-5,NU,ETA,20 a 35 años,,,GAMMA,
INARI,ETAPA 1,5/31/2026,No,Colsubsidio,Activación,"2,506,000,000,000",2026-5,2026-5,SIGMA,OMEGA,Mayor de 55 años,1,,GAMMA,
Agrupación De Vivienda Pamplona I,ETAPA 1,5/26/2026,No,Colsubsidio,Banderas y/o señalización,"2,100,000,000,000",2026-5,2026-5,KAPPA,OMEGA,36 a 45 años,2,1,GAMMA,
Agrupación De Vivienda La Macarena,ETAPA 4,5/16/2026,No,Colsubsidio,Banderas y/o señalización,"1,488,269,000,000",2026-5,2026-5,KAPPA,OMEGA,Menor de 19 años,,,TAU,
Agrupacion De Vivienda Bosque De Arrayan,ETAPA 4,6/18/2025,No,Colsubsidio,Banderas y/o señalización,"1,909,055,850,000",2025-6,2025-6,SIGMA,OMEGA,20 a 35 años,1,1,ZETA,
Versalles,ETAPA 1,5/30/2026,No,Banco,Banderas y/o señalización,"1,987,000,000,000",2026-5,2026-5,NU,ETA,20 a 35 años,,,GAMMA,
La Arboleda,ETAPA 2,6/14/2025,No,Banco,Banderas y/o señalización,"1,790,763,000,000",2025-6,2025-6,KAPPA,OMEGA,20 a 35 años,1,1,TAU,
Conjunto Residencial Campo Alegre El Dorado,2,9/13/2024,Si,Banco,Sin Informacion,"1,118,728,650,000",2024-9,2024-9,KAPPA,OMEGA,20 - 35 años,1,1,TAU,
Agrupacion De Vivienda Bosque De Arrayan,ETAPA 3,6/14/2025,No,Colsubsidio,Banderas y/o señalización,"2,205,000,000,000",2025-6,2025-6,NU,ETA,20 a 35 años,,,RHO,X
Agrupacion De Vivienda Payande,ETAPA 3,2/28/2025,No,Banco,Redes Sociales,"1,679,375,000,000",2025-2,2025-2,KAPPA,OMEGA,Menor de 19 años,,,GAMMA,
Agrupación De Vivienda La Macarena,ETAPA 1,4/30/2024,No,Colsubsidio,Referido,"1,344,200,000,000",2024-4,2024-4,KAPPA,OMEGA,20 - 35 años,,,GAMMA,
Agrupación De Vivienda Monguí,ETAPA 2,4/19/2024,No,Banco,Banderas y/o señalización,"1,790,763,000,000",2024-4,2024-4,KAPPA,OMEGA,36 - 45 años,,,NU,
Proyecto Karakalí,ETAPA 1,6/22/2024,No,Banco,Ferias empresariales,"2,616,000,000,000",2024-6,2024-6,SIGMA,ETA,36 - 45 años,,,RHO,
AGRUPACIÓN DE VIVIENDA SAMÁN ,ETAPA 1,6/15/2025,No,Colsubsidio,Activación,"2,550,000,000,000",2025-6,2025-6,SIGMA,ETA,20 a 35 años,2,2,GAMMA,X
Los Nogales,2,9/9/2024,Si,Banco,Sin Informacion,"5,811,651,100,000",2024-9,2024-9,SIGMA,TAU,46 - 55 años,0,0,RHO,X
Proyecto Karakalí,ETAPA 1,5/18/2025,No,Colsubsidio,Banderas y/o señalización,"2,451,267,000,000",2025-5,2025-5,NU,ETA,20 a 35 años,,,RHO,X
AGRUPACIÓN DE VIVIENDA BOSQUE DE TURPIAL,,6/15/2025,Si,Colsubsidio,Sin Informacion,"2,562,000,000,000",2025-6,2025-6,SIGMA,OMEGA,20 a 35 años,1,1,NU,
INARI,ETAPA 1,2/13/2025,No,Banco,Banderas y/o señalización,"2,506,000,000,000",2025-2,2025-2,KAPPA,OMEGA,20 a 35 años,,,NU,
Proyecto Karakalí,ETAPA 1,6/17/2024,No,Colsubsidio,Ferias empresariales,"2,451,267,000,000",2024-6,2024-6,SIGMA,ETA,36 - 45 años,2,1,GAMMA,
Agrupación De Vivienda Monguí,ETAPA 1,5/3/2026,No,Banco,Banderas y/o señalización,"1,575,815,000,000",2026-5,2026-5,NU,OMEGA,20 a 35 años,,,TAU,
Agrupacion De Vivienda Bosque De Arrayan,,6/16/2024,Si,Colsubsidio,Sin Informacion,"2,051,260,000,000",2024-6,2024-6,KAPPA,OMEGA,36 - 45 años,1,,TAU,
Versalles,ETAPA 1,2/25/2025,No,Banco,Referido,"2,171,000,000,000",2025-2,2025-2,SIGMA,ETA,20 a 35 años,1,,IOTA,
Agrupación De Vivienda Monguí,ETAPA 2,2/20/2026,No,Banco,Banderas y/o señalización,"1,785,923,000,000",2026-2,2026-2,KAPPA,OMEGA,20 a 35 años,,,ALPHA,
VILLA MERCEDES EL DORADO,ETAPA 1,2/14/2026,No,Colsubsidio,Referido Alcaldía,"1,715,000,000,000",2026-2,2026-2,KAPPA,OMEGA,36 a 45 años,1,1,TAU,
VERDE ESPERANZA EL DORADO,ETAPA 1,2/24/2026,No,Banco,Banderas y/o señalización,"1,753,000,000,000",2026-2,2026-2,KAPPA,OMEGA,36 a 45 años,1,1,TAU,
Agrupación De Vivienda Monguí,ETAPA 2,2/23/2026,No,Banco,Banderas y/o señalización,"1,567,060,000,000",2026-2,2026-2,KAPPA,OMEGA,20 a 35 años,2,2,TAU,
Agrupación De Vivienda Monguí,ETAPA 2,2/24/2026,No,Colsubsidio,Banderas y/o señalización,"1,584,569,000,000",2026-2,2026-2,NU,OMEGA,20 a 35 años,,,NU,
Agrupacion De Vivienda Bosque De Arrayan,ETAPA 3,2/17/2026,No,Colsubsidio,Banderas y/o señalización,"2,205,000,000,000",2026-2,2026-2,SIGMA,OMEGA,36 a 45 años,1,1,RHO,X
Versalles,ETAPA 1,10/11/2024,No,Banco,Referido,"1,987,000,000,000",2024-10,2024-10,NU,OMEGA,20 - 35 años,,,GAMMA,
VILLA MERCEDES EL DORADO,ETAPA 1,2/19/2026,No,Banco,Referido Alcaldía,"1,715,000,000,000",2026-2,2026-2,KAPPA,OMEGA,46 a 55 años,,,TAU,
VILLA MERCEDES EL DORADO,ETAPA 1,2/16/2026,No,Banco,Referido Alcaldía,"1,715,000,000,000",2026-2,2026-2,KAPPA,OMEGA,36 a 45 años,,,TAU,
Agrupación De Vivienda Monguí,ETAPA 2,2/24/2024,No,Colsubsidio,Banderas y/o señalización,"2,041,940,000,000",2024-2,2024-2,KAPPA,OMEGA,20 - 35 años,1,,GAMMA,
AGRUPACIÓN DE VIVIENDA BOSQUE DE TURPIAL,ETAPA 1,5/27/2024,No,Banco,Referido,"2,311,000,000,000",2024-5,2024-5,KAPPA,OMEGA,20 - 35 años,1,1,TAU,
Agrupación De Vivienda Pamplona I,ETAPA 2,3/14/2026,No,Banco,Banderas y/o señalización,"1,786,000,000,000",2026-3,2026-3,KAPPA,OMEGA,36 a 45 años,1,1,NU,
Agrupación De Vivienda La Macarena,ETAPA 4,3/28/2026,No,Banco,Banderas y/o señalización,"1,584,569,000,000",2026-3,2026-3,KAPPA,OMEGA,20 a 35 años,,,TAU,
Agrupación De Vivienda Monguí,ETAPA 2,3/14/2026,No,Colsubsidio,Contact Center,"1,794,678,000,000",2026-3,2026-3,KAPPA,OMEGA,20 a 35 años,,,GAMMA,X
Versalles,ETAPA 1,3/15/2026,No,Banco,Banderas y/o señalización,"2,122,000,000,000",2026-3,2026-3,KAPPA,OMEGA,36 a 45 años,3,2,RHO,X
VILLA FIORITA,,7/28/2025,Si,Colsubsidio,Sin Informacion,"2,135,250,000,000",2025-7,2025-7,KAPPA,OMEGA,36 a 45 años,2,2,TAU,
Agrupación De Vivienda Monguí,ETAPA 2,6/15/2025,No,Banco,Ferias empresariales,"1,991,476,500,000",2025-6,2025-6,NU,OMEGA,20 a 35 años,,,RHO,X
INARI,ETAPA 1,6/30/2025,No,Colsubsidio,Banderas y/o señalización,"2,549,000,000,000",2025-6,2025-6,SIGMA,OMEGA,46 a 55 años,,,RHO,X
La Arboleda,ETAPA 2,6/14/2025,No,Banco,Activación,"1,796,457,000,000",2025-6,2025-6,NU,OMEGA,20 a 35 años,,,RHO,X
Agrupacion De Vivienda Payande,ETAPA 2,6/18/2024,No,Banco,Ferias empresariales,"1,755,000,000,000",2024-6,2024-6,SIGMA,TAU,Mayor de 55 años,1,,RHO,X
INARI,ETAPA 1,6/22/2024,No,Banco,Ferias empresariales,"2,808,000,000,000",2024-6,2024-6,NU,OMEGA,20 - 35 años,,,GAMMA,
Conjunto Residencial Campo Alegre El Dorado,ETAPA 2,9/17/2024,No,Colsubsidio,Referido Alcaldía,"1,081,730,000,000",2024-9,2024-9,SIGMA,OMEGA,36 - 45 años,1,1,GAMMA,
Agrupación De Vivienda La Macarena,ETAPA 4,5/4/2026,No,Banco,Banderas y/o señalización,"1,488,269,000,000",2026-5,2026-5,KAPPA,OMEGA,Menor de 19 años,,,TAU,
INARI,ETAPA 1,6/18/2025,No,Colsubsidio,Banderas y/o señalización,"2,808,000,000,000",2025-6,2025-6,KAPPA,OMEGA,20 a 35 años,1,,TAU,
INARI,ETAPA 1,6/13/2025,No,Colsubsidio,Banderas y/o señalización,"2,506,000,000,000",2025-6,2025-6,NU,OMEGA,20 a 35 años,,,TAU,
La Arboleda,ETAPA 2,6/14/2025,No,Colsubsidio,Banderas y/o señalización,"1,796,457,000,000",2025-6,2025-6,NU,OMEGA,20 a 35 años,,,ALPHA,
La Arboleda,ETAPA 1,9/24/2024,No,Banco,,"1,671,189,000,000",2024-9,2024-9,SIGMA,OMEGA,20 - 35 años,1,1,RHO,X
Agrupación De Vivienda La Macarena,ETAPA 3,5/5/2026,No,Banco,Banderas y/o señalización,"1,584,569,000,000",2026-5,2026-5,KAPPA,OMEGA,36 a 45 años,,,GAMMA,
Agrupacion De Vivienda Payande,ETAPA 2,6/2/2024,No,Colsubsidio,Página web ,"1,664,071,500,000",2024-6,2024-6,SIGMA,OMEGA,36 - 45 años,3,3,GAMMA,
AGRUPACIÓN DE VIVIENDA BOSQUE DE TURPIAL,ETAPA 1,6/16/2024,No,Colsubsidio,CS Tocancipá,"2,311,000,000,000",2024-6,2024-6,SIGMA,OMEGA,20 - 35 años,1,1,GAMMA,
Agrupación De Vivienda La Macarena,ETAPA 3,6/13/2025,No,Banco,Ferias empresariales,"1,637,025,000,000",2025-6,2025-6,NU,OMEGA,36 a 45 años,,,NU,
MIRADOR DEL VIRREY II,UNICA,2/26/2025,No,Banco,Banderas ,"1,700,000,000,000",2025-2,2025-2,NU,OMEGA,20 a 35 años,,,ZETA,
Agrupacion De Vivienda Bosque De Arrayan,ETAPA 4,9/28/2024,No,Banco,Banderas y/o señalización,"1,913,600,000,000",2024-9,2024-9,SIGMA,ETA,20 - 35 años,1,1,NU,
AGRUPACIÓN DE VIVIENDA BOSQUE DE TURPIAL,,6/14/2025,Si,Colsubsidio,Sin Informacion,"2,562,000,000,000",2025-6,2025-6,NU,OMEGA,20 a 35 años,,,TAU,
Agrupación De Vivienda Monguí,,5/30/2025,Si,Banco,Sin Informacion,"1,820,923,000,000",2025-5,2025-5,NU,OMEGA,20 a 35 años,,,TAU,
Agrupación De Vivienda La Macarena,ETAPA 3,9/30/2024,No,Banco,Referido,"1,533,109,500,000",2024-9,2024-9,KAPPA,OMEGA,46 - 55 años,2,0,TAU,
CONJUNTO RESIDENCIAL VIBO ONCE,ETAPA 1,5/8/2026,No,Banco,Banderas y/o señalización,"2,813,000,000,000",2026-5,2026-5,KAPPA,OMEGA,36 a 45 años,2,1,TAU,
La Arboleda,ETAPA 1,9/14/2024,No,Banco,Banderas y/o señalización,"1,664,071,500,000",2024-9,2024-9,NU,OMEGA,20 - 35 años,0,0,TAU,
VERDE ESPERANZA EL DORADO,ETAPA 1,5/29/2026,No,Colsubsidio,Banderas y/o señalización,"1,793,000,000,000",2026-5,2026-5,KAPPA,OMEGA,36 a 45 años,,,TAU,
INARI,1,4/2/2025,Si,Banco,Sin Informacion,"2,293,000,000,000",2025-4,2025-4,KAPPA,OMEGA,36 a 45 años,1,1,GAMMA,
Agrupación De Vivienda Monguí,ETAPA 2,2/15/2026,No,Colsubsidio,Banderas y/o señalización,"1,785,923,000,000",2026-2,2026-2,NU,OMEGA,20 a 35 años,,,ALPHA,
Agrupación De Vivienda Monguí,ETAPA 2,2/22/2026,No,Colsubsidio,Activación,"1,567,060,000,000",2026-2,2026-2,SIGMA,OMEGA,Mayor de 55 años,,,NU,
Versalles,,2/13/2026,Si,Colsubsidio,Sin Informacion,"2,110,000,000,000",2026-2,2026-2,KAPPA,OMEGA,20 a 35 años,3,2,GAMMA,
Agrupación De Vivienda Pamplona I,ETAPA 2,2/22/2026,No,Banco,Banderas y/o señalización,"1,786,000,000,000",2026-2,2026-2,KAPPA,OMEGA,46 a 55 años,1,1,TAU,
VILLA MERCEDES EL DORADO,ETAPA 1,2/19/2026,No,Banco,Referido Alcaldía,"1,715,000,000,000",2026-2,2026-2,KAPPA,ETA,20 a 35 años,1,,IOTA,
AGRUPACIÓN DE VIVIENDA BOSQUE DE TURPIAL,ETAPA 1,2/21/2026,No,Banco,Banderas y/o señalización,"2,311,190,000,000",2026-2,2026-2,SIGMA,OMEGA,46 a 55 años,,,TAU,
Agrupación De Vivienda La Macarena,ETAPA 4,7/2/2026,No,Colsubsidio,Activación,"1,514,515,000,000",2026-7,2026-6,KAPPA,OMEGA,20 a 35 años,,,ZETA,
Versalles,ETAPA 1,7/4/2026,No,Colsubsidio,Banderas y/o señalización,"1,987,000,000,000",2026-7,2026-6,NU,ETA,20 a 35 años,,,ALPHA,
Agrupación De Vivienda Monguí,ETAPA 3,7/14/2026,No,Colsubsidio,Banderas y/o señalización,"2,004,768,000,000",2026-7,2026-6,SIGMA,OMEGA,20 a 35 años,1,1,ZETA,
La Arboleda,ETAPA 2,2/21/2024,No,Banco,Banderas y/o señalización,"1,827,774,000,000",2024-2,2024-2,KAPPA,OMEGA,36 - 45 años,2,2,GAMMA,
Agrupacion De Vivienda Bosque De Arrayan,ETAPA 3,6/13/2026,No,Colsubsidio,Banderas y/o señalización,"2,019,180,000,000",2026-6,2026-6,NU,ETA,20 a 35 años,,,RHO,X
Agrupación De Vivienda Monguí,ETAPA 2,3/15/2026,No,Colsubsidio,Banderas y/o señalización,"1,952,259,000,000",2026-3,2026-3,NU,OMEGA,20 a 35 años,,,RHO,X
Agrupación De Vivienda Pamplona I,ETAPA 2,3/14/2026,No,Colsubsidio,Activación,"1,786,000,000,000",2026-3,2026-3,NU,OMEGA,20 a 35 años,,,GAMMA,
Agrupación De Vivienda Monguí,ETAPA 2,3/7/2026,No,Banco,Activación,"1,567,060,000,000",2026-3,2026-3,KAPPA,OMEGA,46 a 55 años,,,NU,
Agrupación De Vivienda Monguí,ETAPA 2,3/1/2026,No,Colsubsidio,Banderas y/o señalización,"1,952,259,000,000",2026-3,2026-3,KAPPA,OMEGA,Mayor de 55 años,,,TAU,
VILLA MERCEDES EL DORADO,ETAPA 1,6/17/2026,No,Banco,Referido Alcaldía,"1,715,000,000,000",2026-6,2026-6,KAPPA,ETA,36 a 45 años,3,,IOTA,
INARI,ETAPA 1,12/29/2025,No,Colsubsidio,Banderas y/o señalización,"2,506,000,000,000",2025-12,2025-12,KAPPA,OMEGA,20 a 35 años,1,1,TAU,
ARAUCARIA,ETAPA 1,12/20/2025,No,Colsubsidio,Banderas y/o señalización,"5,940,000,000,000",2025-12,2025-12,NU,ETA,36 a 45 años,,,RHO,X
Agrupación De Vivienda Pamplona I,ETAPA 2,3/22/2024,No,Colsubsidio,Campaña FNA,"1,950,195,000,000",2024-3,2024-3,SIGMA,OMEGA,20 - 35 años,1,,GAMMA,
Agrupación De Vivienda Monguí,ETAPA 2,3/16/2024,No,Colsubsidio,Banderas y/o señalización,"1,567,060,000,000",2024-3,2024-3,KAPPA,OMEGA,36 - 45 años,4,2,TAU,
Agrupación De Vivienda La Macarena,ETAPA 3,3/31/2024,No,Colsubsidio,Banderas y/o señalización,"1,493,212,500,000",2024-3,2024-3,KAPPA,OMEGA,Mayor de 55 años,2,1,TAU,
Los Nogales,ETAPA 1,3/8/2024,No,Banco,Valla ,"5,751,300,000,000",2024-3,2024-3,SIGMA,OMEGA,Mayor de 55 años,2,,ETA,
INARI,ETAPA 1,4/25/2026,No,Colsubsidio,Activación,"2,808,000,000,000",2026-4,2026-4,NU,ETA,20 a 35 años,,,ALPHA,
La Arboleda,ETAPA 4,4/26/2026,No,Colsubsidio,Ferias empresariales,"1,976,071,000,000",2026-4,2026-4,NU,OMEGA,20 a 35 años,,,RHO,X
Agrupación De Vivienda Monguí,ETAPA 3,4/24/2026,No,Colsubsidio,Banderas y/o señalización,"1,567,060,000,000",2026-4,2026-4,KAPPA,OMEGA,20 a 35 años,2,,GAMMA,
Agrupación De Vivienda Monguí,ETAPA 3,4/25/2026,No,Colsubsidio,Banderas y/o señalización,"1,584,569,000,000",2026-4,2026-4,KAPPA,OMEGA,46 a 55 años,1,,GAMMA,
Conjunto Residencial Campo Alegre El Dorado,ETAPA 2,9/11/2025,No,Colsubsidio,Referido Alcaldía,"1,184,494,350,000",2025-9,2025-9,KAPPA,OMEGA,46 a 55 años,,,NU,
VILLA FIORITA,ETAPA 3,9/17/2025,No,Colsubsidio,Whatsapp,"2,135,250,000,000",2025-9,2025-9,SIGMA,OMEGA,20 a 35 años,2,2,GAMMA,
La Arboleda,ETAPA 3,4/26/2026,No,Banco,Activación,"2,412,130,000,000",2026-4,2026-4,KAPPA,OMEGA,20 a 35 años,1,1,TAU,
INARI,ETAPA 1,4/25/2026,No,Colsubsidio,Banderas y/o señalización,"2,916,000,000,000",2026-4,2026-4,KAPPA,ETA,20 a 35 años,1,,IOTA,
Agrupación De Vivienda Monguí,ETAPA 3,4/26/2026,No,Colsubsidio,Banderas y/o señalización,"1,969,768,000,000",2026-4,2026-4,NU,OMEGA,20 a 35 años,,,NU,
CONJUNTO RESIDENCIAL VIBO ONCE,ETAPA 1,4/26/2026,No,Banco,Banderas y/o señalización,"2,813,000,000,000",2026-4,2026-4,SIGMA,ETA,36 a 45 años,,,NU,
Agrupación De Vivienda Monguí,ETAPA 1,3/10/2025,No,Banco,Referido,"1,713,894,000,000",2025-3,2025-3,KAPPA,OMEGA,46 a 55 años,,,GAMMA,
Agrupación De Vivienda Monguí,ETAPA 3,4/25/2026,No,Colsubsidio,Ferias empresariales,"1,567,060,000,000",2026-4,2026-4,KAPPA,OMEGA,36 a 45 años,1,1,NU,
Agrupacion De Vivienda Fuentevida,ETAPA 2,3/25/2025,No,Colsubsidio,Referido Alcaldía,"1,281,150,000,000",2025-3,2025-3,KAPPA,OMEGA,20 a 35 años,1,1,NU,
Agrupación De Vivienda La Macarena,ETAPA 3,7/12/2024,No,Colsubsidio,Referido,"1,534,533,000,000",2024-7,2024-7,NU,OMEGA,36 - 45 años,,,GAMMA,
AGRUPACIÓN DE VIVIENDA SAMÁN ,ETAPA 1,9/29/2025,No,Banco,Página web ,"2,550,000,000,000",2025-9,2025-9,SIGMA,ETA,36 a 45 años,1,,RHO,X
VERDE ESPERANZA EL DORADO,ETAPA 1,9/28/2025,No,Banco,Valla ,"1,578,000,000,000",2025-9,2025-9,SIGMA,OMEGA,20 a 35 años,1,1,NU,
Agrupación De Vivienda Monguí,ETAPA 3,4/26/2026,No,Colsubsidio,Banderas y/o señalización,"1,961,014,000,000",2026-4,2026-4,KAPPA,OMEGA,20 a 35 años,3,2,ZETA,
Agrupación De Vivienda Monguí,ETAPA 3,4/25/2026,No,Colsubsidio,Banderas y/o señalización,"1,785,923,000,000",2026-4,2026-4,NU,OMEGA,20 a 35 años,,,TAU,
Agrupación De Vivienda Pamplona I,ETAPA 3,3/16/2025,No,Colsubsidio,Ferias empresariales,"2,217,000,000,000",2025-3,2025-3,SIGMA,ETA,46 a 55 años,1,,ZETA,
Agrupación De Vivienda Monguí,ETAPA 3,4/26/2026,No,Colsubsidio,Whatsapp,"1,952,259,000,000",2026-4,2026-4,NU,OMEGA,20 a 35 años,,,NU,
AGRUPACIÓN DE VIVIENDA BOSQUE DE TURPIAL,ETAPA 1,4/13/2026,No,Colsubsidio,Banderas y/o señalización,"2,346,000,000,000",2026-4,2026-4,NU,OMEGA,20 a 35 años,,,TAU,
VERDE ESPERANZA EL DORADO,ETAPA 1,9/22/2025,No,Colsubsidio,Banderas y/o señalización,"1,578,000,000,000",2025-9,2025-9,SIGMA,OMEGA,20 a 35 años,1,1,TAU,
VERDE ESPERANZA EL DORADO,ETAPA 1,11/20/2025,No,Banco,Banderas y/o señalización,"1,793,000,000,000",2025-11,2025-11,NU,OMEGA,20 a 35 años,,,GAMMA,
VERDE ESPERANZA EL DORADO,ETAPA 1,1/6/2026,No,Colsubsidio,Banderas y/o señalización,"1,753,000,000,000",2026-1,2026-1,KAPPA,OMEGA,20 a 35 años,1,1,NU,
VERDE ESPERANZA EL DORADO,ETAPA 1,10/15/2025,No,Banco,Banderas y/o señalización,"1,578,000,000,000",2025-10,2025-10,NU,OMEGA,20 a 35 años,,,TAU,
VERDE ESPERANZA EL DORADO,ETAPA 1,1/28/2026,No,Colsubsidio,Banderas y/o señalización,"1,753,000,000,000",2026-1,2026-1,KAPPA,OMEGA,20 a 35 años,2,1,TAU,
VERDE ESPERANZA EL DORADO,ETAPA 1,11/27/2025,No,Banco,Banderas y/o señalización,"1,753,000,000,000",2025-11,2025-11,KAPPA,OMEGA,20 a 35 años,2,,TAU,
VERDE ESPERANZA EL DORADO,ETAPA 1,10/16/2025,No,Colsubsidio,Valla ,"1,618,000,000,000",2025-10,2025-10,KAPPA,OMEGA,36 a 45 años,2,2,TAU,
Agrupación De Vivienda Monguí,,1/25/2024,Si,Banco,Sin Informacion,"1,972,971,000,000",2024-1,2024-1,NU,OMEGA,20 - 35 años,,,NU,
INARI,ETAPA 1,8/19/2024,No,Banco,Banderas y/o señalización,"2,808,000,000,000",2024-8,2024-8,KAPPA,OMEGA,20 - 35 años,,,RHO,
INARI,ETAPA 1,8/15/2024,No,Banco,Banderas y/o señalización,"2,916,000,000,000",2024-8,2024-8,KAPPA,OMEGA,36 - 45 años,,,NU,
VERDE ESPERANZA EL DORADO,ETAPA 1,11/12/2025,No,Banco,Banderas y/o señalización,"1,578,000,000,000",2025-11,2025-11,KAPPA,OMEGA,20 a 35 años,1,,NU,
VERDE ESPERANZA EL DORADO,ETAPA 1,10/15/2025,No,Banco,Valla ,"1,578,000,000,000",2025-10,2025-10,SIGMA,OMEGA,46 a 55 años,4,3,GAMMA,
Agrupacion De Vivienda Bosque De Arrayan,ETAPA 3,1/28/2024,No,Colsubsidio,Banderas y/o señalización,"1,935,700,000,000",2024-1,2024-1,KAPPA,OMEGA,46 - 55 años,1,1,TAU,
Los Nogales,ETAPA 1,2/28/2024,No,Banco,Ferias empresariales,"5,717,880,000,000",2024-2,2024-2,SIGMA,TAU,36 - 45 años,4,,ALPHA,
Agrupación De Vivienda La Macarena,3,2/1/2024,Si,Colsubsidio,Sin Informacion,"1,528,839,000,000",2024-2,2024-2,KAPPA,OMEGA,20 - 35 años,2,1,RHO,X
Versalles,,1/19/2025,Si,Colsubsidio,Sin Informacion,"2,171,000,000,000",2025-1,2025-1,KAPPA,OMEGA,20 - 35 años,,,GAMMA,
AGRUPACIÓN DE VIVIENDA BOSQUE DE TURPIAL,,12/13/2024,Si,Banco,Sin Informacion,"2,311,000,000,000",2024-12,2024-12,SIGMA,OMEGA,20 - 35 años,1,1,RHO,X
Agrupación De Vivienda La Macarena,ETAPA 3,5/24/2024,No,Colsubsidio,Banderas y/o señalización,"1,534,533,000,000",2024-5,2024-5,NU,OMEGA,20 - 35 años,,,GAMMA,
Versalles,,1/30/2025,Si,Banco,Sin Informacion,"1,987,000,000,000",2025-1,2025-1,NU,OMEGA,20 - 35 años,,,GAMMA,
INARI,ETAPA 1,5/31/2024,No,Colsubsidio,Banderas y/o señalización,"2,916,000,000,000",2024-5,2024-5,SIGMA,OMEGA,20 - 35 años,2,,TAU,
Los Nogales,1,2/10/2024,Si,Colsubsidio,Sin Informacion,"5,408,970,000,000",2024-2,2024-2,SIGMA,OMEGA,36 - 45 años,2,,MU,
VILLA FIORITA,ETAPA 1,5/31/2024,No,Banco,Valla ,"1,950,000,000,000",2024-5,2024-5,SIGMA,OMEGA,20 - 35 años,1,,TAU,
Agrupación De Vivienda Monguí,ETAPA 2,3/1/2026,No,Colsubsidio,Banderas y/o señalización,"1,567,060,000,000",2026-3,2026-3,KAPPA,OMEGA,36 a 45 años,4,3,GAMMA,
VERDE ESPERANZA EL DORADO,ETAPA 1,3/18/2026,No,Banco,Banderas y/o señalización,"1,753,000,000,000",2026-3,2026-3,NU,OMEGA,20 a 35 años,,,NU,
Proyecto Karakalí,ETAPA 1,3/31/2026,No,Colsubsidio,Activación,"2,363,721,750,000",2026-3,2026-3,KAPPA,OMEGA,Menor de 19 años,,,TAU,
VILLA MERCEDES EL DORADO,ETAPA 1,3/10/2026,No,Banco,Referido Alcaldía,"1,715,000,000,000",2026-3,2026-3,SIGMA,ETA,36 a 45 años,1,,ALPHA,
Agrupación De Vivienda Monguí,ETAPA 2,3/11/2026,No,Banco,Banderas y/o señalización,"1,961,014,000,000",2026-3,2026-3,SIGMA,OMEGA,36 a 45 años,1,1,RHO,X
Agrupacion De Vivienda Bosque De Arrayan,ETAPA 3,3/1/2026,No,Colsubsidio,Banderas y/o señalización,"2,034,180,000,000",2026-3,2026-3,SIGMA,OMEGA,20 a 35 años,1,1,RHO,X
Agrupación De Vivienda Monguí,ETAPA 1,3/15/2026,No,Banco,Banderas y/o señalización,"1,575,815,000,000",2026-3,2026-3,KAPPA,OMEGA,36 a 45 años,3,3,GAMMA,
Agrupación De Vivienda Pamplona I,ETAPA 4,12/8/2025,No,Banco,Banderas y/o señalización,"2,361,000,000,000",2025-12,2025-12,SIGMA,OMEGA,20 a 35 años,2,2,GAMMA,
Agrupación De Vivienda Monguí,ETAPA 2,12/30/2025,No,Banco,Contact Center,"2,041,940,000,000",2025-12,2025-12,KAPPA,OMEGA,20 a 35 años,,,RHO,X
INARI,ETAPA 1,3/19/2024,No,Banco,Banderas y/o señalización,"2,916,000,000,000",2024-3,2024-3,NU,OMEGA,20 - 35 años,,,TAU,
Agrupación De Vivienda La Macarena,ETAPA 3,4/26/2026,No,Banco,Banderas y/o señalización,"1,479,515,000,000",2026-4,2026-4,KAPPA,OMEGA,36 a 45 años,1,1,GAMMA,
Agrupación De Vivienda La Macarena,ETAPA 3,4/25/2026,No,Colsubsidio,Activación,"1,497,024,000,000",2026-4,2026-4,KAPPA,OMEGA,20 a 35 años,1,1,GAMMA,
AGRUPACIÓN DE VIVIENDA BOSQUE DE TURPIAL,ETAPA 1,4/25/2026,No,Colsubsidio,Banderas y/o señalización,"2,261,000,000,000",2026-4,2026-4,NU,OMEGA,20 a 35 años,,,RHO,
VERDE ESPERANZA EL DORADO,ETAPA 1,4/25/2026,No,Banco,Banderas y/o señalización,"1,753,000,000,000",2026-4,2026-4,KAPPA,OMEGA,36 a 45 años,2,2,TAU,
Agrupación De Vivienda Monguí,ETAPA 3,4/25/2026,No,Colsubsidio,Banderas y/o señalización,"1,952,259,000,000",2026-4,2026-4,KAPPA,OMEGA,46 a 55 años,1,1,RHO,X
VERDE ESPERANZA EL DORADO,ETAPA 1,4/30/2026,No,Banco,Banderas y/o señalización,"1,753,000,000,000",2026-4,2026-4,NU,OMEGA,20 a 35 años,,,GAMMA,
La Arboleda,ETAPA 1,4/4/2026,No,Colsubsidio,Banderas y/o señalización,"1,750,905,000,000",2026-4,2026-4,KAPPA,OMEGA,20 a 35 años,2,1,ZETA,
VILLA FIORITA,ETAPA 3,9/24/2025,No,Banco,Ferias empresariales,"2,135,250,000,000",2025-9,2025-9,NU,ETA,20 a 35 años,,,RHO,X
Versalles,ETAPA 1,7/30/2024,No,Banco,Referido,"2,034,000,000,000",2024-7,2024-7,SIGMA,OMEGA,20 - 35 años,1,1,GAMMA,X
Agrupación De Vivienda Pamplona I,ETAPA 3,3/21/2025,No,Colsubsidio,Banderas y/o señalización,"2,217,000,000,000",2025-3,2025-3,SIGMA,OMEGA,46 a 55 años,2,1,RHO,X
AGRUPACIÓN DE VIVIENDA BOSQUE DE TURPIAL,ETAPA 1,4/26/2026,No,Colsubsidio,Ferias empresariales,"2,001,000,000,000",2026-4,2026-4,KAPPA,OMEGA,36 a 45 años,,,GAMMA,
VILLA FIORITA,ETAPA 2,3/24/2025,No,Banco,Whatsapp,"2,135,250,000,000",2025-3,2025-3,SIGMA,OMEGA,20 a 35 años,1,1,GAMMA,
Proyecto Karakalí,1,4/24/2026,Si,Colsubsidio,Sin Informacion,"2,363,721,750,000",2026-4,2026-4,NU,TAU,20 a 35 años,,,GAMMA,
Agrupacion De Vivienda Bosque De Arrayan,,3/27/2025,Si,Banco,Sin Informacion,"2,205,000,000,000",2025-3,2025-3,NU,OMEGA,20 a 35 años,,,GAMMA,
Agrupación De Vivienda La Macarena,3,9/30/2025,Si,Colsubsidio,Sin Informacion,"1,523,269,000,000",2025-9,2025-9,SIGMA,OMEGA,36 a 45 años,,,NU,
AGRUPACIÓN DE VIVIENDA SAMÁN ,ETAPA 1,4/24/2026,No,Banco,Ferias empresariales,"2,532,490,950,000",2026-4,2026-4,KAPPA,OMEGA,20 a 35 años,1,1,ZETA,
VERDE ESPERANZA EL DORADO,ETAPA 1,9/26/2025,No,Colsubsidio,Banderas y/o señalización,"1,578,000,000,000",2025-9,2025-9,KAPPA,OMEGA,20 a 35 años,1,1,ZETA,
INARI,1,7/27/2024,Si,Banco,Sin Informacion,"2,808,000,000,000",2024-7,2024-7,SIGMA,ETA,20 - 35 años,1,,NU,
Agrupación De Vivienda La Macarena,3,3/27/2025,Si,Banco,Sin Informacion,"1,575,815,000,000",2025-3,2025-3,NU,OMEGA,20 a 35 años,,,TAU,
VERDE ESPERANZA EL DORADO,ETAPA 1,10/11/2025,No,Banco,Valla ,"1,618,000,000,000",2025-10,2025-10,SIGMA,OMEGA,Mayor de 55 años,,,GAMMA,
VERDE ESPERANZA EL DORADO,ETAPA 1,11/29/2025,No,Banco,Banderas y/o señalización,"1,753,000,000,000",2025-11,2025-11,KAPPA,OMEGA,Mayor de 55 años,2,,NU,
VERDE ESPERANZA EL DORADO,ETAPA 1,10/24/2025,No,Colsubsidio,Banderas y/o señalización,"1,578,000,000,000",2025-10,2025-10,SIGMA,OMEGA,46 a 55 años,,,NU,
VERDE ESPERANZA EL DORADO,ETAPA 1,1/14/2026,No,Colsubsidio,Banderas y/o señalización,"1,753,000,000,000",2026-1,2026-1,KAPPA,OMEGA,36 a 45 años,2,2,NU,
VERDE ESPERANZA EL DORADO,ETAPA 1,11/9/2025,No,Banco,Banderas y/o señalización,"1,618,000,000,000",2025-11,2025-11,KAPPA,OMEGA,20 a 35 años,,,TAU,
AGRUPACIÓN DE VIVIENDA SAMÁN ,ETAPA 1,1/12/2026,No,Banco,Whatsapp,"2,550,000,000,000",2026-1,2026-1,KAPPA,OMEGA,36 a 45 años,1,1,GAMMA,
VILLA FIORITA,,8/30/2024,Si,Banco,Sin Informacion,"1,987,206,000,000",2024-8,2024-8,KAPPA,OMEGA,36 - 45 años,3,2,NU,
Agrupación De Vivienda Monguí,ETAPA 2,1/17/2024,No,Colsubsidio,Banderas y/o señalización,"1,777,951,500,000",2024-1,2024-1,KAPPA,OMEGA,36 - 45 años,2,1,GAMMA,
ARAUCARIA,ETAPA 1,1/3/2026,No,Banco,Página web ,"7,298,000,000,000",2026-1,2026-1,SIGMA,TAU,46 a 55 años,2,,NU,
Agrupacion De Vivienda Fuentevida,,1/31/2024,Si,Banco,Sin Informacion,"1,170,000,000,000",2024-1,2024-1,KAPPA,OMEGA,46 - 55 años,3,1,NU,
Agrupación De Vivienda Monguí,ETAPA 2,11/7/2025,No,Banco,Banderas y/o señalización,"2,021,370,000,000",2025-11,2025-11,KAPPA,OMEGA,36 a 45 años,2,,ZETA,
Agrupacion De Vivienda Bosque De Arrayan,ETAPA 1,6/16/2024,No,Colsubsidio,Banderas y/o señalización,"1,931,800,000,000",2024-6,2024-6,NU,OMEGA,20 - 35 años,,,RHO,X
Agrupación De Vivienda Monguí,ETAPA 1,6/14/2025,No,Colsubsidio,Banderas y/o señalización,"1,736,670,000,000",2025-6,2025-6,NU,OMEGA,20 a 35 años,,,RHO,
ARAUCARIA,ETAPA 2,5/7/2026,No,Banco,Banderas y/o señalización,"6,568,000,000,000",2026-5,2026-5,NU,ETA,20 a 35 años,,,RHO,X
AGRUPACIÓN DE VIVIENDA BOSQUE DE TURPIAL,ETAPA 1,6/15/2024,No,Banco,Visita empresarial,"2,311,000,000,000",2024-6,2024-6,KAPPA,OMEGA,20 - 35 años,2,2,RHO,X
Conjunto Residencial Campo Alegre El Dorado,ETAPA 2,6/21/2025,No,Colsubsidio,Referido Alcaldía,"1,184,494,350,000",2025-6,2025-6,KAPPA,OMEGA,20 a 35 años,2,1,GAMMA,
Versalles,ETAPA 1,6/19/2024,No,Banco,Referido,"2,171,000,000,000",2024-6,2024-6,SIGMA,OMEGA,36 - 45 años,1,1,GAMMA,
Agrupacion De Vivienda Reserva De Guayacan,ETAPA 1,5/2/2026,No,Banco,Referido,"1,754,000,000,000",2026-5,2026-5,SIGMA,OMEGA,20 a 35 años,1,1,RHO,X
Agrupación De Vivienda Monguí,,6/30/2024,Si,Banco,Sin Informacion,"1,610,815,000,000",2024-6,2024-6,SIGMA,OMEGA,20 - 35 años,1,1,GAMMA,
La Arboleda,ETAPA 2,6/13/2025,No,Banco,Activación,"1,789,339,500,000",2025-6,2025-6,KAPPA,OMEGA,20 a 35 años,3,2,TAU,
La Arboleda,ETAPA 3,6/16/2025,No,Banco,Activación,"2,412,130,000,000",2025-6,2025-6,KAPPA,OMEGA,36 a 45 años,1,1,ZETA,
INARI,ETAPA 1,6/28/2024,No,Colsubsidio,Ferias empresariales,"2,808,000,000,000",2024-6,2024-6,SIGMA,OMEGA,20 - 35 años,1,1,NU,
Versalles,ETAPA 1,6/16/2024,No,Colsubsidio,Ferias empresariales,"2,171,000,000,000",2024-6,2024-6,KAPPA,OMEGA,20 - 35 años,,,TAU,
VILLA FIORITA,ETAPA 1,6/16/2024,No,Banco,Ferias empresariales,"1,950,000,000,000",2024-6,2024-6,KAPPA,OMEGA,20 - 35 años,1,1,ALPHA,
Agrupación De Vivienda Pamplona I,ETAPA 3,5/24/2026,No,Banco,Campaña FNA,"2,100,000,000,000",2026-5,2026-5,KAPPA,OMEGA,20 a 35 años,1,1,RHO,X
Agrupación De Vivienda La Macarena,ETAPA 3,4/26/2024,No,Colsubsidio,Whatsapp,"1,610,815,000,000",2024-4,2024-4,KAPPA,OMEGA,46 - 55 años,1,1,RHO,X
La Arboleda,,9/19/2024,Si,Colsubsidio,Sin Informacion,"1,807,845,000,000",2024-9,2024-9,NU,OMEGA,20 - 35 años,0,0,RHO,X
Versalles,ETAPA 1,5/24/2026,No,Banco,Banderas y/o señalización,"1,952,000,000,000",2026-5,2026-5,KAPPA,OMEGA,20 a 35 años,,,RHO,
Agrupación De Vivienda La Macarena,ETAPA 3,6/28/2025,No,Colsubsidio,Banderas y/o señalización,"1,483,287,000,000",2025-6,2025-6,SIGMA,OMEGA,36 a 45 años,1,1,GAMMA,
La Arboleda,ETAPA 1,4/13/2024,No,Banco,Banderas y/o señalización,"1,717,300,000,000",2024-4,2024-4,KAPPA,OMEGA,20 - 35 años,4,3,GAMMA,
Versalles,ETAPA 1,6/26/2025,No,Banco,Ferias empresariales,"1,987,000,000,000",2025-6,2025-6,SIGMA,OMEGA,20 a 35 años,2,2,NU,
AGRUPACIÓN DE VIVIENDA BOSQUE DE TURPIAL,,6/3/2024,Si,Colsubsidio,Sin Informacion,"2,263,000,000,000",2024-6,2024-6,SIGMA,OMEGA,36 - 45 años,1,1,TAU,
INARI,ETAPA 1,6/21/2024,No,Banco,Ferias empresariales,"2,808,000,000,000",2024-6,2024-6,SIGMA,OMEGA,20 - 35 años,1,1,ZETA,
AGRUPACIÓN DE VIVIENDA SAMÁN ,ETAPA 1,6/14/2025,No,Colsubsidio,Ferias empresariales,"2,550,000,000,000",2025-6,2025-6,NU,ETA,20 a 35 años,,,NU,
Agrupacion De Vivienda Bosque De Arrayan,ETAPA 4,2/8/2025,No,Banco,Banderas y/o señalización,"2,066,922,000,000",2025-2,2025-2,SIGMA,ETA,Mayor de 55 años,,,NU,
Versalles,ETAPA 1,6/13/2025,No,Banco,Banderas y/o señalización,"2,110,000,000,000",2025-6,2025-6,KAPPA,OMEGA,20 a 35 años,1,1,NU,
Agrupación De Vivienda La Macarena,ETAPA 3,6/21/2024,No,Banco,Ferias empresariales,"1,493,700,000,000",2024-6,2024-6,NU,OMEGA,20 - 35 años,,,TAU,
Agrupacion De Vivienda Bosque De Arrayan,ETAPA 4,2/22/2025,No,Banco,Banderas y/o señalización,"2,065,498,500,000",2025-2,2025-2,KAPPA,OMEGA,20 a 35 años,2,2,TAU,
Versalles,ETAPA 1,5/31/2026,No,Colsubsidio,Banderas y/o señalización,"1,987,000,000,000",2026-5,2026-5,SIGMA,OMEGA,36 a 45 años,1,1,TAU,
Agrupación De Vivienda Pamplona I,,6/19/2024,Si,Colsubsidio,Sin Informacion,"2,078,310,000,000",2024-6,2024-6,KAPPA,OMEGA,20 - 35 años,1,1,TAU,
VERDE ESPERANZA EL DORADO,ETAPA 1,10/16/2025,No,Banco,Banderas y/o señalización,"1,618,000,000,000",2025-10,,PI,CHI,,,,XI,
Agrupación De Vivienda Monguí,ETAPA 2,3/7/2026,No,Banco,Banderas y/o señalización,"1,987,259,000,000",2026-3,,PI,CHI,,,,XI,
Agrupacion De Vivienda Bosque De Arrayan,ETAPA 3,2/14/2025,No,Banco,Banderas y/o señalización,"2,091,121,500,000",2025-2,,PI,CHI,,,,XI,
Los Nogales,ETAPA 1,2/10/2024,No,Banco,Banderas y/o señalización,"5,358,800,000,000",2024-2,,PI,CHI,,,,XI,
Los Nogales,ETAPA 2,3/6/2026,No,Contado,CS Unicentro de Occidente,"7,443,520,000,000",2026-3,,PI,CHI,,,,XI,
ARAUCARIA,ETAPA 1,12/21/2025,No,Banco,Banderas y/o señalización,"7,306,000,000,000",2025-12,,PI,CHI,,,,XI,
Agrupación De Vivienda Pamplona I,ETAPA 4,12/29/2025,No,Banco,Banderas y/o señalización,"2,418,000,000,000",2025-12,,PI,CHI,,,,XI,
Los Nogales,ETAPA 2,9/22/2024,No,Contado,Whatsapp,"5,537,395,700,000",2024-9,,PI,CHI,,,,XI,
La Arboleda,ETAPA 2,10/9/2024,No,Banco,Banderas y/o señalización,"1,789,339,500,000",2024-10,,PI,CHI,,,,XI,
INARI,ETAPA 1,8/31/2025,No,Colsubsidio,Activación,"2,506,000,000,000",2025-8,,PI,CHI,,,,XI,
Agrupacion De Vivienda Bosque De Arrayan,ETAPA 4,2/3/2026,No,Banco,Banderas y/o señalización,"2,205,000,000,000",2026-2,,PI,CHI,,,,XI,
Proyecto Karakalí,ETAPA 1,7/25/2025,No,Banco,Banderas y/o señalización,"2,451,267,000,000",2025-7,,PI,CHI,,,,XI,
Agrupacion De Vivienda Bosque De Arrayan,ETAPA 1,7/27/2024,No,Banco,CS Tocancipá,"1,686,100,000,000",2024-7,,PI,CHI,,,,XI,
Agrupación De Vivienda La Macarena,ETAPA 3,2/19/2024,No,Banco,Banderas y/o señalización,"1,338,500,000,000",2024-2,,PI,CHI,,,,XI,
Agrupacion De Vivienda Bosque De Arrayan,ETAPA 1,3/26/2026,No,Banco,Banderas y/o señalización,"1,979,500,000,000",2026-3,,PI,CHI,,,,XI,
INARI,ETAPA 1,10/24/2024,No,Banco,Banderas y/o señalización,"2,808,000,000,000",2024-10,,PI,CHI,,,,XI,
VERDE ESPERANZA EL DORADO,ETAPA 1,9/24/2025,No,Banco,Valla ,"1,618,000,000,000",2025-9,,PI,CHI,,,,XI,
Agrupación De Vivienda Monguí,,3/17/2025,Si,Banco,Sin Informacion,"1,887,561,000,000",2025-3,,PI,CHI,,,,XI,
Agrupación De Vivienda Monguí,ETAPA 2,4/13/2024,No,Banco,Revista Estrenar Vivienda,"1,987,206,000,000",2024-4,,PI,CHI,,,,XI,
Agrupación De Vivienda Monguí,,4/6/2025,Si,Banco,Sin Informacion,"1,961,014,000,000",2025-4,,PI,CHI,,,,XI,
AGRUPACIÓN DE VIVIENDA BOSQUE DE TURPIAL,ETAPA 1,6/3/2024,No,Colsubsidio,CS Tocancipá,"2,311,000,000,000",2024-6,,PI,CHI,,,,XI,
Agrupación De Vivienda Monguí,ETAPA 2,3/1/2026,No,Banco,Banderas y/o señalización,"2,004,768,000,000",2026-3,,PI,CHI,,,,XI,
VILLA FIORITA,ETAPA 1,8/25/2024,No,Banco,Activación,"1,950,000,000,000",2024-8,,PI,CHI,,,,XI,
Versalles,ETAPA 1,9/17/2024,No,Banco,Referido,"2,110,000,000,000",2024-9,,PI,CHI,,,,XI,
VILLA MERCEDES EL DORADO,ETAPA 1,2/26/2026,No,Banco,Referido Alcaldía,"1,715,000,000,000",2026-2,,PI,CHI,,,,XI,
Agrupación De Vivienda La Macarena,ETAPA 2,7/26/2024,No,Banco,Referido,"1,483,300,000,000",2024-7,,PI,CHI,,,,XI,
Los Nogales,1,2/9/2024,Si,Contado,Sin Informacion,"6,920,520,000,000",2024-2,,PI,CHI,,,,XI,
Versalles,ETAPA 2,4/21/2026,No,Banco,Banderas y/o señalización,"2,347,000,000,000",2026-4,,PI,CHI,,,,XI,
Los Nogales,1,3/11/2024,Si,Banco,Sin Informacion,"6,771,423,800,000",2024-3,,PI,CHI,,,,XI,
INARI,ETAPA 1,3/9/2025,No,Banco,Banderas y/o señalización,"2,808,000,000,000",2025-3,,PI,CHI,,,,XI,
Agrupación De Vivienda Monguí,,6/28/2025,Si,Banco,Sin Informacion,"1,820,923,000,000",2025-6,,PI,CHI,,,,XI,
Conjunto Residencial Campo Alegre El Dorado,ETAPA 2,4/21/2025,No,Banco,Valla ,"1,184,494,350,000",2025-4,,PI,CHI,,,,XI,
La Arboleda,3,6/9/2025,Si,Banco,Sin Informacion,"2,412,130,000,000",2025-6,,PI,CHI,,,,XI,
VERDE ESPERANZA EL DORADO,ETAPA 1,9/29/2025,No,Banco,Valla ,"1,618,000,000,000",2025-9,,PI,CHI,,,,XI,
Los Nogales,1,2/10/2024,Si,Banco,Sin Informacion,"5,466,120,000,000",2024-2,,PI,CHI,,,,XI,
Agrupación De Vivienda Pamplona I,ETAPA 5,4/27/2025,No,Banco,Banderas y/o señalización,"2,293,000,000,000",2025-4,,PI,CHI,,,,XI,
Agrupación De Vivienda Pamplona I,ETAPA 4,1/4/2026,No,Banco,Banderas y/o señalización,"2,361,000,000,000",2026-1,,PI,CHI,,,,XI,
Agrupación De Vivienda La Macarena,3,1/6/2025,Si,Banco,Sin Informacion,"1,533,109,500,000",2025-1,,PI,CHI,,,,XI,
Agrupación De Vivienda Monguí,ETAPA 1,3/1/2025,No,Banco,Banderas y/o señalización,"1,750,905,000,000",2025-3,,PI,CHI,,,,XI,
INARI,ETAPA 1,1/27/2025,No,Banco,Referido,"2,808,000,000,000",2025-1,,PI,CHI,,,,XI,
AGRUPACIÓN DE VIVIENDA BOSQUE DE TURPIAL,ETAPA 1,7/16/2026,No,Colsubsidio,Banderas y/o señalización,"2,346,000,000,000",2026-7,,PI,CHI,,,,XI,
Agrupacion De Vivienda Fuentevida,ETAPA 2,8/31/2024,No,Contado,Referido Alcaldía,"754,410,400,000",2024-8,,PI,CHI,,,,XI,
Proyecto Karakalí,ETAPA 1,5/26/2025,No,Banco,Página web ,"2,451,267,000,000",2025-5,,PI,CHI,,,,XI,
ARAUCARIA,ETAPA 1,12/20/2025,No,Banco,Banderas y/o señalización,"6,168,000,000,000",2025-12,,PI,CHI,,,,XI,
La Arboleda,ETAPA 1,8/1/2024,No,Banco,Contact Center,"1,599,000,000,000",2024-8,,PI,CHI,,,,XI,
Los Nogales,1,2/10/2024,Si,Banco,Sin Informacion,"5,320,700,000,000",2024-2,,PI,CHI,,,,XI,
AGRUPACIÓN DE VIVIENDA BOSQUE DE TURPIAL,ETAPA 1,4/7/2026,No,Banco,Banderas y/o señalización,"2,136,000,000,000",2026-4,,PI,CHI,,,,XI,
Agrupación De Vivienda Pamplona I,ETAPA 4,2/3/2025,No,Banco,Banderas y/o señalización,"2,361,000,000,000",2025-2,,PI,CHI,,,,XI,
VERDE ESPERANZA EL DORADO,ETAPA 1,3/26/2026,No,Banco,Banderas y/o señalización,"1,793,000,000,000",2026-3,,PI,CHI,,,,XI,
VERDE ESPERANZA EL DORADO,ETAPA 1,5/20/2026,No,Banco,Banderas y/o señalización,"1,793,000,000,000",2026-5,,PI,CHI,,,,XI,
VERDE ESPERANZA EL DORADO,ETAPA 1,9/26/2025,No,Banco,Banderas y/o señalización,"1,618,000,000,000",2025-9,,PI,CHI,,,,XI,
La Arboleda,ETAPA 3,6/14/2025,No,Banco,Página web ,"2,412,130,000,000",2025-6,,PI,CHI,,,,XI,
ARAUCARIA,ETAPA 1,12/19/2025,No,Banco,Página web ,"7,091,000,000,000",2025-12,,PI,CHI,,,,XI,
Los Nogales,ETAPA 2,8/23/2024,No,Banco,Valla ,"5,537,390,000,000",2024-8,,PI,CHI,,,,XI,
Agrupación De Vivienda Monguí,ETAPA 1,7/4/2025,No,Banco,Banderas y/o señalización,"1,910,337,000,000",2025-7,,PI,CHI,,,,XI,
AGRUPACIÓN DE VIVIENDA SAMÁN ,,11/16/2025,Si,Banco,Sin Informacion,"2,550,000,000,000",2025-11,,PI,CHI,,,,XI,
Agrupación De Vivienda Monguí,ETAPA 2,3/12/2026,No,Banco,Banderas y/o señalización,"1,987,259,000,000",2026-3,,PI,CHI,,,,XI,
Los Nogales,ETAPA 1,2/9/2024,No,Banco,Activación,"5,149,990,000,000",2024-2,,PI,CHI,,,,XI,
La Arboleda,ETAPA 1,9/30/2024,No,Banco,Banderas y/o señalización,"1,744,600,000,000",2024-9,,PI,CHI,,,,XI,
MIRADOR DEL VIRREY II,UNICA,7/4/2024,No,Banco,Banderas ,"1,700,000,000,000",2024-7,,PI,CHI,,,,XI,
AGRUPACIÓN DE VIVIENDA SAMÁN ,ETAPA 1,8/21/2025,No,Banco,Ferias empresariales,"2,550,000,000,000",2025-8,,PI,CHI,,,,XI,
VERDE ESPERANZA EL DORADO,ETAPA 1,11/18/2025,No,Banco,Banderas y/o señalización,"1,618,000,000,000",2025-11,,PI,CHI,,,,XI,
Los Nogales,1,7/21/2025,Si,Banco,Sin Informacion,"7,920,110,000,000",2025-7,,PI,CHI,,,,XI,
Conjunto Residencial Campo Alegre El Dorado,ETAPA 2,6/22/2024,No,Banco,Referido Alcaldía,"1,081,730,000,000",2024-6,,PI,CHI,,,,XI,
Versalles,ETAPA 1,10/16/2024,No,Banco,Referido,"2,110,000,000,000",2024-10,,PI,CHI,,,,XI,
VILLA FIORITA,ETAPA 2,6/18/2025,No,Banco,Activación,"2,135,250,000,000",2025-6,,PI,CHI,,,,XI,
VERDE ESPERANZA EL DORADO,ETAPA 1,10/31/2025,No,Banco,Banderas y/o señalización,"1,618,000,000,000",2025-10,,PI,CHI,,,,XI,
AGRUPACIÓN DE VIVIENDA BOSQUE DE TURPIAL,ETAPA 1,4/30/2026,No,Colsubsidio,Banderas y/o señalización,"2,588,000,000,000",2026-4,,PI,CHI,,,,XI,
Zarzal,ETAPA 1,1/3/2026,No,Banco,Banderas y/o señalización,"2,232,000,000,000",2026-1,,PI,CHI,,,,XI,
VERDE ESPERANZA EL DORADO,ETAPA 1,3/6/2026,No,Banco,Banderas y/o señalización,"1,793,000,000,000",2026-3,,PI,CHI,,,,XI,
Agrupación De Vivienda Pamplona I,ETAPA 4,9/28/2025,No,Banco,Banderas y/o señalización,"2,361,000,000,000",2025-9,,PI,CHI,,,,XI,
INARI,1,1/26/2024,Si,Banco,Sin Informacion,"2,916,000,000,000",2024-1,,PI,CHI,,,,XI,
VILLA MERCEDES EL DORADO,ETAPA 1,2/9/2026,No,Banco,Referido Alcaldía,"1,715,000,000,000",2026-2,,PI,CHI,,,,XI,
Agrupacion De Vivienda Fuentevida,ETAPA 2,11/22/2024,No,Banco,Referido Alcaldía,"1,170,000,000,000",2024-11,,PI,CHI,,,,XI,
La Arboleda,ETAPA 1,7/31/2025,No,Banco,Banderas y/o señalización,"1,639,872,000,000",2025-7,,PI,CHI,,,,XI,
Agrupación De Vivienda La Macarena,ETAPA 3,3/16/2025,No,Banco,Banderas y/o señalización,"1,612,825,500,000",2025-3,,PI,CHI,,,,XI,
AGRUPACIÓN DE VIVIENDA BOSQUE DE TURPIAL,,6/27/2024,Si,Colsubsidio,Sin Informacion,"2,263,000,000,000",2024-6,,PI,CHI,,,,XI,
Los Nogales,2,10/30/2024,Si,Contado,Sin Informacion,"5,607,228,400,000",2024-10,,PI,CHI,,,,XI,
VILLA FIORITA,ETAPA 3,7/28/2025,No,Banco,Activación,"2,135,250,000,000",2025-7,,PI,CHI,,,,XI,
Versalles,ETAPA 1,8/12/2024,No,Banco,Referido,"2,171,000,000,000",2024-8,,PI,CHI,,,,XI,
Versalles,ETAPA 1,6/15/2025,No,Banco,Ferias empresariales,"1,987,000,000,000",2025-6,,PI,CHI,,,,XI,
VILLA MERCEDES EL DORADO,ETAPA 1,6/17/2026,No,Banco,Referido Alcaldía,"1,715,000,000,000",2026-6,,PI,CHI,,,,XI,
La Arboleda,ETAPA 1,4/5/2024,No,Banco,Banderas y/o señalización,"1,799,200,000,000",2024-4,,PI,CHI,,,,XI,
VILLA MERCEDES EL DORADO,ETAPA 1,2/16/2026,No,Banco,Referido Alcaldía,"1,715,000,000,000",2026-2,,PI,CHI,,,,XI,
La Arboleda,ETAPA 3,7/23/2025,No,Colsubsidio,Banderas y/o señalización,"2,412,130,000,000",2025-7,,PI,CHI,,,,XI,
Agrupación De Vivienda La Macarena,3,2/17/2024,Si,Colsubsidio,Sin Informacion,"1,482,800,000,000",2024-2,,PI,CHI,,,,XI,
Agrupacion De Vivienda Reserva De Guayacan,ETAPA 1,6/17/2025,No,Banco,Referido,"2,360,000,000,000",2025-6,,PI,CHI,,,,XI,
Proyecto Karakalí,ETAPA 1,2/14/2025,No,Banco,Banderas y/o señalización,"2,451,267,000,000",2025-2,,PI,CHI,,,,XI,
Agrupación De Vivienda La Macarena,3,5/17/2024,Si,Banco,Sin Informacion,"1,541,650,500,000",2024-5,,PI,CHI,,,,XI,
VILLA MERCEDES EL DORADO,ETAPA 1,2/20/2026,No,Banco,Referido Alcaldía,"1,715,000,000,000",2026-2,,PI,CHI,,,,XI,
Agrupación De Vivienda Monguí,ETAPA 3,4/25/2026,No,Banco,Activación,"1,820,923,000,000",2026-4,,PI,CHI,,,,XI,
Agrupación De Vivienda Monguí,ETAPA 2,12/28/2025,No,Banco,Banderas y/o señalización,"1,836,187,000,000",2025-12,,PI,CHI,,,,XI,
Agrupación De Vivienda Pamplona I,ETAPA 4,1/27/2026,No,Banco,Banderas y/o señalización,"2,480,000,000,000",2026-1,,PI,CHI,,,,XI,
Agrupacion De Vivienda Fuentevida,,4/22/2024,Si,Banco,Sin Informacion,"1,170,000,000,000",2024-4,,PI,CHI,,,,XI,
Los Nogales,ETAPA 1,8/31/2025,No,Contado,Whatsapp,"5,520,540,000,000",2025-8,,PI,CHI,,,,XI,
Agrupacion De Vivienda Reserva De Guayacan,ETAPA 1,12/12/2025,No,Banco,Whatsapp,"2,360,000,000,000",2025-12,,PI,CHI,,,,XI,
La Arboleda,ETAPA 2,6/16/2024,No,Banco,Ferias empresariales,"1,772,257,500,000",2024-6,,PI,CHI,,,,XI,
Agrupacion De Vivienda Bosque De Arrayan,,3/22/2024,Si,Banco,Sin Informacion,"1,935,700,000,000",2024-3,,PI,CHI,,,,XI,
Agrupacion De Vivienda Reserva De Guayacan,ETAPA 1,1/25/2025,No,Banco,Referido,"2,360,000,000,000",2025-1,,PI,CHI,,,,XI,
Agrupación De Vivienda Monguí,,3/16/2025,Si,Banco,Sin Informacion,"1,773,681,000,000",2025-3,,PI,CHI,,,,XI,
Agrupación De Vivienda Monguí,,6/25/2024,Si,Banco,Sin Informacion,"1,730,976,000,000",2024-6,,PI,CHI,,,,XI,
Agrupacion De Vivienda Bosque De Arrayan,ETAPA 3,11/16/2024,No,Banco,Banderas y/o señalización,"2,037,030,000,000",2024-11,,PI,CHI,,,,XI,
Versalles,ETAPA 1,5/10/2026,No,Banco,Banderas y/o señalización,"2,022,000,000,000",2026-5,,PI,CHI,,,,XI,
VERDE ESPERANZA EL DORADO,ETAPA 1,11/27/2025,No,Banco,Banderas y/o señalización,"1,793,000,000,000",2025-11,,PI,CHI,,,,XI,
Agrupación De Vivienda Monguí,ETAPA 1,3/15/2026,No,Banco,Banderas y/o señalización,"1,619,569,000,000",2026-3,,PI,CHI,,,,XI,
ABETO,ETAPA 2,12/19/2025,No,Colsubsidio,Activación,"3,682,000,000,000",2025-12,,PI,CHI,,,,XI,
ARAUCARIA,ETAPA 1,12/21/2025,No,Banco,Banderas y/o señalización,"5,962,000,000,000",2025-12,,PI,CHI,,,,XI,
Agrupacion De Vivienda Fuentevida,ETAPA 2,11/29/2024,No,Banco,Referido Alcaldía,"1,170,000,000,000",2024-11,,PI,CHI,,,,XI,
Agrupación De Vivienda La Macarena,3,5/30/2024,Si,Banco,Sin Informacion,"1,534,533,000,000",2024-5,,PI,CHI,,,,XI,
Agrupación De Vivienda La Macarena,ETAPA 4,7/14/2026,No,Banco,Banderas y/o señalización,"1,523,269,000,000",2026-7,,PI,CHI,,,,XI,
La Arboleda,ETAPA 4,5/31/2026,No,Banco,Banderas y/o señalización,"1,976,071,000,000",2026-5,,PI,CHI,,,,XI,
Conjunto Residencial Campo Alegre El Dorado,ETAPA 2,8/23/2024,No,Banco,Referido Alcaldía,"1,118,728,650,000",2024-8,,PI,CHI,,,,XI,
Los Nogales,ETAPA 1,6/18/2025,No,Banco,Activación,"5,523,940,000,000",2025-6,,PI,CHI,,,,XI,
La Arboleda,ETAPA 2,9/16/2024,No,Banco,Banderas y/o señalización,"1,940,230,500,000",2024-9,,PI,CHI,,,,XI,
Agrupación De Vivienda Pamplona I,,8/16/2024,Si,Banco,Sin Informacion,"1,950,195,000,000",2024-8,,PI,CHI,,,,XI,
Agrupación De Vivienda Monguí,,3/31/2025,Si,Banco,Sin Informacion,"1,785,923,000,000",2025-3,,PI,CHI,,,,XI,
Los Nogales,ETAPA 1,2/10/2024,No,Banco,Ferias empresariales,"5,520,660,000,000",2024-2,,PI,CHI,,,,XI,
INARI,ETAPA 1,11/25/2024,No,Banco,Banderas y/o señalización,"2,506,000,000,000",2024-11,,PI,CHI,,,,XI,
Los Nogales,ETAPA 1,5/14/2026,No,Banco,Activación,"5,666,710,000,000",2026-5,,PI,CHI,,,,XI,
Proyecto Karakalí,ETAPA 1,12/26/2024,No,Banco,Activación,"2,630,000,000,000",2024-12,,PI,CHI,,,,XI,
ARAUCARIA,ETAPA 1,1/4/2026,No,Banco,CS Unicentro de Occidente,"6,181,000,000,000",2026-1,,PI,CHI,,,,XI,
Agrupación De Vivienda Monguí,ETAPA 2,11/19/2024,No,Banco,Banderas y/o señalización,"1,964,430,000,000",2024-11,,PI,CHI,,,,XI,
Agrupacion De Vivienda Payande,,6/14/2025,Si,Banco,Sin Informacion,"1,945,240,000,000",2025-6,,PI,CHI,,,,XI,
VILLA MERCEDES EL DORADO,ETAPA 1,2/23/2026,No,Banco,Referido Alcaldía,"1,715,000,000,000",2026-2,,PI,CHI,,,,XI,
Agrupación De Vivienda Monguí,ETAPA 1,11/30/2024,No,Banco,Banderas y/o señalización,"1,842,100,000,000",2024-11,,PI,CHI,,,,XI,
Los Nogales,1,2/11/2024,Si,Banco,Sin Informacion,"5,377,063,950,000",2024-2,,PI,CHI,,,,XI,
VILLA FIORITA,ETAPA 3,6/16/2024,No,Banco,Ferias empresariales,"2,135,250,000,000",2024-6,,PI,CHI,,,,XI,
Los Nogales,ETAPA 1,9/26/2025,No,Banco,Whatsapp,"5,732,810,000,000",2025-9,,PI,CHI,,,,XI,
Agrupación De Vivienda Pamplona I,ETAPA 5,3/19/2024,No,Banco,Banderas y/o señalización,"2,293,000,000,000",2024-3,,PI,CHI,,,,XI,
Agrupacion De Vivienda Bosque De Arrayan,ETAPA 4,2/17/2024,No,Banco,Banderas y/o señalización,"1,909,700,000,000",2024-2,,PI,CHI,,,,XI,
AGRUPACIÓN DE VIVIENDA BOSQUE DE TURPIAL,,8/26/2024,Si,Colsubsidio,Sin Informacion,"2,311,000,000,000",2024-8,,PI,CHI,,,,XI,
INARI,ETAPA 1,5/2/2026,No,Colsubsidio,Activación,"2,808,000,000,000",2026-5,,PI,CHI,,,,XI,
Los Nogales,ETAPA 1,4/30/2024,No,Banco,Valla ,"5,730,970,000,000",2024-4,,PI,CHI,,,,XI,
Proyecto Karakalí,ETAPA 1,12/4/2024,No,Banco,Banderas y/o señalización,"2,451,267,000,000",2024-12,,PI,CHI,,,,XI,
Agrupacion De Vivienda Payande,,3/20/2025,Si,Banco,Sin Informacion,"1,921,725,000,000",2025-3,,PI,CHI,,,,XI,
Agrupación De Vivienda Monguí,ETAPA 3,5/2/2026,No,Banco,Banderas y/o señalización,"2,004,768,000,000",2026-5,,PI,CHI,,,,XI,
Los Nogales,ETAPA 2,2/13/2024,No,Contado,Valla ,"7,800,411,800,000",2024-2,,PI,CHI,,,,XI,
INARI,ETAPA 1,4/19/2026,No,Colsubsidio,Activación,"2,808,000,000,000",2026-4,,PI,CHI,,,,XI,
INARI,1,12/9/2024,Si,Banco,Sin Informacion,"2,808,000,000,000",2024-12,,PI,CHI,,,,XI,
INARI,ETAPA 1,6/29/2026,No,Colsubsidio,Activación,"2,916,000,000,000",2026-6,,PI,CHI,,,,XI,
ARAUCARIA,ETAPA 2,7/10/2026,No,Contado,Banderas y/o señalización,"7,474,000,000,000",2026-7,,PI,CHI,,,,XI,
VERDE ESPERANZA EL DORADO,ETAPA 1,12/6/2025,No,Banco,Banderas y/o señalización,"1,618,000,000,000",2025-12,,PI,CHI,,,,XI,
ARAUCARIA,ETAPA 1,12/20/2025,No,Banco,Banderas y/o señalización,"6,224,000,000,000",2025-12,,PI,CHI,,,,XI,
VILLA MERCEDES EL DORADO,ETAPA 1,2/23/2026,No,Banco,Referido Alcaldía,"1,715,000,000,000",2026-2,,PI,CHI,,,,XI,
Agrupación De Vivienda Monguí,ETAPA 2,4/26/2026,No,Banco,Activación,"1,820,923,000,000",2026-4,,PI,CHI,,,,XI,
Los Nogales,ETAPA 1,4/30/2024,No,Banco,,"5,859,910,000,000",2024-4,,PI,CHI,,,,XI,
Versalles,ETAPA 1,8/12/2024,No,Banco,Referido,"2,171,000,000,000",2024-8,,PI,CHI,,,,XI,
ARAUCARIA,ETAPA 1,1/6/2026,No,Banco,Banderas y/o señalización,"6,261,000,000,000",2026-1,,PI,CHI,,,,XI,
Agrupación De Vivienda Monguí,ETAPA 2,9/26/2025,No,Banco,Banderas y/o señalización,"1,767,186,500,000",2025-9,,PI,CHI,,,,XI,
AGRUPACIÓN DE VIVIENDA BOSQUE DE TURPIAL,,1/31/2025,Si,Colsubsidio,Sin Informacion,"2,553,000,000,000",2025-1,,PI,CHI,,,,XI,
La Arboleda,ETAPA 1,9/30/2025,No,Banco,Banderas y/o señalización,"1,625,637,000,000",2025-9,,PI,CHI,,,,XI,
INARI,ETAPA 1,5/31/2026,No,Colsubsidio,Banderas y/o señalización,"2,808,000,000,000",2026-5,,PI,CHI,,,,XI,
MIRADOR DEL VIRREY II,UNICA,7/15/2024,No,Banco,Valla proyecto sala de ventas,"1,700,000,000,000",2024-7,,PI,CHI,,,,XI,
CONJUNTO RESIDENCIAL VIBO ONCE,ETAPA 1,2/22/2026,No,Banco,Banderas y/o señalización,"2,813,000,000,000",2026-2,,PI,CHI,,,,XI,
Agrupación De Vivienda La Macarena,ETAPA 3,10/31/2025,No,Banco,Banderas y/o señalización,"1,400,724,000,000",2025-10,,PI,CHI,,,,XI,
Los Nogales,ETAPA 2,12/27/2024,No,Contado,Activación,"5,708,230,000,000",2024-12,,PI,CHI,,,,XI,
VILLA MERCEDES EL DORADO,ETAPA 1,2/24/2026,No,Colsubsidio,Referido Alcaldía,"1,715,000,000,000",2026-2,,PI,CHI,,,,XI,
Los Nogales,ETAPA 1,4/30/2024,No,Banco,Valla ,"5,661,890,000,000",2024-4,,PI,CHI,,,,XI,
VERDE ESPERANZA EL DORADO,ETAPA 1,9/27/2025,No,Banco,Banderas y/o señalización,"1,618,000,000,000",2025-9,,PI,CHI,,,,XI,
INARI,ETAPA 1,6/24/2024,No,Contado,Ferias empresariales,"2,916,000,000,000",2024-6,,PI,CHI,,,,XI,
CONJUNTO RESIDENCIAL VIBO ONCE,ETAPA 1,4/24/2026,No,Banco,Banderas y/o señalización,"2,813,000,000,000",2026-4,,PI,CHI,,,,XI,
Agrupación De Vivienda Monguí,,7/23/2025,Si,Banco,Sin Informacion,"1,829,678,000,000",2025-7,,PI,CHI,,,,XI,
INARI,ETAPA 1,8/6/2024,No,Banco,Página web ,"2,808,000,000,000",2024-8,,PI,CHI,,,,XI,
Los Nogales,ETAPA 1,2/10/2024,No,Contado,Valla ,"5,303,720,000,000",2024-2,,PI,CHI,,,,XI,
Los Nogales,ETAPA 1,5/5/2026,No,Contado,Banderas y/o señalización,"8,034,800,000,000",2026-5,,PI,CHI,,,,XI,
La Arboleda,ETAPA 3,11/15/2025,No,Banco,Banderas y/o señalización,"2,412,130,000,000",2025-11,,PI,CHI,,,,XI,
Agrupacion De Vivienda Payande,ETAPA 1,3/11/2024,No,Contado,Banderas y/o señalización,"1,755,000,000,000",2024-3,,PI,CHI,,,,XI,
VERDE ESPERANZA EL DORADO,ETAPA 1,5/15/2026,No,Banco,Banderas y/o señalización,"1,793,000,000,000",2026-5,,PI,CHI,,,,XI,
VERDE ESPERANZA EL DORADO,ETAPA 1,11/15/2025,No,Banco,Banderas y/o señalización,"1,618,000,000,000",2025-11,,PI,CHI,,,,XI,
Agrupacion De Vivienda Reserva De Guayacan,ETAPA 1,12/9/2024,No,Banco,Referido,"2,360,000,000,000",2024-12,,PI,CHI,,,,XI,
AGRUPACIÓN DE VIVIENDA BOSQUE DE TURPIAL,ETAPA 1,12/30/2025,No,Banco,Banderas y/o señalización,"2,311,000,000,000",2025-12,,PI,CHI,,,,XI,
INARI,1,11/6/2024,Si,Banco,Sin Informacion,"2,506,000,000,000",2024-11,,PI,CHI,,,,XI,
VERDE ESPERANZA EL DORADO,ETAPA 1,1/27/2026,No,Banco,Banderas y/o señalización,"1,793,000,000,000",2026-1,,PI,CHI,,,,XI,
VERDE ESPERANZA EL DORADO,ETAPA 1,11/6/2025,No,Banco,Banderas y/o señalización,"1,618,000,000,000",2025-11,,PI,CHI,,,,XI,
Agrupación De Vivienda Pamplona I,ETAPA 4,12/26/2025,No,Banco,Banderas y/o señalización,"2,361,000,000,000",2025-12,,PI,CHI,,,,XI,
Agrupación De Vivienda Pamplona I,,2/15/2024,Si,Banco,Sin Informacion,"1,805,000,000,000",2024-2,,PI,CHI,,,,XI,
Los Nogales,ETAPA 1,3/31/2025,No,Banco,Banderas y/o señalización,"5,376,350,000,000",2025-3,,PI,CHI,,,,XI,
INARI,ETAPA 1,6/5/2026,No,Colsubsidio,Activación,"2,808,000,000,000",2026-6,,PI,CHI,,,,XI,
VERDE ESPERANZA EL DORADO,,10/14/2025,Si,Colsubsidio,Sin Informacion,"1,494,000,000,000",2025-10,,PI,CHI,,,,XI,
Los Nogales,ETAPA 2,9/3/2024,No,Contado,Valla ,"5,762,666,100,000",2024-9,,PI,CHI,,,,XI,
La Arboleda,ETAPA 3,5/19/2026,No,Banco,Banderas y/o señalización,"2,233,450,000,000",2026-5,,PI,CHI,,,,XI,
Agrupacion De Vivienda Payande,ETAPA 3,6/28/2025,No,Banco,Referido,"1,896,725,000,000",2025-6,,PI,CHI,,,,XI,
AGRUPACIÓN DE VIVIENDA BOSQUE DE TURPIAL,ETAPA 1,4/26/2026,No,Banco,Banderas y/o señalización,"2,588,000,000,000",2026-4,,PI,CHI,,,,XI,
AGRUPACIÓN DE VIVIENDA SAMÁN ,ETAPA 1,10/31/2025,No,Banco,Whatsapp,"2,550,000,000,000",2025-10,,PI,CHI,,,,XI,
VERDE ESPERANZA EL DORADO,ETAPA 1,5/26/2026,No,Colsubsidio,Banderas y/o señalización,"1,793,000,000,000",2026-5,,PI,CHI,,,,XI,
VERDE ESPERANZA EL DORADO,ETAPA 1,1/26/2026,No,Banco,Banderas y/o señalización,"1,793,000,000,000",2026-1,,PI,CHI,,,,XI,
Agrupación De Vivienda Monguí,ETAPA 2,3/4/2026,No,Banco,Banderas y/o señalización,"1,996,014,000,000",2026-3,,PI,CHI,,,,XI,
Los Nogales,1,2/11/2024,Si,Banco,Sin Informacion,"5,565,115,780,000",2024-2,,PI,CHI,,,,XI,
Los Nogales,ETAPA 1,2/11/2024,No,Banco,Redes Sociales,"5,436,650,000,000",2024-2,,PI,CHI,,,,XI,
Agrupacion De Vivienda Bosque De Arrayan,ETAPA 3,7/26/2025,No,Banco,Banderas y/o señalización,"2,119,591,500,000",2025-7,,PI,CHI,,,,XI,
VERDE ESPERANZA EL DORADO,ETAPA 1,10/21/2025,No,Banco,Valla ,"1,618,000,000,000",2025-10,,PI,CHI,,,,XI,
AGRUPACIÓN DE VIVIENDA SAMÁN ,ETAPA 1,2/15/2025,No,Banco,Whatsapp,"2,550,000,000,000",2025-2,,PI,CHI,,,,XI,
Versalles,ETAPA 1,10/31/2024,No,Banco,Referido,"2,110,000,000,000",2024-10,,PI,CHI,,,,XI,
Los Nogales,ETAPA 2,11/13/2024,No,Contado,Whatsapp,"5,851,240,000,000",2024-11,,PI,CHI,,,,XI,
Agrupacion De Vivienda Payande,,7/15/2024,Si,Banco,Sin Informacion,"1,793,610,000,000",2024-7,,PI,CHI,,,,XI,
ARAUCARIA,ETAPA 1,12/20/2025,No,Banco,Banderas y/o señalización,"5,624,000,000,000",2025-12,,PI,CHI,,,,XI,
AGRUPACIÓN DE VIVIENDA BOSQUE DE TURPIAL,ETAPA 1,9/27/2024,No,Colsubsidio,Banderas y/o señalización,"2,311,190,000,000",2024-9,,PI,CHI,,,,XI,
INARI,1,3/26/2024,Si,Banco,Sin Informacion,"2,916,000,000,000",2024-3,,PI,CHI,,,,XI,
VERDE ESPERANZA EL DORADO,ETAPA 1,10/2/2025,No,Banco,Valla ,"1,618,000,000,000",2025-10,,PI,CHI,,,,XI,
La Arboleda,ETAPA 3,4/4/2025,No,Banco,Banderas y/o señalización,"2,233,450,000,000",2025-4,,PI,CHI,,,,XI,
Conjunto Residencial Campo Alegre El Dorado,2,12/19/2024,Si,Banco,Sin Informacion,"1,106,486,550,000",2024-12,,PI,CHI,,,,XI,
Agrupación De Vivienda Monguí,ETAPA 1,2/16/2024,No,Banco,Banderas y/o señalización,"1,761,000,000,000",2024-2,,PI,CHI,,,,XI,
Agrupación De Vivienda La Macarena,ETAPA 3,3/26/2024,No,Banco,Banderas y/o señalización,"1,404,994,500,000",2024-3,,PI,CHI,,,,XI,
VILLA FIORITA,ETAPA 2,5/23/2025,No,Banco,Whatsapp,"2,135,250,000,000",2025-5,,PI,CHI,,,,XI,
Agrupacion De Vivienda Payande,ETAPA 1,5/29/2025,No,Banco,Referido,"1,821,725,000,000",2025-5,,PI,CHI,,,,XI,
Agrupación De Vivienda Pamplona I,ETAPA 4,1/6/2026,No,Colsubsidio,Banderas y/o señalización,"2,361,000,000,000",2026-1,,PI,CHI,,,,XI,
VILLA MERCEDES EL DORADO,ETAPA 1,2/21/2026,No,Banco,Referido Alcaldía,"1,715,000,000,000",2026-2,,PI,CHI,,,,XI,
Agrupacion De Vivienda Fuentevida,,11/26/2024,Si,Banco,Sin Informacion,"1,208,551,500,000",2024-11,,PI,CHI,,,,XI,
Los Nogales,ETAPA 1,5/18/2026,No,Contado,Activación,"5,669,760,000,000",2026-5,,PI,CHI,,,,XI,
VERDE ESPERANZA EL DORADO,ETAPA 1,12/17/2025,No,Banco,Banderas y/o señalización,"1,793,000,000,000",2025-12,,PI,CHI,,,,XI,
Agrupación De Vivienda Monguí,ETAPA 2,2/21/2026,No,Banco,Activación,"1,812,169,000,000",2026-2,,PI,CHI,,,,XI,
Los Nogales,ETAPA 1,2/10/2024,No,Contado,Ferias empresariales,"6,704,560,000,000",2024-2,,PI,CHI,,,,XI,
Agrupación De Vivienda Pamplona I,ETAPA 4,6/15/2025,No,Banco,Activación,"2,361,000,000,000",2025-6,,PI,CHI,,,,XI,
Los Nogales,1,2/10/2024,Si,Colsubsidio,Sin Informacion,"5,202,868,510,000",2024-2,,PI,CHI,,,,XI,
Los Nogales,1,2/14/2024,Si,Contado,Sin Informacion,"5,465,000,000,000",2024-2,,PI,CHI,,,,XI,
VILLA FIORITA,ETAPA 3,7/28/2025,No,Banco,Activación,"2,135,250,000,000",2025-7,,PI,CHI,,,,XI,
AGRUPACIÓN DE VIVIENDA BOSQUE DE TURPIAL,ETAPA 1,12/30/2024,No,Banco,Banderas y/o señalización,"2,306,000,000,000",2024-12,,PI,CHI,,,,XI,
Agrupación De Vivienda La Macarena,ETAPA 3,2/20/2024,No,Colsubsidio,Banderas y/o señalización,"1,400,724,000,000",2024-2,,PI,CHI,,,,XI,
La Arboleda,ETAPA 3,4/25/2026,No,Colsubsidio,Banderas y/o señalización,"2,412,130,000,000",2026-4,,PI,CHI,,,,XI,
Agrupación De Vivienda Pamplona I,ETAPA 3,3/28/2026,No,Banco,Banderas y/o señalización,"2,235,000,000,000",2026-3,,PI,CHI,,,,XI,
Agrupación De Vivienda Pamplona I,,2/21/2025,Si,Banco,Sin Informacion,"2,361,000,000,000",2025-2,,PI,CHI,,,,XI,
Los Nogales,ETAPA 2,9/3/2025,No,Banco,Whatsapp,"7,696,600,000,000",2025-9,,PI,CHI,,,,XI,
Agrupación De Vivienda Monguí,ETAPA 2,3/2/2026,No,Banco,Banderas y/o señalización,"1,619,569,000,000",2026-3,,PI,CHI,,,,XI,
Agrupacion De Vivienda Fuentevida,ETAPA 2,11/26/2024,No,Contado,Referido Alcaldía,"889,771,900,000",2024-11,,PI,CHI,,,,XI,
Agrupación De Vivienda La Macarena,ETAPA 3,5/13/2024,No,Banco,Banderas y/o señalización,"1,327,877,000,000",2024-5,,PI,CHI,,,,XI,
VILLA FIORITA,ETAPA 3,9/17/2025,No,Banco,Ferias empresariales,"2,135,250,000,000",2025-9,,PI,CHI,,,,XI,
Versalles,ETAPA 1,9/21/2024,No,Contado,Banderas y/o señalización,"2,171,000,000,000",2024-9,,PI,CHI,,,,XI,
ARAUCARIA,1,12/20/2025,Si,Colsubsidio,Sin Informacion,"5,888,000,000,000",2025-12,,PI,CHI,,,,XI,
ARAUCARIA,1,12/19/2025,Si,Colsubsidio,Sin Informacion,"5,924,000,000,000",2025-12,,PI,CHI,,,,XI,
INARI,1,11/16/2025,Si,Colsubsidio,Sin Informacion,"2,506,000,000,000",2025-11,,PI,CHI,,,,XI,
Versalles,ETAPA 1,8/12/2024,No,Banco,Referido,"2,171,000,000,000",2024-8,,PI,CHI,,,,XI,
Agrupacion De Vivienda Bosque De Arrayan,,9/25/2024,Si,Banco,Sin Informacion,"1,796,457,000,000",2024-9,,PI,CHI,,,,XI,
Agrupacion De Vivienda Fuentevida,ETAPA 2,11/27/2024,No,Banco,Referido Alcaldía,"1,208,551,500,000",2024-11,,PI,CHI,,,,XI,
Agrupacion De Vivienda Fuentevida,ETAPA 2,11/26/2024,No,Banco,Referido Alcaldía,"1,208,551,500,000",2024-11,,PI,CHI,,,,XI,
Agrupación De Vivienda Monguí,ETAPA 1,3/30/2025,No,Banco,Contact Center,"1,753,752,000,000",2025-3,,PI,CHI,,,,XI,
ARAUCARIA,ETAPA 1,1/28/2026,No,Banco,Página web ,"6,168,000,000,000",2026-1,,PI,CHI,,,,XI,
INARI,ETAPA 1,6/18/2025,No,Colsubsidio,Banderas y/o señalización,"2,506,000,000,000",2025-6,,PI,CHI,,,,XI,
Agrupación De Vivienda La Macarena,ETAPA 3,6/12/2026,No,Banco,Banderas y/o señalización,"1,619,569,000,000",2026-6,,PI,CHI,,,,XI,
VERDE ESPERANZA EL DORADO,ETAPA 1,4/24/2026,No,Banco,Banderas y/o señalización,"1,793,000,000,000",2026-4,,PI,CHI,,,,XI,
Proyecto Karakalí,ETAPA 1,9/28/2024,No,Banco,Banderas y/o señalización,"2,451,267,000,000",2024-9,,PI,CHI,,,,XI,
Proyecto Karakalí,ETAPA 1,11/7/2024,No,Contado,Referido,"2,451,267,000,000",2024-11,,PI,CHI,,,,XI,
Agrupación De Vivienda La Macarena,ETAPA 3,4/28/2025,No,Banco,Contact Center,"1,477,593,000,000",2025-4,,PI,CHI,,,,XI,
Conjunto Residencial Campo Alegre El Dorado,ETAPA 2,6/25/2024,No,Banco,Referido Alcaldía,"1,081,730,000,000",2024-6,,PI,CHI,,,,XI,
VERDE ESPERANZA EL DORADO,ETAPA 1,9/30/2025,No,Banco,Banderas y/o señalización,"1,618,000,000,000",2025-9,,PI,CHI,,,,XI,
INARI,ETAPA 1,5/24/2025,No,Colsubsidio,Banderas y/o señalización,"2,808,000,000,000",2025-5,,PI,CHI,,,,XI,
Agrupación De Vivienda La Macarena,ETAPA 3,7/12/2024,No,Banco,Referido,"1,498,900,000,000",2024-7,,PI,CHI,,,,XI,
La Arboleda,ETAPA 3,6/15/2025,No,Banco,Página web ,"2,412,130,000,000",2025-6,,PI,CHI,,,,XI,
Versalles,,1/11/2025,Si,Banco,Sin Informacion,"2,171,000,000,000",2025-1,,PI,CHI,,,,XI,
La Arboleda,ETAPA 3,3/1/2026,No,Banco,Banderas y/o señalización,"2,233,450,000,000",2026-3,,PI,CHI,,,,XI,
Agrupación De Vivienda Monguí,ETAPA 1,3/5/2025,No,Banco,Referido,"1,963,006,500,000",2025-3,,PI,CHI,,,,XI,
ARAUCARIA,ETAPA 1,12/23/2025,No,Contado,Referido,"6,315,000,000,000",2025-12,,PI,CHI,,,,XI,
VERDE ESPERANZA EL DORADO,ETAPA 1,4/29/2026,No,Banco,Banderas y/o señalización,"1,793,000,000,000",2026-4,,PI,CHI,,,,XI,
VILLA MERCEDES EL DORADO,ETAPA 1,2/20/2026,No,Banco,Referido Alcaldía,"1,715,000,000,000",2026-2,,PI,CHI,,,,XI,
AGRUPACION MOMPOS-CIUDADELA COLSUBSIDIO MAIPORE,ETAPA 4,8/29/2025,No,Banco,Valla proyecto sala de ventas,"1,500,000,000,000",2025-8,,PI,CHI,,,,XI,
La Arboleda,ETAPA 1,3/21/2026,No,Banco,Banderas y/o señalización,"1,748,058,000,000",2026-3,,PI,CHI,,,,XI,
VERDE ESPERANZA EL DORADO,ETAPA 1,10/16/2025,No,Banco,Valla ,"1,618,000,000,000",2025-10,,PI,CHI,,,,XI,
INARI,ETAPA 1,2/21/2025,No,Banco,Referido,"2,808,000,000,000",2025-2,,PI,CHI,,,,XI,
VERDE ESPERANZA EL DORADO,ETAPA 1,11/6/2025,No,Banco,Banderas y/o señalización,"1,618,000,000,000",2025-11,,PI,CHI,,,,XI,
Agrupación De Vivienda Monguí,ETAPA 1,5/20/2024,No,Banco,Banderas y/o señalización,"1,723,858,500,000",2024-5,,PI,CHI,,,,XI,
VERDE ESPERANZA EL DORADO,ETAPA 1,11/8/2025,No,Colsubsidio,Banderas y/o señalización,"1,618,000,000,000",2025-11,,PI,CHI,,,,XI,
Los Nogales,ETAPA 1,2/12/2024,No,Contado,Mensaje de texto,"5,783,360,000,000",2024-2,,PI,CHI,,,,XI,
Agrupacion De Vivienda Fuentevida,ETAPA 2,11/1/2025,No,Contado,Banderas y/o señalización,"878,080,220,000",2025-11,,PI,CHI,,,,XI,
VERDE ESPERANZA EL DORADO,ETAPA 1,11/26/2025,No,Banco,Banderas y/o señalización,"1,618,000,000,000",2025-11,,PI,CHI,,,,XI,
Agrupación De Vivienda La Macarena,ETAPA 4,4/26/2026,No,Banco,Activación,"1,619,569,000,000",2026-4,,PI,CHI,,,,XI,
VERDE ESPERANZA EL DORADO,ETAPA 1,5/27/2026,No,Colsubsidio,Banderas y/o señalización,"1,793,000,000,000",2026-5,,PI,CHI,,,,XI,
RESERVA DEL NOGAL,UNICA,5/28/2024,No,Banco,Valla proyecto sala de ventas,"1,700,000,000,000",2024-5,,PI,CHI,,,,XI,
Versalles,ETAPA 1,5/24/2026,No,Banco,Banderas y/o señalización,"2,022,000,000,000",2026-5,,PI,CHI,,,,XI,
Agrupacion De Vivienda Payande,ETAPA 3,8/14/2024,No,Banco,Ferias empresariales,"1,780,798,500,000",2024-8,,PI,CHI,,,,XI,
Agrupacion De Vivienda Fuentevida,ETAPA 2,11/22/2024,No,Banco,Referido Alcaldía,"1,208,551,500,000",2024-11,,PI,CHI,,,,XI,
Agrupación De Vivienda Pamplona I,ETAPA 4,6/15/2025,No,Banco,Activación,"2,361,000,000,000",2025-6,,PI,CHI,,,,XI,
VERDE ESPERANZA EL DORADO,ETAPA 1,11/29/2025,No,Banco,Banderas y/o señalización,"1,618,000,000,000",2025-11,,PI,CHI,,,,XI,
VERDE ESPERANZA EL DORADO,ETAPA 1,5/27/2026,No,Banco,Banderas y/o señalización,"1,618,000,000,000",2026-5,,PI,CHI,,,,XI,
Los Nogales,ETAPA 1,3/8/2024,No,Banco,Banderas y/o señalización,"5,580,007,600,000",2024-3,,PI,CHI,,,,XI,
La Arboleda,ETAPA 1,8/1/2024,No,Banco,Activación,"1,671,189,000,000",2024-8,,PI,CHI,,,,XI,
Agrupación De Vivienda Pamplona I,ETAPA 4,5/31/2025,No,Colsubsidio,Banderas y/o señalización,"2,361,000,000,000",2025-5,,PI,CHI,,,,XI,
Los Nogales,1,2/10/2024,Si,Banco,Sin Informacion,"5,267,483,650,000",2024-2,,PI,CHI,,,,XI,
Los Nogales,ETAPA 2,1/25/2026,No,Banco,Banderas y/o señalización,"7,755,800,000,000",2026-1,,PI,CHI,,,,XI,
Agrupacion De Vivienda Bosque De Arrayan,ETAPA 3,1/17/2024,No,Banco,Whatsapp,"1,935,700,000,000",2024-1,,PI,CHI,,,,XI,
Agrupación De Vivienda La Macarena,ETAPA 4,3/17/2026,No,Banco,Activación,"1,610,815,000,000",2026-3,,PI,CHI,,,,XI,
Agrupacion De Vivienda Reserva De Guayacan,ETAPA 1,3/31/2025,No,Banco,Referido,"2,360,000,000,000",2025-3,,PI,CHI,,,,XI,
La Arboleda,3,11/17/2024,Si,Banco,Sin Informacion,"2,412,130,000,000",2024-11,,PI,CHI,,,,XI,
Agrupacion De Vivienda Bosque De Arrayan,ETAPA 1,2/27/2025,No,Banco,Banderas y/o señalización,"2,009,057,250,000",2025-2,,PI,CHI,,,,XI,
Agrupación De Vivienda La Macarena,ETAPA 4,3/14/2026,No,Banco,Banderas y/o señalización,"1,514,515,000,000",2026-3,,PI,CHI,,,,XI,
Agrupación De Vivienda La Macarena,3,6/15/2025,Si,Banco,Sin Informacion,"1,473,322,500,000",2025-6,,PI,CHI,,,,XI,
CONJUNTO RESIDENCIAL VIBO ONCE,ETAPA 1,1/25/2026,No,Banco,Banderas y/o señalización,"2,813,000,000,000",2026-1,,PI,CHI,,,,XI,
RESERVA DEL NOGAL,UNICA,5/8/2024,No,Contado,Valla proyecto sala de ventas,"1,750,000,000,000",2024-5,,PI,CHI,,,,XI,
Agrupación De Vivienda Pamplona I,ETAPA 5,4/23/2024,No,Banco,Redes Sociales,"2,293,000,000,000",2024-4,,PI,CHI,,,,XI,
VERDE ESPERANZA EL DORADO,ETAPA 1,6/2/2026,No,Colsubsidio,Banderas y/o señalización,"1,793,000,000,000",2026-6,,PI,CHI,,,,XI,
Agrupación De Vivienda La Macarena,ETAPA 4,5/28/2026,No,Banco,Banderas y/o señalización,"1,567,060,000,000",2026-5,,PI,CHI,,,,XI,
ARAUCARIA,ETAPA 2,5/16/2026,No,Banco,Banderas y/o señalización,"6,638,000,000,000",2026-5,,PI,CHI,,,,XI,
Los Nogales,1,2/17/2024,Si,Banco,Sin Informacion,"5,605,730,210,000",2024-2,,PI,CHI,,,,XI,
La Arboleda,,6/16/2024,Si,Colsubsidio,Sin Informacion,"1,676,883,000,000",2024-6,,PI,CHI,,,,XI,
La Arboleda,ETAPA 2,12/27/2025,No,Banco,Banderas y/o señalización,"1,807,845,000,000",2025-12,,PI,CHI,,,,XI,
La Arboleda,ETAPA 2,6/3/2024,No,Banco,Banderas y/o señalización,"1,943,077,500,000",2024-6,,PI,CHI,,,,XI,
Agrupacion De Vivienda Bosque De Arrayan,ETAPA 3,6/14/2024,No,Colsubsidio,Mi Casa de Feria Vecindario,"1,913,600,000,000",2024-6,,PI,CHI,,,,XI,
Agrupación De Vivienda Pamplona I,ETAPA 5,3/27/2024,No,Banco,Redes Sociales,"2,293,000,000,000",2024-3,,PI,CHI,,,,XI,
Versalles,,1/26/2025,Si,Banco,Sin Informacion,"2,110,000,000,000",2025-1,,PI,CHI,,,,XI,
ARAUCARIA,ETAPA 1,2/17/2026,No,Banco,Banderas y/o señalización,"6,198,000,000,000",2026-2,,PI,CHI,,,,XI,
Agrupación De Vivienda Monguí,ETAPA 3,4/25/2026,No,Banco,Activación,"2,004,768,000,000",2026-4,,PI,CHI,,,,XI,
Agrupación De Vivienda La Macarena,3,3/30/2025,Si,Banco,Sin Informacion,"1,584,569,000,000",2025-3,,PI,CHI,,,,XI,
INARI,ETAPA 1,7/12/2025,No,Colsubsidio,Banderas y/o señalización,"2,506,000,000,000",2025-7,,PI,CHI,,,,XI,
CONJUNTO RESIDENCIAL VIBO ONCE,ETAPA 1,11/30/2025,No,Banco,Banderas y/o señalización,"2,813,000,000,000",2025-11,,PI,CHI,,,,XI,
Agrupación De Vivienda Monguí,ETAPA 2,3/14/2026,No,Colsubsidio,Banderas y/o señalización,"2,004,768,000,000",2026-3,,PI,CHI,,,,XI,
VERDE ESPERANZA EL DORADO,ETAPA 1,12/27/2025,No,Banco,Banderas y/o señalización,"1,793,000,000,000",2025-12,,PI,CHI,,,,XI,
Agrupacion De Vivienda Reserva De Guayacan,ETAPA 1,12/11/2024,No,Banco,Referido,"2,360,000,000,000",2024-12,,PI,CHI,,,,XI,
Agrupacion De Vivienda Fuentevida,ETAPA 2,3/27/2025,No,Banco,Referido Alcaldía,"1,281,150,000,000",2025-3,,PI,CHI,,,,XI,
INARI,1,10/29/2024,Si,Banco,Sin Informacion,"2,808,000,000,000",2024-10,,PI,CHI,,,,XI,
Los Nogales,ETAPA 1,2/10/2024,No,Banco,Activación,"5,505,230,000,000",2024-2,,PI,CHI,,,,XI,
Agrupacion De Vivienda Bosque De Arrayan,ETAPA 4,4/21/2025,No,Banco,Banderas y/o señalización,"2,062,651,500,000",2025-4,,PI,CHI,,,,XI,
Agrupación De Vivienda La Macarena,3,10/18/2024,Si,Banco,Sin Informacion,"1,575,815,000,000",2024-10,,PI,CHI,,,,XI,
VERDE ESPERANZA EL DORADO,ETAPA 1,9/26/2025,No,Banco,Valla ,"1,618,000,000,000",2025-9,,PI,CHI,,,,XI,
Agrupacion De Vivienda Bosque De Arrayan,,10/23/2024,Si,Colsubsidio,Sin Informacion,"1,941,654,000,000",2024-10,,PI,CHI,,,,XI,
La Arboleda,,7/29/2025,Si,Banco,Sin Informacion,"1,625,637,000,000",2025-7,,PI,CHI,,,,XI,
Versalles,ETAPA 1,5/25/2025,No,Banco,Banderas y/o señalización,"1,987,000,000,000",2025-5,,PI,CHI,,,,XI,
AGRUPACIÓN DE VIVIENDA SAMÁN ,ETAPA 1,3/5/2026,No,Banco,Banderas y/o señalización,"2,585,000,000,000",2026-3,,PI,CHI,,,,XI,
Agrupacion De Vivienda Bosque De Arrayan,,6/19/2024,Si,Banco,Sin Informacion,"1,935,700,000,000",2024-6,,PI,CHI,,,,XI,
Agrupacion De Vivienda Reserva De Guayacan,ETAPA 1,4/9/2025,No,Banco,Banderas y/o señalización,"2,360,000,000,000",2025-4,,PI,CHI,,,,XI,
Agrupación De Vivienda Monguí,ETAPA 2,10/12/2024,No,Banco,Whatsapp,"1,773,681,000,000",2024-10,,PI,CHI,,,,XI,
Agrupación De Vivienda La Macarena,ETAPA 2,10/21/2025,No,Colsubsidio,Banderas y/o señalización,"1,534,533,000,000",2025-10,2025-10,SIGMA,OMEGA,Mayor de 55 años,1,1,GAMMA,
RESERVA DEL NOGAL,UNICA,8/6/2024,No,Banco,Banderas ,"1,750,000,000,000",2024-8,2024-8,KAPPA,OMEGA,20 - 35 años,,,TAU,
Agrupacion De Vivienda Bosque De Arrayan,ETAPA 4,1/21/2024,No,Colsubsidio,Banderas y/o señalización,"1,933,100,000,000",2024-1,2024-1,KAPPA,OMEGA,36 - 45 años,5,2,TAU,
Agrupacion De Vivienda Payande,ETAPA 1,8/18/2024,No,Banco,Banderas y/o señalización,"1,594,710,000,000",2024-8,2024-8,SIGMA,ETA,Mayor de 55 años,1,,TAU,
Agrupación De Vivienda Monguí,ETAPA 1,5/18/2026,No,Colsubsidio,Banderas y/o señalización,"1,961,014,000,000",2026-5,2026-5,KAPPA,OMEGA,36 a 45 años,3,2,RHO,X
Proyecto Karakalí,1,6/15/2025,Si,Banco,Sin Informacion,"2,293,000,000,000",2025-6,2025-6,NU,TAU,20 a 35 años,,,RHO,X
Proyecto Karakalí,ETAPA 1,6/2/2025,No,Banco,Contact Center,"2,451,267,000,000",2025-6,2025-6,NU,OMEGA,20 a 35 años,,,GAMMA,
AGRUPACIÓN DE VIVIENDA BOSQUE DE TURPIAL,ETAPA 2,6/14/2025,No,Colsubsidio,Banderas y/o señalización,"2,807,000,000,000",2025-6,2025-6,NU,ETA,20 a 35 años,,,GAMMA,
La Arboleda,ETAPA 1,6/23/2024,No,Colsubsidio,Ferias empresariales,"1,634,100,000,000",2024-6,2024-6,SIGMA,OMEGA,20 - 35 años,2,1,TAU,
Agrupación De Vivienda Monguí,,6/30/2024,Si,Colsubsidio,Sin Informacion,"1,777,951,500,000",2024-6,2024-6,NU,OMEGA,20 - 35 años,,,RHO,X
Agrupación De Vivienda Pamplona I,ETAPA 4,6/15/2025,No,Banco,Activación,"2,361,000,000,000",2025-6,2025-6,NU,ETA,20 a 35 años,,,RHO,
AGRUPACIÓN DE VIVIENDA SAMÁN ,ETAPA 1,2/14/2025,No,Banco,Valla ,"2,550,000,000,000",2025-2,2025-2,SIGMA,OMEGA,20 a 35 años,1,1,GAMMA,
INARI,1,6/26/2024,Si,Banco,Sin Informacion,"2,808,000,000,000",2024-6,2024-6,SIGMA,ETA,20 - 35 años,1,1,RHO,X
La Arboleda,ETAPA 2,6/14/2025,No,Banco,Página web ,"1,793,610,000,000",2025-6,2025-6,KAPPA,OMEGA,20 a 35 años,2,2,GAMMA,
AGRUPACIÓN DE VIVIENDA BOSQUE DE TURPIAL,ETAPA 2,6/14/2025,No,Colsubsidio,Banderas y/o señalización,"2,591,000,000,000",2025-6,2025-6,KAPPA,OMEGA,Mayor de 55 años,,,GAMMA,
Agrupación De Vivienda La Macarena,ETAPA 2,6/15/2025,No,Colsubsidio,Banderas y/o señalización,"1,470,475,500,000",2025-6,2025-6,NU,OMEGA,20 a 35 años,,,RHO,X
AGRUPACIÓN DE VIVIENDA SAMÁN ,,2/25/2025,Si,Banco,Sin Informacion,"2,550,000,000,000",2025-2,2025-2,NU,OMEGA,20 a 35 años,,,GAMMA,
Versalles,ETAPA 1,6/15/2025,No,Colsubsidio,Activación,"2,110,000,000,000",2025-6,2025-6,SIGMA,OMEGA,20 a 35 años,1,1,NU,
Zarzal,ETAPA 1,5/3/2026,No,Colsubsidio,Banderas y/o señalización,"2,194,000,000,000",2026-5,2026-5,KAPPA,OMEGA,36 a 45 años,1,1,RHO,X
Agrupacion De Vivienda Reserva De Guayacan,ETAPA 1,6/18/2025,No,Banco,Ferias empresariales,"2,360,000,000,000",2025-6,2025-6,NU,OMEGA,20 a 35 años,,,NU,
La Arboleda,ETAPA 1,9/20/2024,No,Banco,Banderas y/o señalización,"1,601,600,000,000",2024-9,2024-9,KAPPA,OMEGA,36 - 45 años,1,0,TAU,
AGRUPACIÓN DE VIVIENDA BOSQUE DE TURPIAL,ETAPA 2,6/15/2025,No,Colsubsidio,Banderas y/o señalización,"2,807,000,000,000",2025-6,2025-6,SIGMA,OMEGA,20 a 35 años,1,1,TAU,
La Arboleda,,6/25/2024,Si,Colsubsidio,Sin Informacion,"1,631,500,000,000",2024-6,2024-6,NU,ETA,20 - 35 años,,,TAU,
La Arboleda,ETAPA 3,5/18/2026,No,Banco,Banderas y/o señalización,"2,446,170,000,000",2026-5,2026-5,KAPPA,OMEGA,46 a 55 años,,,TAU,
Versalles,,2/27/2025,Si,Colsubsidio,Sin Informacion,"2,171,000,000,000",2025-2,2025-2,KAPPA,OMEGA,20 a 35 años,,,TAU,
Versalles,ETAPA 1,6/16/2024,No,Colsubsidio,Pantallas empresariales,"1,987,000,000,000",2024-6,2024-6,NU,OMEGA,20 - 35 años,,,TAU,
Agrupación De Vivienda Monguí,ETAPA 2,2/21/2026,No,Colsubsidio,Banderas y/o señalización,"1,794,678,000,000",2026-2,2026-2,NU,OMEGA,20 a 35 años,,,RHO,X
Agrupación De Vivienda Monguí,ETAPA 2,2/8/2026,No,Colsubsidio,Banderas y/o señalización,"1,584,569,000,000",2026-2,2026-2,NU,OMEGA,20 a 35 años,,,RHO,
VILLA MERCEDES EL DORADO,ETAPA 1,2/28/2026,No,Banco,Referido Alcaldía,"1,715,000,000,000",2026-2,2026-2,KAPPA,OMEGA,20 a 35 años,1,1,TAU,
Agrupación De Vivienda Pamplona I,ETAPA 2,5/21/2024,No,Banco,Página web ,"1,950,195,000,000",2024-5,2024-5,SIGMA,OMEGA,36 - 45 años,1,1,GAMMA,
Conjunto Residencial Campo Alegre El Dorado,ETAPA 2,12/19/2024,No,Colsubsidio,Referido Alcaldía,"1,118,728,650,000",2024-12,2024-12,KAPPA,OMEGA,36 - 45 años,2,2,ZETA,
Proyecto Karakalí,ETAPA 1,1/24/2025,No,Banco,Banderas y/o señalización,"2,451,267,000,000",2025-1,2025-1,KAPPA,OMEGA,20 - 35 años,,,TAU,
La Arboleda,ETAPA 2,1/15/2025,No,Banco,Activación,"1,967,277,000,000",2025-1,2025-1,KAPPA,OMEGA,20 - 35 años,1,1,TAU,
La Arboleda,ETAPA 3,6/21/2026,No,Banco,Banderas y/o señalización,"2,233,450,000,000",2026-6,2026-6,KAPPA,OMEGA,36 a 45 años,3,3,GAMMA,
VERDE ESPERANZA EL DORADO,ETAPA 1,3/30/2026,No,Banco,Banderas y/o señalización,"1,753,000,000,000",2026-3,2026-3,KAPPA,OMEGA,20 a 35 años,,,TAU,
ARAUCARIA,ETAPA 1,12/20/2025,No,Banco,Activación,"5,957,000,000,000",2025-12,2025-12,SIGMA,TAU,46 a 55 años,2,,ALPHA,
VERDE ESPERANZA EL DORADO,ETAPA 1,12/23/2025,No,Colsubsidio,Banderas y/o señalización,"1,753,000,000,000",2025-12,2025-12,KAPPA,OMEGA,20 a 35 años,3,2,ZETA,
ARAUCARIA,ETAPA 1,12/21/2025,No,Banco,Activación,"6,162,000,000,000",2025-12,2025-12,SIGMA,TAU,Mayor de 55 años,2,,RHO,X
AGRUPACIÓN DE VIVIENDA BOSQUE DE TURPIAL,ETAPA 1,12/24/2025,No,Colsubsidio,Banderas y/o señalización,"2,311,000,000,000",2025-12,2025-12,NU,ETA,20 a 35 años,,,RHO,X
VERDE ESPERANZA EL DORADO,ETAPA 1,12/9/2025,No,Banco,Banderas y/o señalización,"1,753,000,000,000",2025-12,2025-12,SIGMA,OMEGA,46 a 55 años,1,1,TAU,
Agrupación De Vivienda Monguí,ETAPA 2,9/21/2025,No,Colsubsidio,Activación,"1,893,255,000,000",2025-9,2025-9,SIGMA,ETA,20 a 35 años,,1,GAMMA,
VERDE ESPERANZA EL DORADO,ETAPA 1,9/22/2025,No,Colsubsidio,Banderas y/o señalización,"1,578,000,000,000",2025-9,2025-9,SIGMA,OMEGA,36 a 45 años,2,2,GAMMA,
Versalles,ETAPA 1,8/23/2025,No,Banco,Banderas y/o señalización,"1,987,000,000,000",2025-8,2025-8,KAPPA,OMEGA,20 a 35 años,,,TAU,
Agrupación De Vivienda Monguí,ETAPA 3,4/26/2026,No,Colsubsidio,Banderas y/o señalización,"1,952,259,000,000",2026-4,2026-4,SIGMA,ETA,36 a 45 años,2,1,TAU,
Agrupación De Vivienda Monguí,ETAPA 1,9/10/2025,No,Banco,Banderas y/o señalización,"1,680,905,000,000",2025-9,2025-9,KAPPA,OMEGA,20 a 35 años,,,TAU,
VILLA FIORITA,ETAPA 1,3/3/2025,No,Banco,Activación,"2,135,250,000,000",2025-3,2025-3,NU,ETA,20 a 35 años,,,ALPHA,
Agrupación De Vivienda La Macarena,ETAPA 3,3/15/2025,No,Banco,Ferias empresariales,"1,480,440,000,000",2025-3,2025-3,SIGMA,OMEGA,20 a 35 años,2,1,RHO,
Agrupación De Vivienda Monguí,ETAPA 2,9/30/2025,No,Colsubsidio,Banderas y/o señalización,"1,662,648,000,000",2025-9,2025-9,KAPPA,OMEGA,20 a 35 años,,,GAMMA,
Agrupación De Vivienda Pamplona I,ETAPA 3,3/15/2025,No,Banco,Activación,"2,217,000,000,000",2025-3,2025-3,SIGMA,ETA,36 a 45 años,1,1,RHO,X
Agrupacion De Vivienda Fuentevida,ETAPA 2,3/27/2025,No,Colsubsidio,Referido Alcaldía,"1,281,150,000,000",2025-3,2025-3,KAPPA,OMEGA,20 a 35 años,4,2,NU,
Agrupación De Vivienda Pamplona I,ETAPA 3,3/20/2025,No,Banco,Banderas y/o señalización,"2,293,000,000,000",2025-3,2025-3,KAPPA,OMEGA,20 a 35 años,2,1,GAMMA,
La Arboleda,ETAPA 3,9/7/2025,No,Banco,Campaña FNA,"2,233,450,000,000",2025-9,2025-9,SIGMA,OMEGA,46 a 55 años,2,1,NU,
Versalles,ETAPA 1,7/22/2024,No,Colsubsidio,Referido,"1,987,000,000,000",2024-7,2024-7,KAPPA,OMEGA,36 - 45 años,1,1,TAU,
VERDE ESPERANZA EL DORADO,ETAPA 1,9/23/2025,No,Banco,Valla ,"1,578,000,000,000",2025-9,2025-9,KAPPA,OMEGA,36 a 45 años,1,,TAU,
Agrupacion De Vivienda Bosque De Arrayan,ETAPA 4,10/15/2025,No,Banco,Banderas y/o señalización,"2,091,121,500,000",2025-10,2025-10,NU,OMEGA,20 a 35 años,,,NU,
INARI,ETAPA 1,7/31/2025,No,Colsubsidio,Activación,"2,808,000,000,000",2025-7,2025-7,NU,ETA,20 a 35 años,,,TAU,
La Arboleda,ETAPA 3,7/26/2025,No,Banco,Whatsapp,"2,412,130,000,000",2025-7,2025-7,KAPPA,OMEGA,20 a 35 años,,,TAU,
Agrupacion De Vivienda Reserva De Guayacan,ETAPA 1,7/29/2025,No,Banco,Banderas y/o señalización,"2,360,000,000,000",2025-7,2025-7,SIGMA,OMEGA,20 a 35 años,3,1,RHO,X
INARI,ETAPA 1,8/15/2024,No,Banco,Banderas y/o señalización,"2,808,000,000,000",2024-8,2024-8,NU,OMEGA,20 - 35 años,,,GAMMA,
INARI,1,1/27/2024,Si,Banco,Sin Informacion,"2,916,000,000,000",2024-1,2024-1,NU,OMEGA,20 - 35 años,,,ZETA,
INARI,1,8/6/2024,Si,Banco,Sin Informacion,"2,808,000,000,000",2024-8,2024-8,SIGMA,ETA,Mayor de 55 años,1,1,NU,
VERDE ESPERANZA EL DORADO,ETAPA 1,10/16/2025,No,Banco,Banderas y/o señalización,"1,578,000,000,000",2025-10,2025-10,KAPPA,OMEGA,20 a 35 años,3,2,TAU,
INARI,ETAPA 1,8/22/2024,No,Banco,Banderas y/o señalización,"2,506,000,000,000",2024-8,2024-8,KAPPA,OMEGA,36 - 45 años,2,,TAU,
Agrupación De Vivienda La Macarena,ETAPA 3,6/21/2024,No,Banco,Ferias empresariales,"1,493,700,000,000",2024-6,2024-6,KAPPA,OMEGA,20 - 35 años,,,GAMMA,
Agrupación De Vivienda Pamplona I,ETAPA 2,6/26/2024,No,Banco,Referido,"1,950,195,000,000",2024-6,2024-6,SIGMA,OMEGA,46 - 55 años,2,1,GAMMA,
La Arboleda,ETAPA 1,9/15/2024,No,Banco,Banderas y/o señalización,"1,672,612,500,000",2024-9,2024-9,KAPPA,OMEGA,46 - 55 años,2,2,GAMMA,
VILLA FIORITA,,6/16/2024,Si,Colsubsidio,Sin Informacion,"1,950,000,000,000",2024-6,2024-6,SIGMA,ETA,36 - 45 años,2,,GAMMA,
Agrupacion De Vivienda Bosque De Arrayan,ETAPA 4,6/19/2024,No,Banco,CS Tocancipá,"1,913,600,000,000",2024-6,2024-6,NU,OMEGA,20 - 35 años,,,NU,
INARI,ETAPA 1,9/30/2024,No,Banco,Banderas y/o señalización,"2,808,000,000,000",2024-9,2024-9,NU,ETA,20 - 35 años,0,0,TAU,
Agrupación De Vivienda Monguí,,6/26/2024,Si,Banco,Sin Informacion,"1,984,359,000,000",2024-6,2024-6,NU,OMEGA,20 - 35 años,,,GAMMA,X
La Arboleda,ETAPA 2,5/25/2025,No,Banco,Página web ,"1,796,457,000,000",2025-5,2025-5,KAPPA,OMEGA,20 a 35 años,,,GAMMA,X
Agrupación De Vivienda Pamplona I,ETAPA 3,5/23/2026,No,Banco,Campaña FNA,"2,100,000,000,000",2026-5,2026-5,NU,OMEGA,20 a 35 años,,,RHO,X
Versalles,ETAPA 1,6/30/2024,No,Colsubsidio,Banderas y/o señalización,"1,987,000,000,000",2024-6,2024-6,NU,OMEGA,20 - 35 años,,,RHO,X
Agrupacion De Vivienda Payande,ETAPA 2,6/16/2024,No,Banco,Ferias empresariales,"1,755,000,000,000",2024-6,2024-6,SIGMA,TAU,20 - 35 años,3,,GAMMA,
AGRUPACIÓN DE VIVIENDA SAMÁN ,,6/13/2025,Si,Banco,Sin Informacion,"2,340,000,000,000",2025-6,2025-6,SIGMA,ETA,46 a 55 años,,,GAMMA,
Versalles,ETAPA 1,6/15/2025,No,Banco,Activación,"1,987,000,000,000",2025-6,2025-6,KAPPA,OMEGA,36 a 45 años,3,3,GAMMA,
Versalles,ETAPA 1,5/29/2026,No,Banco,Activación,"1,987,000,000,000",2026-5,2026-5,KAPPA,OMEGA,20 a 35 años,2,2,GAMMA,
Agrupación De Vivienda Monguí,ETAPA 2,6/13/2025,No,Colsubsidio,Banderas y/o señalización,"1,777,951,500,000",2025-6,2025-6,SIGMA,OMEGA,20 a 35 años,1,1,GAMMA,
AGRUPACIÓN DE VIVIENDA SAMÁN ,ETAPA 1,5/5/2025,No,Banco,Página web ,"2,550,000,000,000",2025-5,2025-5,KAPPA,OMEGA,20 a 35 años,4,,NU,
La Arboleda,ETAPA 1,4/4/2024,No,Colsubsidio,Banderas y/o señalización,"1,752,400,000,000",2024-4,2024-4,KAPPA,OMEGA,20 - 35 años,1,1,TAU,
Los Nogales,ETAPA 1,5/30/2026,No,Banco,Banderas y/o señalización,"5,807,040,000,000",2026-5,2026-5,KAPPA,ETA,46 a 55 años,,,IOTA,
Agrupación De Vivienda Monguí,,6/23/2024,Si,Banco,Sin Informacion,"1,935,960,000,000",2024-6,2024-6,KAPPA,OMEGA,36 - 45 años,2,,TAU,
Agrupación De Vivienda Monguí,,4/12/2025,Si,Banco,Sin Informacion,"1,758,022,500,000",2025-4,2025-4,KAPPA,OMEGA,20 a 35 años,1,1,GAMMA,
La Arboleda,ETAPA 2,4/28/2025,No,Banco,Redes Sociales,"1,789,339,500,000",2025-4,2025-4,SIGMA,OMEGA,Mayor de 55 años,,,RHO,X
Agrupación De Vivienda La Macarena,ETAPA 4,2/7/2026,No,Colsubsidio,Banderas y/o señalización,"1,497,024,000,000",2026-2,2026-2,KAPPA,OMEGA,20 a 35 años,,,RHO,X
Agrupación De Vivienda Monguí,ETAPA 2,2/18/2026,No,Colsubsidio,Banderas y/o señalización,"1,610,815,000,000",2026-2,2026-2,NU,OMEGA,20 a 35 años,,,GAMMA,
AGRUPACIÓN DE VIVIENDA BOSQUE DE TURPIAL,ETAPA 1,2/1/2026,No,Colsubsidio,Banderas y/o señalización,"2,311,000,000,000",2026-2,2026-2,NU,OMEGA,20 a 35 años,,,NU,
VERDE ESPERANZA EL DORADO,ETAPA 1,2/26/2026,No,Colsubsidio,Banderas y/o señalización,"1,753,000,000,000",2026-2,2026-2,KAPPA,OMEGA,20 a 35 años,,,TAU,
Agrupación De Vivienda Monguí,ETAPA 2,10/27/2024,No,Banco,Banderas y/o señalización,"1,894,678,500,000",2024-10,2024-10,SIGMA,OMEGA,20 - 35 años,1,1,RHO,
Agrupacion De Vivienda Bosque De Arrayan,ETAPA 3,2/7/2026,No,Banco,Banderas y/o señalización,"2,205,000,000,000",2026-2,2026-2,SIGMA,OMEGA,36 a 45 años,2,1,GAMMA,
Agrupación De Vivienda Monguí,ETAPA 2,2/22/2026,No,Banco,Activación,"1,785,923,000,000",2026-2,2026-2,KAPPA,OMEGA,46 a 55 años,2,,NU,
VERDE ESPERANZA EL DORADO,ETAPA 1,2/21/2026,No,Banco,Banderas y/o señalización,"1,753,000,000,000",2026-2,2026-2,KAPPA,OMEGA,46 a 55 años,2,2,GAMMA,
VILLA MERCEDES EL DORADO,ETAPA 1,2/17/2026,No,Banco,Referido Alcaldía,"1,715,000,000,000",2026-2,2026-2,KAPPA,OMEGA,36 a 45 años,1,1,TAU,
VILLA MERCEDES EL DORADO,ETAPA 1,2/24/2026,No,Banco,Referido Alcaldía,"1,715,000,000,000",2026-2,2026-2,SIGMA,OMEGA,36 a 45 años,2,1,TAU,
VILLA MERCEDES EL DORADO,ETAPA 1,2/14/2026,No,Banco,Referido Alcaldía,"1,715,000,000,000",2026-2,2026-2,KAPPA,OMEGA,Mayor de 55 años,2,,TAU,
INARI,ETAPA 1,10/15/2024,No,Colsubsidio,Banderas y/o señalización,"2,808,000,000,000",2024-10,2024-10,NU,OMEGA,20 - 35 años,,,TAU,
VILLA MERCEDES EL DORADO,ETAPA 1,2/27/2026,No,Banco,Referido Alcaldía,"1,715,000,000,000",2026-2,2026-2,KAPPA,OMEGA,Mayor de 55 años,,,ETA,
La Arboleda,ETAPA 3,7/4/2026,No,Banco,Activación,"2,233,450,000,000",2026-7,2026-6,KAPPA,OMEGA,20 a 35 años,3,3,RHO,X
La Arboleda,ETAPA 2,5/28/2024,No,Banco,Banderas y/o señalización,"1,940,230,500,000",2024-5,2024-5,SIGMA,ETA,20 - 35 años,2,1,RHO,X
VILLA FIORITA,ETAPA 3,5/25/2024,No,Banco,Banderas y/o señalización,"2,135,250,000,000",2024-5,2024-5,SIGMA,OMEGA,20 - 35 años,3,1,RHO,X
Versalles,ETAPA 1,12/1/2024,No,Banco,Contact Center,"2,110,000,000,000",2024-12,2024-12,SIGMA,OMEGA,46 - 55 años,,,GAMMA,
INARI,ETAPA 1,12/6/2024,No,Banco,Banderas y/o señalización,"2,808,000,000,000",2024-12,2024-12,NU,ETA,20 - 35 años,,,GAMMA,
La Arboleda,ETAPA 1,1/21/2025,No,Colsubsidio,Banderas y/o señalización,"1,642,719,000,000",2025-1,2025-1,NU,OMEGA,20 - 35 años,,,GAMMA,
AGRUPACIÓN DE VIVIENDA BOSQUE DE TURPIAL,ETAPA 1,12/4/2024,No,Banco,Banderas y/o señalización,"2,311,190,000,000",2024-12,2024-12,NU,OMEGA,20 - 35 años,,,NU,
Agrupacion De Vivienda Bosque De Arrayan,ETAPA 4,1/10/2025,No,Banco,Banderas y/o señalización,"1,823,611,050,000",2025-1,2025-1,NU,OMEGA,20 - 35 años,,,RHO,
Los Nogales,ETAPA 1,2/20/2024,No,Banco,Valla ,"5,751,300,000,000",2024-2,2024-2,SIGMA,TAU,Mayor de 55 años,1,,NU,
Conjunto Residencial Campo Alegre El Dorado,ETAPA 2,12/11/2024,No,Banco,Referido Alcaldía,"1,118,728,650,000",2024-12,2024-12,KAPPA,OMEGA,36 - 45 años,2,2,TAU,
Los Nogales,ETAPA 1,2/10/2024,No,Banco,Ferias empresariales,"5,610,950,000,000",2024-2,2024-2,SIGMA,ETA,Mayor de 55 años,,,TAU,
VERDE ESPERANZA EL DORADO,ETAPA 1,3/9/2026,No,Colsubsidio,Banderas y/o señalización,"1,753,000,000,000",2026-3,2026-3,SIGMA,OMEGA,20 a 35 años,2,2,TAU,
Agrupación De Vivienda La Macarena,ETAPA 3,3/15/2026,No,Banco,Contact Center,"1,505,815,000,000",2026-3,2026-3,KAPPA,OMEGA,36 a 45 años,1,1,RHO,X
VERDE ESPERANZA EL DORADO,ETAPA 1,6/4/2026,No,Banco,Banderas y/o señalización,"1,793,000,000,000",2026-6,2026-6,KAPPA,OMEGA,20 a 35 años,,,GAMMA,
Agrupación De Vivienda La Macarena,ETAPA 3,3/8/2024,No,Colsubsidio,Guía de Servicios,"1,491,100,000,000",2024-3,2024-3,SIGMA,OMEGA,46 - 55 años,1,1,GAMMA,
Agrupación De Vivienda Monguí,ETAPA 3,4/26/2026,No,Banco,Activación,"1,969,768,000,000",2026-4,2026-4,KAPPA,OMEGA,20 a 35 años,,,RHO,X
Agrupación De Vivienda La Macarena,ETAPA 3,4/11/2026,No,Colsubsidio,Banderas y/o señalización,"1,488,269,000,000",2026-4,2026-4,KAPPA,OMEGA,36 a 45 años,,,RHO,X
La Arboleda,ETAPA 1,4/4/2026,No,Colsubsidio,Banderas y/o señalización,"1,637,025,000,000",2026-4,2026-4,KAPPA,OMEGA,20 a 35 años,,,GAMMA,X
Agrupación De Vivienda Monguí,ETAPA 3,4/25/2026,No,Colsubsidio,Banderas y/o señalización,"1,794,678,000,000",2026-4,2026-4,NU,OMEGA,20 a 35 años,,,RHO,X
Agrupación De Vivienda La Macarena,ETAPA 3,4/25/2026,No,Colsubsidio,Activación,"1,488,269,000,000",2026-4,2026-4,KAPPA,OMEGA,20 a 35 años,,,RHO,X
Agrupación De Vivienda Monguí,ETAPA 3,4/25/2026,No,Banco,Activación,"1,777,169,000,000",2026-4,2026-4,KAPPA,OMEGA,20 a 35 años,,,RHO,X
Agrupación De Vivienda Monguí,ETAPA 3,4/25/2026,No,Colsubsidio,Banderas y/o señalización,"1,794,678,000,000",2026-4,2026-4,NU,OMEGA,20 a 35 años,,,GAMMA,
AGRUPACIÓN DE VIVIENDA BOSQUE DE TURPIAL,ETAPA 1,4/25/2026,No,Banco,Banderas y/o señalización,"2,001,000,000,000",2026-4,2026-4,SIGMA,OMEGA,46 a 55 años,1,1,NU,
Agrupación De Vivienda Monguí,ETAPA 3,4/25/2026,No,Banco,Activación,"1,794,678,000,000",2026-4,2026-4,SIGMA,OMEGA,36 a 45 años,,,GAMMA,
Agrupación De Vivienda Monguí,ETAPA 3,4/29/2026,No,Colsubsidio,Banderas y/o señalización,"1,969,768,000,000",2026-4,2026-4,SIGMA,OMEGA,Mayor de 55 años,,,TAU,
VERDE ESPERANZA EL DORADO,ETAPA 1,4/26/2026,No,Banco,Banderas y/o señalización,"1,793,000,000,000",2026-4,2026-4,KAPPA,OMEGA,20 a 35 años,1,1,TAU,
La Arboleda,ETAPA 4,4/26/2026,No,Colsubsidio,Ferias empresariales,"1,976,071,000,000",2026-4,2026-4,KAPPA,OMEGA,20 a 35 años,,,NU,
Agrupación De Vivienda Monguí,ETAPA 3,4/26/2026,No,Banco,Banderas y/o señalización,"1,961,014,000,000",2026-4,2026-4,NU,OMEGA,20 a 35 años,,,TAU,
Agrupación De Vivienda Monguí,ETAPA 3,4/26/2026,No,Colsubsidio,Activación,"1,794,678,000,000",2026-4,2026-4,KAPPA,OMEGA,36 a 45 años,,,GAMMA,
Agrupación De Vivienda Monguí,ETAPA 3,4/25/2026,No,Banco,Activación,"1,777,169,000,000",2026-4,2026-4,KAPPA,OMEGA,20 a 35 años,,,GAMMA,
Agrupacion De Vivienda Fuentevida,ETAPA 2,3/24/2025,No,Colsubsidio,Referido Alcaldía,"1,281,150,000,000",2025-3,2025-3,KAPPA,OMEGA,20 a 35 años,4,3,NU,
INARI,ETAPA 1,4/30/2026,No,Colsubsidio,Activación,"2,808,000,000,000",2026-4,2026-4,NU,ETA,20 a 35 años,,,NU,
La Arboleda,ETAPA 2,3/31/2025,No,Colsubsidio,Banderas y/o señalización,"1,783,645,500,000",2025-3,2025-3,SIGMA,OMEGA,20 a 35 años,2,2,TAU,
CONJUNTO RESIDENCIAL VIBO ONCE,ETAPA 1,4/26/2026,No,Banco,Banderas y/o señalización,"2,813,000,000,000",2026-4,2026-4,KAPPA,OMEGA,20 a 35 años,,,TAU,
Los Nogales,ETAPA 1,8/9/2025,No,Banco,Activación,"5,706,430,000,000",2025-8,2025-8,SIGMA,OMEGA,46 a 55 años,1,1,TAU,
INARI,ETAPA 1,4/18/2026,No,Colsubsidio,Banderas y/o señalización,"2,506,000,000,000",2026-4,2026-4,KAPPA,OMEGA,36 a 45 años,2,1,ZETA,
Agrupacion De Vivienda Reserva De Guayacan,ETAPA 1,4/26/2026,No,Banco,Ferias empresariales,"1,754,000,000,000",2026-4,2026-4,KAPPA,OMEGA,Mayor de 55 años,2,2,TAU,
Agrupacion De Vivienda Fuentevida,ETAPA 2,3/27/2025,No,Banco,Referido Alcaldía,"1,281,150,000,000",2025-3,2025-3,KAPPA,OMEGA,36 a 45 años,,,TAU,
Versalles,ETAPA 1,7/22/2025,No,Banco,Banderas y/o señalización,"2,110,000,000,000",2025-7,2025-7,SIGMA,OMEGA,20 a 35 años,1,1,GAMMA,
INARI,ETAPA 1,7/26/2025,No,Colsubsidio,Banderas y/o señalización,"2,506,000,000,000",2025-7,2025-7,SIGMA,OMEGA,20 a 35 años,2,1,GAMMA,
Agrupación De Vivienda Monguí,,7/25/2025,Si,Banco,Sin Informacion,"1,914,607,500,000",2025-7,2025-7,KAPPA,OMEGA,36 a 45 años,1,,ZETA,
Agrupación De Vivienda Monguí,,1/16/2024,Si,Colsubsidio,Sin Informacion,"1,877,596,500,000",2024-1,2024-1,KAPPA,OMEGA,20 - 35 años,2,1,RHO,
INARI,ETAPA 1,8/19/2024,No,Colsubsidio,Banderas y/o señalización,"2,808,000,000,000",2024-8,2024-8,NU,ETA,20 - 35 años,,,RHO,X
Agrupación De Vivienda Monguí,ETAPA 2,10/5/2025,No,Colsubsidio,Banderas y/o señalización,"1,840,585,500,000",2025-10,2025-10,SIGMA,OMEGA,20 a 35 años,1,1,RHO,
Agrupación De Vivienda Monguí,ETAPA 1,1/31/2024,No,Colsubsidio,Banderas y/o señalización,"1,597,700,000,000",2024-1,2024-1,KAPPA,OMEGA,20 - 35 años,,,GAMMA,
VERDE ESPERANZA EL DORADO,ETAPA 1,11/4/2025,No,Colsubsidio,Banderas y/o señalización,"1,578,000,000,000",2025-11,2025-11,KAPPA,OMEGA,20 a 35 años,1,,GAMMA,
Agrupacion De Vivienda Bosque De Arrayan,ETAPA 3,8/13/2024,No,Banco,CS Tocancipá,"1,933,100,000,000",2024-8,2024-8,KAPPA,OMEGA,36 - 45 años,1,,TAU,
VERDE ESPERANZA EL DORADO,ETAPA 1,11/23/2025,No,Banco,Banderas y/o señalización,"1,578,000,000,000",2025-11,2025-11,KAPPA,OMEGA,36 a 45 años,,,TAU,
Agrupación De Vivienda Monguí,ETAPA 2,6/19/2024,No,Colsubsidio,Ferias empresariales,"1,992,900,000,000",2024-6,2024-6,NU,OMEGA,20 - 35 años,,,ALPHA,
Agrupación De Vivienda Pamplona I,ETAPA 1,5/7/2026,No,Banco,Banderas y/o señalización,"2,078,310,000,000",2026-5,2026-5,KAPPA,OMEGA,Mayor de 55 años,,,NU,
AGRUPACIÓN DE VIVIENDA BOSQUE DE TURPIAL,ETAPA 1,6/17/2024,No,Colsubsidio,Banderas y/o señalización,"2,311,000,000,000",2024-6,2024-6,KAPPA,OMEGA,20 - 35 años,,,TAU,
Agrupacion De Vivienda Payande,ETAPA 1,6/15/2024,No,Banco,Ferias empresariales,"1,594,710,000,000",2024-6,2024-6,KAPPA,OMEGA,36 - 45 años,2,2,TAU,
La Arboleda,ETAPA 1,2/3/2025,No,Banco,Referido,"1,773,681,000,000",2025-2,2025-2,SIGMA,ETA,36 a 45 años,2,1,GAMMA,
Agrupacion De Vivienda Bosque De Arrayan,ETAPA 2,2/24/2025,No,Colsubsidio,Banderas y/o señalización,"1,915,034,550,000",2025-2,2025-2,NU,OMEGA,20 a 35 años,,,RHO,X
La Arboleda,ETAPA 2,2/19/2025,No,Colsubsidio,Banderas y/o señalización,"1,780,798,500,000",2025-2,2025-2,SIGMA,OMEGA,20 a 35 años,3,,TAU,
INARI,ETAPA 1,6/2/2024,No,Banco,Página web ,"2,916,000,000,000",2024-6,2024-6,KAPPA,OMEGA,20 - 35 años,1,1,TAU,
INARI,1,4/7/2025,Si,Colsubsidio,Sin Informacion,"2,217,000,000,000",2025-4,2025-4,SIGMA,TAU,46 a 55 años,1,,GAMMA,
Agrupacion De Vivienda Payande,ETAPA 1,4/29/2025,No,Colsubsidio,Valla ,"1,649,375,000,000",2025-4,2025-4,SIGMA,OMEGA,46 a 55 años,,,NU,
AGRUPACIÓN DE VIVIENDA SAMÁN ,ETAPA 1,4/5/2025,No,Banco,Página web ,"2,550,000,000,000",2025-4,2025-4,NU,TAU,20 a 35 años,,,RHO,X
La Arboleda,3,10/23/2024,Si,Banco,Sin Informacion,"2,412,130,000,000",2024-10,2024-10,NU,OMEGA,20 - 35 años,,,GAMMA,
INARI,ETAPA 1,10/4/2024,No,Banco,Banderas y/o señalización,"2,808,000,000,000",2024-10,2024-10,KAPPA,OMEGA,46 - 55 años,,,TAU,
VERDE ESPERANZA EL DORADO,ETAPA 1,7/3/2026,No,Colsubsidio,Banderas y/o señalización,"1,793,000,000,000",2026-7,2026-6,KAPPA,OMEGA,20 a 35 años,3,2,GAMMA,
Agrupación De Vivienda Monguí,ETAPA 2,9/30/2025,No,Colsubsidio,Banderas y/o señalización,"1,772,257,500,000",2025-9,2025-9,KAPPA,OMEGA,36 a 45 años,3,2,GAMMA,
Versalles,ETAPA 1,3/22/2025,No,Banco,Banderas y/o señalización,"2,171,000,000,000",2025-3,2025-3,SIGMA,OMEGA,20 a 35 años,1,1,RHO,
Agrupacion De Vivienda Bosque De Arrayan,ETAPA 4,3/24/2025,No,Colsubsidio,Banderas y/o señalización,"2,066,922,000,000",2025-3,2025-3,NU,OMEGA,20 a 35 años,,,GAMMA,
AGRUPACIÓN DE VIVIENDA BOSQUE DE TURPIAL,,7/20/2024,Si,Colsubsidio,Sin Informacion,"2,263,000,000,000",2024-7,2024-7,KAPPA,OMEGA,20 - 35 años,,,TAU,
Agrupación De Vivienda Monguí,ETAPA 3,4/25/2026,No,Colsubsidio,Banderas y/o señalización,"1,584,569,000,000",2026-4,2026-4,NU,OMEGA,20 a 35 años,,,GAMMA,
Agrupacion De Vivienda Fuentevida,ETAPA 2,3/27/2025,No,Banco,Referido Alcaldía,"1,281,150,000,000",2025-3,2025-3,KAPPA,OMEGA,46 a 55 años,1,,ZETA,
Agrupacion De Vivienda Fuentevida,ETAPA 2,11/26/2024,No,Banco,Referido Alcaldía,"1,208,551,500,000",2024-11,2024-11,KAPPA,OMEGA,20 - 35 años,4,2,NU,
Agrupación De Vivienda Monguí,ETAPA 3,4/26/2026,No,Banco,Banderas y/o señalización,"1,952,259,000,000",2026-4,2026-4,KAPPA,OMEGA,36 a 45 años,,,ZETA,
Agrupación De Vivienda Monguí,ETAPA 2,8/30/2025,No,Colsubsidio,Campaña FNA,"1,920,301,500,000",2025-8,2025-8,SIGMA,ETA,Mayor de 55 años,,,TAU,
Agrupacion De Vivienda Payande,ETAPA 3,4/26/2026,No,Banco,Ferias empresariales,"1,892,730,950,000",2026-4,2026-4,SIGMA,OMEGA,46 a 55 años,2,1,TAU,
Agrupación De Vivienda Monguí,ETAPA 2,7/12/2024,No,Banco,Redes Sociales,"1,897,525,500,000",2024-7,2024-7,KAPPA,OMEGA,20 - 35 años,,,TAU,
Proyecto Karakalí,ETAPA 1,8/23/2025,No,Banco,Volantes,"2,860,546,000,000",2025-8,2025-8,SIGMA,TAU,36 a 45 años,2,,TAU,
Agrupación De Vivienda Monguí,ETAPA 3,4/25/2026,No,Colsubsidio,Banderas y/o señalización,"1,567,060,000,000",2026-4,2026-4,KAPPA,OMEGA,36 a 45 años,,,TAU,
Agrupación De Vivienda Monguí,ETAPA 2,9/21/2025,No,Colsubsidio,Contact Center,"1,793,610,000,000",2025-9,2025-9,SIGMA,OMEGA,Mayor de 55 años,,,TAU,
AGRUPACIÓN DE VIVIENDA BOSQUE DE TURPIAL,ETAPA 1,7/31/2024,No,Banco,Whatsapp,"2,101,000,000,000",2024-7,2024-7,SIGMA,OMEGA,Mayor de 55 años,,,TAU,
Agrupación De Vivienda Monguí,ETAPA 1,9/14/2025,No,Colsubsidio,Banderas y/o señalización,"1,619,050,000,000",2025-9,2025-9,SIGMA,OMEGA,Mayor de 55 años,,,TAU,
Versalles,,7/25/2024,Si,Banco,Sin Informacion,"1,987,000,000,000",2024-7,2024-7,SIGMA,OMEGA,36 - 45 años,,,TAU,
AGRUPACIÓN DE VIVIENDA SAMÁN ,ETAPA 1,10/31/2025,No,Banco,Página web ,"2,550,000,000,000",2025-10,2025-10,KAPPA,OMEGA,20 a 35 años,,,GAMMA,
La Arboleda,ETAPA 3,7/17/2025,No,Banco,Whatsapp,"2,412,130,000,000",2025-7,2025-7,KAPPA,OMEGA,20 a 35 años,2,2,GAMMA,
VERDE ESPERANZA EL DORADO,ETAPA 1,10/16/2025,No,Banco,Valla ,"1,578,000,000,000",2025-10,2025-10,KAPPA,OMEGA,Mayor de 55 años,2,1,GAMMA,
Agrupacion De Vivienda Payande,ETAPA 3,11/16/2025,No,Colsubsidio,Redes Sociales,"1,779,375,000,000",2025-11,2025-11,NU,OMEGA,20 a 35 años,,,GAMMA,
Proyecto Karakalí,ETAPA 1,7/16/2025,No,Banco,Referido,"2,451,267,000,000",2025-7,2025-7,KAPPA,OMEGA,46 a 55 años,,,TAU,
La Arboleda,ETAPA 3,10/20/2025,No,Banco,Whatsapp,"2,233,450,000,000",2025-10,2025-10,KAPPA,OMEGA,20 a 35 años,1,1,RHO,X
AGRUPACIÓN DE VIVIENDA BOSQUE DE TURPIAL,,10/11/2025,Si,Colsubsidio,Sin Informacion,"2,311,190,000,000",2025-10,2025-10,SIGMA,ETA,46 a 55 años,,,RHO,X
VERDE ESPERANZA EL DORADO,ETAPA 1,11/5/2025,No,Colsubsidio,Banderas y/o señalización,"1,578,000,000,000",2025-11,2025-11,KAPPA,OMEGA,36 a 45 años,1,,GAMMA,
Agrupacion De Vivienda Fuentevida,ETAPA 2,11/14/2025,No,Colsubsidio,Banderas y/o señalización,"1,281,150,000,000",2025-11,2025-11,SIGMA,OMEGA,46 a 55 años,,,NU,
VERDE ESPERANZA EL DORADO,ETAPA 1,10/28/2025,No,Banco,Valla ,"1,578,000,000,000",2025-10,2025-10,KAPPA,OMEGA,20 a 35 años,1,1,GAMMA,
VILLA FIORITA,ETAPA 1,7/9/2025,No,Colsubsidio,Whatsapp,"2,135,250,000,000",2025-7,2025-7,SIGMA,OMEGA,20 a 35 años,1,1,ZETA,
VERDE ESPERANZA EL DORADO,ETAPA 1,1/9/2026,No,Colsubsidio,Banderas y/o señalización,"1,753,000,000,000",2026-1,2026-1,KAPPA,OMEGA,20 a 35 años,3,2,ZETA,
Conjunto Residencial Campo Alegre El Dorado,2,6/26/2025,Si,Colsubsidio,Sin Informacion,"1,184,494,350,000",2025-6,2025-6,NU,OMEGA,20 a 35 años,,,ALPHA,
Agrupación De Vivienda La Macarena,ETAPA 4,5/30/2026,No,Colsubsidio,Banderas y/o señalización,"1,488,269,000,000",2026-5,2026-5,SIGMA,OMEGA,20 a 35 años,1,1,RHO,X
Agrupación De Vivienda La Macarena,ETAPA 3,6/24/2025,No,Colsubsidio,Referido,"1,622,790,000,000",2025-6,2025-6,NU,OMEGA,20 a 35 años,,,RHO,X
Versalles,ETAPA 1,5/22/2026,No,Banco,Banderas y/o señalización,"1,987,000,000,000",2026-5,2026-5,KAPPA,OMEGA,20 a 35 años,1,,RHO,X
Agrupacion De Vivienda Payande,,6/15/2025,Si,Colsubsidio,Sin Informacion,"1,910,240,000,000",2025-6,2025-6,SIGMA,OMEGA,46 a 55 años,1,,GAMMA,
Agrupación De Vivienda Monguí,ETAPA 2,6/13/2025,No,Colsubsidio,Activación,"1,773,681,000,000",2025-6,2025-6,NU,OMEGA,20 a 35 años,,,GAMMA,
La Arboleda,ETAPA 3,6/13/2025,No,Colsubsidio,Banderas y/o señalización,"2,412,130,000,000",2025-6,2025-6,KAPPA,OMEGA,36 a 45 años,2,2,ZETA,
Agrupación De Vivienda Monguí,ETAPA 2,4/5/2024,No,Banco,Banderas y/o señalización,"1,776,528,000,000",2024-4,2024-4,KAPPA,OMEGA,20 - 35 años,1,1,GAMMA,X
AGRUPACIÓN DE VIVIENDA SAMÁN ,ETAPA 1,5/9/2025,No,Banco,Referido,"2,550,000,000,000",2025-5,2025-5,SIGMA,ETA,46 a 55 años,3,,RHO,X
Agrupación De Vivienda Pamplona I,ETAPA 1,4/16/2025,No,Banco,Banderas y/o señalización,"2,217,000,000,000",2025-4,2025-4,KAPPA,OMEGA,20 a 35 años,,,GAMMA,
La Arboleda,ETAPA 2,4/14/2025,No,Banco,Whatsapp,"1,789,339,500,000",2025-4,2025-4,KAPPA,OMEGA,46 a 55 años,1,,TAU,
Agrupación De Vivienda Monguí,ETAPA 2,2/22/2026,No,Banco,Banderas y/o señalización,"1,785,923,000,000",2026-2,2026-2,NU,OMEGA,20 a 35 años,,,RHO,X
Agrupación De Vivienda Pamplona I,ETAPA 2,2/22/2026,No,Banco,Banderas y/o señalización,"1,786,000,000,000",2026-2,2026-2,KAPPA,OMEGA,20 a 35 años,4,3,GAMMA,
Agrupación De Vivienda Monguí,ETAPA 2,2/12/2026,No,Banco,Banderas y/o señalización,"1,961,014,000,000",2026-2,2026-2,KAPPA,OMEGA,Mayor de 55 años,1,,TAU,
Agrupación De Vivienda Monguí,ETAPA 2,2/23/2026,No,Banco,Banderas y/o señalización,"1,794,678,000,000",2026-2,2026-2,KAPPA,OMEGA,20 a 35 años,,,GAMMA,X
Agrupacion De Vivienda Payande,ETAPA 1,10/26/2024,No,Banco,Ferias empresariales,"1,594,710,000,000",2024-10,2024-10,NU,ETA,20 - 35 años,,,RHO,
Agrupación De Vivienda Pamplona I,ETAPA 2,10/31/2024,No,Colsubsidio,Redes Sociales,"1,950,195,000,000",2024-10,2024-10,SIGMA,OMEGA,36 - 45 años,2,2,NU,
La Arboleda,ETAPA 3,7/4/2026,No,Colsubsidio,Banderas y/o señalización,"2,412,130,000,000",2026-7,2026-6,KAPPA,OMEGA,20 a 35 años,,,GAMMA,
Versalles,ETAPA 1,7/4/2026,No,Banco,Activación,"1,987,000,000,000",2026-7,2026-6,SIGMA,OMEGA,46 a 55 años,,,NU,
VILLA MERCEDES EL DORADO,ETAPA 1,2/16/2026,No,Banco,Referido Alcaldía,"1,715,000,000,000",2026-2,2026-2,SIGMA,ETA,46 a 55 años,1,1,ZETA,
VILLA FIORITA,ETAPA 1,10/31/2024,No,Banco,Activación,"1,987,206,000,000",2024-10,2024-10,NU,OMEGA,36 - 45 años,,,NU,
Agrupación De Vivienda La Macarena,ETAPA 4,7/16/2026,No,Colsubsidio,Banderas y/o señalización,"1,610,815,000,000",2026-7,2026-6,NU,OMEGA,20 a 35 años,,,NU,
Conjunto Residencial Campo Alegre El Dorado,ETAPA 2,7/24/2024,No,Banco,Referido Alcaldía,"1,081,730,000,000",2024-7,,PI,CHI,,,,XI,
INARI,ETAPA 1,10/7/2025,No,Colsubsidio,Banderas y/o señalización,"2,506,000,000,000",2025-10,,PI,CHI,,,,XI,
Agrupacion De Vivienda Fuentevida,ETAPA 1,1/20/2024,No,Banco,Referido Alcaldía,"1,170,000,000,000",2024-1,,PI,CHI,,,,XI,
AGRUPACIÓN DE VIVIENDA SAMÁN ,ETAPA 1,3/2/2025,No,Banco,Página web ,"2,550,000,000,000",2025-3,,PI,CHI,,,,XI,
Agrupación De Vivienda La Macarena,ETAPA 4,7/2/2026,No,Banco,Banderas y/o señalización,"1,602,060,000,000",2026-7,,PI,CHI,,,,XI,
Los Nogales,ETAPA 1,6/15/2025,No,Banco,Activación,"5,313,270,000,000",2025-6,,PI,CHI,,,,XI,
Agrupación De Vivienda Monguí,ETAPA 2,5/27/2025,No,Banco,Banderas y/o señalización,"1,917,454,500,000",2025-5,,PI,CHI,,,,XI,
Agrupacion De Vivienda Payande,ETAPA 3,3/25/2024,No,Colsubsidio,Valla ,"1,755,000,000,000",2024-3,2024-3,KAPPA,OMEGA,20 - 35 años,,,NU,
Agrupación De Vivienda Monguí,ETAPA 1,3/17/2024,No,Banco,Ferias empresariales,"1,764,100,000,000",2024-3,2024-3,NU,OMEGA,20 - 35 años,,,TAU,
Agrupacion De Vivienda Reserva De Guayacan,ETAPA 1,4/25/2026,No,Banco,Ferias empresariales,"2,360,000,000,000",2026-4,2026-4,NU,OMEGA,20 a 35 años,,,RHO,X
Agrupación De Vivienda Monguí,ETAPA 3,4/24/2026,No,Colsubsidio,Activación,"1,785,923,000,000",2026-4,2026-4,NU,OMEGA,20 a 35 años,,,RHO,
Agrupacion De Vivienda Payande,ETAPA 2,4/25/2026,No,Banco,Redes Sociales,"2,034,550,950,000",2026-4,2026-4,KAPPA,OMEGA,20 a 35 años,2,1,RHO,X
Agrupación De Vivienda Monguí,ETAPA 2,9/25/2025,No,Banco,Banderas y/o señalización,"1,792,186,500,000",2025-9,2025-9,NU,OMEGA,Menor de 19 años,,,GAMMA,
AGRUPACIÓN DE VIVIENDA SAMÁN ,ETAPA 1,4/26/2026,No,Banco,Redes Sociales,"2,532,490,950,000",2026-4,2026-4,NU,OMEGA,20 a 35 años,,,GAMMA,
Agrupacion De Vivienda Payande,ETAPA 2,4/28/2026,No,Colsubsidio,Banderas y/o señalización,"1,892,730,950,000",2026-4,2026-4,SIGMA,OMEGA,46 a 55 años,1,,ZETA,
VERDE ESPERANZA EL DORADO,ETAPA 1,9/30/2025,No,Colsubsidio,Banderas y/o señalización,"1,578,000,000,000",2025-9,2025-9,SIGMA,OMEGA,20 a 35 años,2,2,TAU,
Agrupación De Vivienda La Macarena,ETAPA 3,9/29/2025,No,Colsubsidio,CS Soacha,"1,534,533,000,000",2025-9,2025-9,SIGMA,OMEGA,46 a 55 años,1,1,NU,
Agrupación De Vivienda Monguí,ETAPA 1,4/4/2026,No,Colsubsidio,Banderas y/o señalización,"1,575,815,000,000",2026-4,2026-4,KAPPA,OMEGA,20 a 35 años,,,RHO,X
INARI,ETAPA 1,9/30/2025,No,Colsubsidio,Activación,"2,506,000,000,000",2025-9,2025-9,NU,OMEGA,20 a 35 años,,,RHO,X
Agrupación De Vivienda Monguí,ETAPA 2,9/26/2025,No,Colsubsidio,Banderas y/o señalización,"1,792,186,500,000",2025-9,2025-9,KAPPA,OMEGA,20 a 35 años,1,1,GAMMA,
Agrupacion De Vivienda Fuentevida,ETAPA 2,11/25/2024,No,Banco,Referido Alcaldía,"1,208,551,500,000",2024-11,2024-11,SIGMA,OMEGA,Mayor de 55 años,,,GAMMA,
VERDE ESPERANZA EL DORADO,ETAPA 1,9/24/2025,No,Colsubsidio,Banderas y/o señalización,"1,578,000,000,000",2025-9,2025-9,KAPPA,OMEGA,20 a 35 años,3,2,GAMMA,
AGRUPACIÓN DE VIVIENDA BOSQUE DE TURPIAL,ETAPA 1,7/7/2024,No,Colsubsidio,Página web ,"2,311,000,000,000",2024-7,2024-7,SIGMA,OMEGA,20 - 35 años,1,,GAMMA,
INARI,ETAPA 1,4/26/2026,No,Colsubsidio,Activación,"2,808,000,000,000",2026-4,2026-4,SIGMA,ETA,36 a 45 años,2,1,GAMMA,
VERDE ESPERANZA EL DORADO,ETAPA 1,9/27/2025,No,Colsubsidio,Valla ,"1,578,000,000,000",2025-9,2025-9,NU,OMEGA,20 a 35 años,,,ZETA,
Agrupación De Vivienda La Macarena,1,7/25/2024,Si,Colsubsidio,Sin Informacion,"1,532,024,000,000",2024-7,2024-7,KAPPA,OMEGA,20 - 35 años,3,,TAU,
Agrupacion De Vivienda Reserva De Guayacan,ETAPA 1,4/26/2026,No,Banco,Ferias empresariales,"1,754,000,000,000",2026-4,2026-4,KAPPA,ETA,Mayor de 55 años,1,,IOTA,
VERDE ESPERANZA EL DORADO,ETAPA 1,9/22/2025,No,Colsubsidio,Banderas y/o señalización,"1,578,000,000,000",2025-9,2025-9,NU,OMEGA,20 a 35 años,,,TAU,
Proyecto Karakalí,ETAPA 1,7/4/2025,No,Banco,Banderas y/o señalización,"2,451,267,000,000",2025-7,2025-7,NU,ETA,20 a 35 años,,,RHO,X
Agrupación De Vivienda La Macarena,ETAPA 4,1/12/2026,No,Colsubsidio,Banderas y/o señalización,"1,766,000,000,000",2026-1,2026-1,KAPPA,OMEGA,Menor de 19 años,,,GAMMA,
VERDE ESPERANZA EL DORADO,ETAPA 1,11/8/2025,No,Banco,Banderas y/o señalización,"1,618,000,000,000",2025-11,2025-11,KAPPA,OMEGA,36 a 45 años,,,TAU,
La Arboleda,ETAPA 3,11/13/2025,No,Banco,Contact Center,"2,233,450,000,000",2025-11,2025-11,KAPPA,OMEGA,20 a 35 años,,,TAU,
Proyecto Karakalí,ETAPA 1,10/9/2025,No,Banco,Referido,"2,451,267,000,000",2025-10,2025-10,NU,ETA,36 a 45 años,,,ALPHA,
ARAUCARIA,ETAPA 1,1/6/2026,No,Banco,Banderas y/o señalización,"7,361,000,000,000",2026-1,2026-1,SIGMA,ETA,20 a 35 años,1,,RHO,X
VERDE ESPERANZA EL DORADO,ETAPA 1,10/17/2025,No,Banco,Valla ,"1,578,000,000,000",2025-10,2025-10,SIGMA,OMEGA,Mayor de 55 años,1,,GAMMA,
AGRUPACIÓN DE VIVIENDA BOSQUE DE TURPIAL,ETAPA 2,11/6/2025,No,Banco,Contact Center,"2,807,000,000,000",2025-11,2025-11,SIGMA,OMEGA,36 a 45 años,2,,NU,
Los Nogales,ETAPA 2,11/28/2025,No,Banco,Banderas y/o señalización,"5,551,320,000,000",2025-11,2025-11,KAPPA,OMEGA,Mayor de 55 años,1,,TAU,
Agrupación De Vivienda La Macarena,ETAPA 3,6/15/2025,No,Banco,Banderas y/o señalización,"1,618,519,500,000",2025-6,2025-6,KAPPA,OMEGA,36 a 45 años,,,RHO,X
Proyecto Karakalí,1,6/13/2025,Si,Colsubsidio,Sin Informacion,"2,293,000,000,000",2025-6,2025-6,NU,ETA,36 a 45 años,,,RHO,X
Proyecto Karakalí,ETAPA 1,5/31/2025,No,Banco,Banderas y/o señalización,"2,451,267,000,000",2025-5,2025-5,NU,OMEGA,20 a 35 años,,,RHO,X
Agrupación De Vivienda La Macarena,ETAPA 4,5/3/2026,No,Colsubsidio,Banderas y/o señalización,"1,479,515,000,000",2026-5,2026-5,KAPPA,OMEGA,20 a 35 años,,,RHO,X
La Arboleda,ETAPA 3,6/29/2025,No,Banco,Google,"2,412,130,000,000",2025-6,2025-6,SIGMA,OMEGA,36 a 45 años,,,NU,
Agrupación De Vivienda La Macarena,ETAPA 3,6/20/2025,No,Banco,Banderas y/o señalización,"1,618,519,500,000",2025-6,2025-6,KAPPA,OMEGA,20 a 35 años,,,RHO,
VERDE ESPERANZA EL DORADO,ETAPA 1,5/20/2026,No,Colsubsidio,Banderas y/o señalización,"1,793,000,000,000",2026-5,2026-5,KAPPA,OMEGA,20 a 35 años,,,NU,
AGRUPACIÓN DE VIVIENDA BOSQUE DE TURPIAL,ETAPA 1,6/15/2025,No,Banco,Banderas y/o señalización,"2,311,000,000,000",2025-6,2025-6,SIGMA,ETA,20 a 35 años,2,1,NU,
Agrupacion De Vivienda Bosque De Arrayan,,6/15/2025,Si,Banco,Sin Informacion,"2,205,000,000,000",2025-6,2025-6,KAPPA,OMEGA,20 a 35 años,1,1,TAU,
Versalles,ETAPA 1,6/13/2025,No,Colsubsidio,Banderas y/o señalización,"1,987,000,000,000",2025-6,2025-6,SIGMA,OMEGA,20 a 35 años,1,1,ALPHA,
Agrupacion De Vivienda Payande,ETAPA 3,6/14/2025,No,Banco,Ferias empresariales,"1,699,375,000,000",2025-6,2025-6,SIGMA,OMEGA,20 a 35 años,1,1,RHO,X
Agrupación De Vivienda Monguí,ETAPA 1,6/21/2025,No,Banco,Ferias empresariales,"1,758,022,500,000",2025-6,2025-6,SIGMA,OMEGA,Mayor de 55 años,2,1,GAMMA,
Agrupación De Vivienda La Macarena,ETAPA 3,6/15/2025,No,Colsubsidio,Referido,"1,612,825,500,000",2025-6,2025-6,SIGMA,OMEGA,46 a 55 años,,,GAMMA,
Agrupacion De Vivienda Bosque De Arrayan,ETAPA 3,6/16/2025,No,Colsubsidio,Banderas y/o señalización,"2,062,651,500,000",2025-6,2025-6,SIGMA,OMEGA,36 a 45 años,2,2,RHO,X
AGRUPACIÓN DE VIVIENDA SAMÁN ,ETAPA 1,5/9/2026,No,Colsubsidio,Banderas y/o señalización,"2,532,490,950,000",2026-5,2026-5,SIGMA,ETA,Mayor de 55 años,,,GAMMA,
Proyecto Karakalí,ETAPA 1,6/14/2025,No,Colsubsidio,Ferias empresariales,"2,451,267,000,000",2025-6,2025-6,NU,ETA,20 a 35 años,,,TAU,
Agrupación De Vivienda Pamplona I,ETAPA 4,6/15/2025,No,Colsubsidio,Banderas y/o señalización,"2,361,000,000,000",2025-6,2025-6,KAPPA,OMEGA,20 a 35 años,3,2,TAU,
INARI,ETAPA 1,5/31/2026,No,Colsubsidio,Activación,"2,506,000,000,000",2026-5,2026-5,KAPPA,OMEGA,Mayor de 55 años,1,1,TAU,
Agrupación De Vivienda Monguí,ETAPA 2,2/4/2026,No,Colsubsidio,Banderas y/o señalización,"1,777,169,000,000",2026-2,2026-2,NU,OMEGA,20 a 35 años,,,NU,
VERDE ESPERANZA EL DORADO,ETAPA 1,2/17/2026,No,Colsubsidio,Banderas y/o señalización,"1,753,000,000,000",2026-2,2026-2,NU,OMEGA,20 a 35 años,,,GAMMA,
Agrupación De Vivienda Monguí,ETAPA 2,2/20/2026,No,Colsubsidio,Banderas y/o señalización,"1,567,060,000,000",2026-2,2026-2,KAPPA,OMEGA,20 a 35 años,2,2,NU,
Agrupacion De Vivienda Reserva De Guayacan,ETAPA 1,2/15/2026,No,Banco,Redes Sociales,"2,360,000,000,000",2026-2,2026-2,NU,OMEGA,36 a 45 años,,,TAU,
VERDE ESPERANZA EL DORADO,ETAPA 1,2/22/2026,No,Banco,Banderas y/o señalización,"1,753,000,000,000",2026-2,2026-2,KAPPA,OMEGA,20 a 35 años,1,1,TAU,
La Arboleda,ETAPA 2,10/27/2024,No,Banco,Banderas y/o señalización,"1,824,927,000,000",2024-10,2024-10,KAPPA,OMEGA,36 - 45 años,2,1,TAU,
VILLA MERCEDES EL DORADO,ETAPA 1,2/12/2026,No,Banco,Referido Alcaldía,"1,715,000,000,000",2026-2,2026-2,KAPPA,OMEGA,36 a 45 años,1,1,TAU,
VILLA MERCEDES EL DORADO,ETAPA 1,2/16/2026,No,Banco,Referido Alcaldía,"1,715,000,000,000",2026-2,2026-2,SIGMA,ETA,36 a 45 años,2,2,RHO,
Agrupación De Vivienda Pamplona I,ETAPA 2,2/12/2026,No,Banco,Banderas y/o señalización,"1,786,000,000,000",2026-2,2026-2,KAPPA,OMEGA,36 a 45 años,2,,RHO,X
VILLA MERCEDES EL DORADO,ETAPA 1,2/21/2026,No,Banco,Referido Alcaldía,"1,715,000,000,000",2026-2,2026-2,NU,OMEGA,20 a 35 años,,,TAU,
VILLA MERCEDES EL DORADO,ETAPA 1,2/28/2026,No,Colsubsidio,Referido Alcaldía,"1,715,000,000,000",2026-2,2026-2,KAPPA,OMEGA,36 a 45 años,2,2,TAU,
VILLA MERCEDES EL DORADO,ETAPA 1,2/28/2026,No,Colsubsidio,Referido Alcaldía,"1,715,000,000,000",2026-2,2026-2,KAPPA,OMEGA,20 a 35 años,3,2,TAU,
VILLA MERCEDES EL DORADO,ETAPA 1,2/24/2026,No,Banco,Referido Alcaldía,"1,715,000,000,000",2026-2,2026-2,KAPPA,OMEGA,46 a 55 años,,,TAU,
VERDE ESPERANZA EL DORADO,ETAPA 1,7/9/2026,No,Banco,Banderas y/o señalización,"1,793,000,000,000",2026-7,2026-6,KAPPA,ETA,20 a 35 años,,,IOTA,
Agrupación De Vivienda Monguí,ETAPA 2,2/22/2026,No,Banco,Activación,"1,961,014,000,000",2026-2,2026-2,SIGMA,OMEGA,36 a 45 años,1,1,TAU,
VILLA MERCEDES EL DORADO,ETAPA 1,2/28/2026,No,Colsubsidio,Referido Alcaldía,"1,715,000,000,000",2026-2,2026-2,KAPPA,OMEGA,20 a 35 años,3,2,ZETA,
VILLA FIORITA,ETAPA 1,10/31/2024,No,Banco,Activación,"1,987,206,000,000",2024-10,2024-10,NU,OMEGA,20 - 35 años,,,TAU,
VILLA MERCEDES EL DORADO,ETAPA 1,2/21/2026,No,Banco,Referido Alcaldía,"1,715,000,000,000",2026-2,2026-2,KAPPA,ETA,36 a 45 años,,,IOTA,
VERDE ESPERANZA EL DORADO,ETAPA 1,2/24/2026,No,Banco,Banderas y/o señalización,"1,793,000,000,000",2026-2,2026-2,KAPPA,OMEGA,20 a 35 años,2,1,ZETA,
Agrupación De Vivienda La Macarena,3,10/18/2024,Si,Colsubsidio,Sin Informacion,"1,479,515,000,000",2024-10,2024-10,KAPPA,OMEGA,20 - 35 años,3,2,NU,
Versalles,ETAPA 1,10/30/2024,No,Banco,Referido,"2,110,000,000,000",2024-10,2024-10,NU,OMEGA,20 - 35 años,,,GAMMA,
VILLA MERCEDES EL DORADO,ETAPA 1,2/10/2026,No,Banco,Referido Alcaldía,"1,715,000,000,000",2026-2,2026-2,SIGMA,OMEGA,36 a 45 años,2,2,RHO,X
La Arboleda,ETAPA 2,2/22/2026,No,Colsubsidio,Banderas y/o señalización,"1,769,410,500,000",2026-2,2026-2,KAPPA,OMEGA,20 a 35 años,1,1,RHO,X
VERDE ESPERANZA EL DORADO,ETAPA 1,2/26/2026,No,Banco,Banderas y/o señalización,"1,753,000,000,000",2026-2,2026-2,KAPPA,OMEGA,Mayor de 55 años,,,TAU,
VILLA MERCEDES EL DORADO,ETAPA 1,2/24/2026,No,Banco,Referido Alcaldía,"1,715,000,000,000",2026-2,2026-2,KAPPA,ETA,36 a 45 años,,,IOTA,
VILLA MERCEDES EL DORADO,ETAPA 1,2/27/2026,No,Banco,Referido Alcaldía,"1,715,000,000,000",2026-2,2026-2,KAPPA,OMEGA,20 a 35 años,2,2,GAMMA,
AGRUPACIÓN DE VIVIENDA BOSQUE DE TURPIAL,ETAPA 1,2/14/2026,No,Banco,Banderas y/o señalización,"2,311,190,000,000",2026-2,2026-2,SIGMA,OMEGA,46 a 55 años,2,,NU,
VILLA FIORITA,,10/29/2024,Si,Colsubsidio,Sin Informacion,"2,135,250,000,000",2024-10,2024-10,NU,ETA,20 - 35 años,,,NU,
VILLA MERCEDES EL DORADO,ETAPA 1,2/23/2026,No,Banco,Referido Alcaldía,"1,715,000,000,000",2026-2,2026-2,KAPPA,OMEGA,36 a 45 años,1,1,TAU,
VILLA MERCEDES EL DORADO,ETAPA 1,2/14/2026,No,Banco,Referido Alcaldía,"1,715,000,000,000",2026-2,2026-2,NU,OMEGA,20 a 35 años,,,TAU,
VILLA MERCEDES EL DORADO,ETAPA 1,2/20/2026,No,Banco,Referido Alcaldía,"1,715,000,000,000",2026-2,2026-2,KAPPA,ETA,36 a 45 años,2,,IOTA,
VILLA MERCEDES EL DORADO,ETAPA 1,2/28/2026,No,Banco,Referido Alcaldía,"1,715,000,000,000",2026-2,2026-2,KAPPA,ETA,Mayor de 55 años,1,,IOTA,
VERDE ESPERANZA EL DORADO,ETAPA 1,2/16/2026,No,Banco,Banderas y/o señalización,"1,753,000,000,000",2026-2,2026-2,KAPPA,OMEGA,36 a 45 años,2,2,GAMMA,
La Arboleda,ETAPA 2,2/22/2026,No,Colsubsidio,Activación,"1,998,594,000,000",2026-2,2026-2,SIGMA,OMEGA,20 a 35 años,2,2,TAU,
Agrupación De Vivienda Monguí,ETAPA 2,2/15/2026,No,Colsubsidio,Banderas y/o señalización,"1,777,169,000,000",2026-2,2026-2,SIGMA,OMEGA,20 a 35 años,1,1,RHO,X
INARI,1,4/15/2025,Si,Banco,Sin Informacion,"2,808,000,000,000",2025-4,2025-4,NU,ETA,20 a 35 años,,,RHO,X
Agrupacion De Vivienda Bosque De Arrayan,ETAPA 4,4/21/2025,No,Colsubsidio,Banderas y/o señalización,"1,915,034,550,000",2025-4,2025-4,NU,OMEGA,20 a 35 años,,,TAU,
Agrupación De Vivienda Monguí,ETAPA 2,4/22/2025,No,Banco,Banderas y/o señalización,"1,991,476,500,000",2025-4,2025-4,KAPPA,OMEGA,20 a 35 años,,,TAU,
La Arboleda,ETAPA 2,4/16/2025,No,Colsubsidio,Banderas y/o señalización,"1,790,763,000,000",2025-4,2025-4,SIGMA,OMEGA,20 a 35 años,2,2,GAMMA,
Agrupación De Vivienda Monguí,ETAPA 1,4/25/2025,No,Banco,Referido,"1,750,905,000,000",2025-4,2025-4,KAPPA,OMEGA,20 a 35 años,1,1,GAMMA,
La Arboleda,ETAPA 2,6/15/2025,No,Banco,Página web ,"1,796,457,000,000",2025-6,2025-6,KAPPA,OMEGA,20 a 35 años,,,TAU,
AGRUPACIÓN DE VIVIENDA SAMÁN ,ETAPA 1,6/15/2025,No,Banco,Ferias empresariales,"2,550,000,000,000",2025-6,2025-6,KAPPA,OMEGA,36 a 45 años,2,1,GAMMA,
INARI,1,6/14/2025,Si,Colsubsidio,Sin Informacion,"2,506,000,000,000",2025-6,2025-6,NU,OMEGA,20 a 35 años,,,GAMMA,
AGRUPACIÓN DE VIVIENDA BOSQUE DE TURPIAL,ETAPA 1,4/21/2024,No,Banco,Banderas y/o señalización,"2,311,000,000,000",2024-4,2024-4,KAPPA,OMEGA,20 - 35 años,,,GAMMA,
La Arboleda,ETAPA 1,4/20/2024,No,Colsubsidio,Banderas y/o señalización,"1,625,000,000,000",2024-4,2024-4,SIGMA,OMEGA,20 - 35 años,1,1,GAMMA,
AGRUPACIÓN DE VIVIENDA SAMÁN ,ETAPA 1,6/14/2025,No,Banco,Ferias empresariales,"2,550,000,000,000",2025-6,2025-6,SIGMA,ETA,46 a 55 años,2,2,TAU,
Agrupación De Vivienda La Macarena,3,6/15/2025,Si,Colsubsidio,Sin Informacion,"1,532,024,000,000",2025-6,2025-6,KAPPA,OMEGA,20 a 35 años,1,1,TAU,
Agrupación De Vivienda La Macarena,ETAPA 4,7/5/2026,No,Banco,Banderas y/o señalización,"1,610,815,000,000",2026-7,,PI,CHI,,,,XI,
ARAUCARIA,ETAPA 2,7/16/2026,No,Colsubsidio,Banderas y/o señalización,"6,483,000,000,000",2026-7,,PI,CHI,,,,XI,
VERDE ESPERANZA EL DORADO,ETAPA 1,10/27/2025,No,Banco,Banderas y/o señalización,"1,578,000,000,000",2025-10,,PI,CHI,,,,XI,
Agrupación De Vivienda Pamplona I,ETAPA 2,3/14/2026,No,Banco,Contact Center,"1,821,000,000,000",2026-3,,PI,CHI,,,,XI,
Agrupación De Vivienda La Macarena,ETAPA 4,11/10/2025,No,Banco,Referido,"1,773,000,000,000",2025-11,,PI,CHI,,,,XI,
VERDE ESPERANZA EL DORADO,ETAPA 1,11/28/2025,No,Banco,Banderas y/o señalización,"1,753,000,000,000",2025-11,,PI,CHI,,,,XI,
Proyecto Karakalí,ETAPA 1,2/17/2026,No,Banco,Banderas y/o señalización,"2,363,721,750,000",2026-2,,PI,CHI,,,,XI,
VILLA MERCEDES EL DORADO,ETAPA 1,2/16/2026,No,Contado,Referido Alcaldía,"1,715,000,000,000",2026-2,,PI,CHI,,,,XI,
AGRUPACIÓN DE VIVIENDA BOSQUE DE TURPIAL,ETAPA 1,4/11/2026,No,Colsubsidio,Activación,"2,346,000,000,000",2026-4,,PI,CHI,,,,XI,
VERDE ESPERANZA EL DORADO,ETAPA 1,5/18/2026,No,Colsubsidio,Banderas y/o señalización,"1,793,000,000,000",2026-5,,PI,CHI,,,,XI,
Los Nogales,ETAPA 2,2/1/2026,No,Banco,CS Unicentro de Occidente,"5,551,320,000,000",2026-2,,PI,CHI,,,,XI,
VILLA MERCEDES EL DORADO,ETAPA 1,2/12/2026,No,Banco,Referido Alcaldía,"1,715,000,000,000",2026-2,,PI,CHI,,,,XI,
Agrupacion De Vivienda Reserva De Guayacan,ETAPA 1,11/28/2025,No,Banco,Ferias empresariales,"2,360,000,000,000",2025-11,,PI,CHI,,,,XI,
Agrupación De Vivienda La Macarena,ETAPA 4,3/15/2026,No,Banco,Activación,"1,610,815,000,000",2026-3,,PI,CHI,,,,XI,
Agrupacion De Vivienda Reserva De Guayacan,ETAPA 1,10/26/2025,No,Banco,Redes Sociales,"2,360,000,000,000",2025-10,,PI,CHI,,,,XI,
ARAUCARIA,ETAPA 1,12/19/2025,No,Banco,Activación,"6,076,000,000,000",2025-12,,PI,CHI,,,,XI,
VERDE ESPERANZA EL DORADO,ETAPA 1,10/31/2025,No,Banco,Banderas y/o señalización,"1,578,000,000,000",2025-10,,PI,CHI,,,,XI,
VERDE ESPERANZA EL DORADO,ETAPA 1,12/24/2025,No,Banco,Banderas y/o señalización,"1,753,000,000,000",2025-12,,PI,CHI,,,,XI,
AGRUPACIÓN DE VIVIENDA SAMÁN ,ETAPA 1,7/14/2026,No,Banco,Mensaje de texto,"2,585,000,000,000",2026-7,,PI,CHI,,,,XI,
VERDE ESPERANZA EL DORADO,ETAPA 1,11/27/2025,No,Colsubsidio,Banderas y/o señalización,"1,793,000,000,000",2025-11,,PI,CHI,,,,XI,
VILLA MERCEDES EL DORADO,ETAPA 1,2/17/2026,No,Banco,Referido Alcaldía,"1,715,000,000,000",2026-2,,PI,CHI,,,,XI,
AGRUPACIÓN DE VIVIENDA SAMÁN ,ETAPA 1,3/27/2026,No,Banco,Banderas y/o señalización,"2,550,000,000,000",2026-3,,PI,CHI,,,,XI,
AGRUPACIÓN DE VIVIENDA SAMÁN ,ETAPA 1,11/3/2025,No,Banco,Whatsapp,"2,550,000,000,000",2025-11,,PI,CHI,,,,XI,
Agrupacion De Vivienda Payande,ETAPA 2,11/16/2025,No,Banco,Redes Sociales,"1,779,375,000,000",2025-11,,PI,CHI,,,,XI,
VILLA MERCEDES EL DORADO,ETAPA 1,6/25/2026,No,Banco,Referido Alcaldía,"1,715,000,000,000",2026-6,,PI,CHI,,,,XI,
VILLA MERCEDES EL DORADO,ETAPA 1,2/28/2026,No,Banco,Referido Alcaldía,"1,715,000,000,000",2026-2,,PI,CHI,,,,XI,
VILLA MERCEDES EL DORADO,ETAPA 1,2/23/2026,No,Banco,Referido Alcaldía,"1,715,000,000,000",2026-2,,PI,CHI,,,,XI,
CONJUNTO RESIDENCIAL VIBO ONCE,ETAPA 1,4/24/2026,No,Banco,Banderas y/o señalización,"2,813,000,000,000",2026-4,,PI,CHI,,,,XI,
VERDE ESPERANZA EL DORADO,ETAPA 1,5/20/2026,No,Banco,Banderas y/o señalización,"1,793,000,000,000",2026-5,,PI,CHI,,,,XI,
VILLA MERCEDES EL DORADO,ETAPA 1,2/17/2026,No,Banco,Referido Alcaldía,"1,715,000,000,000",2026-2,,PI,CHI,,,,XI,
VILLA MERCEDES EL DORADO,ETAPA 1,2/14/2026,No,Banco,Referido Alcaldía,"1,715,000,000,000",2026-2,,PI,CHI,,,,XI,
Agrupación De Vivienda Monguí,ETAPA 2,12/14/2025,No,Colsubsidio,Banderas y/o señalización,"1,836,187,000,000",2025-12,,PI,CHI,,,,XI,
CONJUNTO RESIDENCIAL VIBO ONCE,ETAPA 1,12/30/2025,No,Banco,Banderas y/o señalización,"3,282,000,000,000",2025-12,,PI,CHI,,,,XI,
Agrupacion De Vivienda Fuentevida,ETAPA 2,11/7/2025,No,Contado,Banderas y/o señalización,"791,460,400,000",2025-11,,PI,CHI,,,,XI,
INARI,ETAPA 1,7/5/2026,No,Colsubsidio,Activación,"2,506,000,000,000",2026-7,,PI,CHI,,,,XI,
Agrupacion De Vivienda Bosque De Arrayan,ETAPA 3,7/12/2026,No,Colsubsidio,Banderas y/o señalización,"2,240,000,000,000",2026-7,,PI,CHI,,,,XI,
Agrupación De Vivienda Pamplona I,ETAPA 2,3/10/2026,No,Banco,Activación,"1,821,000,000,000",2026-3,,PI,CHI,,,,XI,
Agrupacion De Vivienda Reserva De Guayacan,ETAPA 1,11/28/2025,No,Banco,Redes Sociales,"2,360,000,000,000",2025-11,,PI,CHI,,,,XI,
AGRUPACIÓN DE VIVIENDA SAMÁN ,ETAPA 1,4/25/2026,No,Banco,Redes Sociales,"2,532,490,950,000",2026-4,,PI,CHI,,,,XI,
VERDE ESPERANZA EL DORADO,ETAPA 1,12/5/2025,No,Banco,Banderas y/o señalización,"1,793,000,000,000",2025-12,,PI,CHI,,,,XI,
VERDE ESPERANZA EL DORADO,ETAPA 1,5/18/2026,No,Banco,Banderas y/o señalización,"1,793,000,000,000",2026-5,,PI,CHI,,,,XI,
VERDE ESPERANZA EL DORADO,ETAPA 1,4/30/2026,No,Banco,Banderas y/o señalización,"1,793,000,000,000",2026-4,,PI,CHI,,,,XI,
VILLA MERCEDES EL DORADO,ETAPA 1,2/19/2026,No,Banco,Referido Alcaldía,"1,715,000,000,000",2026-2,,PI,CHI,,,,XI,
Agrupación De Vivienda Monguí,ETAPA 1,10/30/2025,No,Colsubsidio,Banderas y/o señalización,"1,786,492,500,000",2025-10,,PI,CHI,,,,XI,
La Arboleda,ETAPA 3,12/23/2025,No,Banco,Banderas y/o señalización,"2,233,450,000,000",2025-12,,PI,CHI,,,,XI,
VILLA MERCEDES EL DORADO,ETAPA 1,2/16/2026,No,Banco,Referido Alcaldía,"1,715,000,000,000",2026-2,,PI,CHI,,,,XI,
AGRUPACIÓN DE VIVIENDA SAMÁN ,ETAPA 1,10/11/2025,No,Banco,Valla ,"2,550,000,000,000",2025-10,,PI,CHI,,,,XI,
La Arboleda,ETAPA 1,3/7/2026,No,Colsubsidio,Banderas y/o señalización,"1,628,484,000,000",2026-3,2026-3,SIGMA,OMEGA,46 a 55 años,,,TAU,
Agrupación De Vivienda La Macarena,ETAPA 4,6/17/2026,No,Colsubsidio,Banderas y/o señalización,"1,575,815,000,000",2026-6,2026-6,KAPPA,OMEGA,20 a 35 años,,,TAU,
Agrupación De Vivienda Pamplona I,ETAPA 2,3/7/2026,No,Colsubsidio,Banderas y/o señalización,"1,786,000,000,000",2026-3,2026-3,KAPPA,OMEGA,20 a 35 años,2,2,RHO,X
Agrupación De Vivienda Pamplona I,ETAPA 3,3/15/2026,No,Banco,Activación,"2,100,000,000,000",2026-3,2026-3,SIGMA,OMEGA,36 a 45 años,2,1,GAMMA,
AGRUPACIÓN DE VIVIENDA SAMÁN ,ETAPA 1,6/6/2026,No,Colsubsidio,Activación,"2,532,490,950,000",2026-6,2026-6,SIGMA,OMEGA,Mayor de 55 años,,,RHO,X
Los Nogales,ETAPA 1,3/7/2026,No,Banco,CS Unicentro de Occidente,"5,386,430,000,000",2026-3,2026-3,NU,TAU,20 a 35 años,,,TAU,
VILLA MERCEDES EL DORADO,ETAPA 1,3/3/2026,No,Banco,Referido Alcaldía,"1,715,000,000,000",2026-3,2026-3,SIGMA,OMEGA,Mayor de 55 años,,,TAU,
VERDE ESPERANZA EL DORADO,ETAPA 1,6/3/2026,No,Colsubsidio,Banderas y/o señalización,"1,793,000,000,000",2026-6,2026-6,KAPPA,OMEGA,46 a 55 años,3,3,TAU,
AGRUPACIÓN DE VIVIENDA SAMÁN ,ETAPA 1,3/13/2026,No,Colsubsidio,Redes Sociales,"2,550,000,000,000",2026-3,2026-3,NU,OMEGA,20 a 35 años,,,GAMMA,
La Arboleda,3,12/17/2025,Si,Banco,Sin Informacion,"2,233,450,000,000",2025-12,2025-12,KAPPA,OMEGA,20 a 35 años,,,GAMMA,
Agrupación De Vivienda Monguí,ETAPA 2,12/7/2025,No,Colsubsidio,Banderas y/o señalización,"2,041,940,000,000",2025-12,2025-12,SIGMA,OMEGA,20 a 35 años,1,1,TAU,
Agrupación De Vivienda Monguí,ETAPA 2,12/7/2025,No,Colsubsidio,Banderas y/o señalización,"2,041,940,000,000",2025-12,2025-12,NU,OMEGA,20 a 35 años,,,NU,
AGRUPACIÓN DE VIVIENDA SAMÁN ,ETAPA 1,12/13/2025,No,Colsubsidio,Redes Sociales,"2,550,000,000,000",2025-12,2025-12,SIGMA,ETA,36 a 45 años,1,1,RHO,X
Agrupación De Vivienda La Macarena,ETAPA 4,12/13/2025,No,Banco,Banderas y/o señalización,"1,773,000,000,000",2025-12,2025-12,NU,OMEGA,36 a 45 años,,,GAMMA,
Agrupación De Vivienda Monguí,ETAPA 1,12/15/2025,No,Colsubsidio,Banderas y/o señalización,"1,907,490,000,000",2025-12,2025-12,SIGMA,ETA,36 a 45 años,2,2,GAMMA,
VILLA FIORITA,ETAPA 2,3/6/2024,No,Colsubsidio,Valla ,"1,950,000,000,000",2024-3,2024-3,NU,OMEGA,20 - 35 años,,1,TAU,
VERDE ESPERANZA EL DORADO,ETAPA 1,9/29/2025,No,Colsubsidio,Valla ,"1,618,000,000,000",2025-9,2025-9,KAPPA,OMEGA,36 a 45 años,4,4,GAMMA,
Conjunto Residencial Campo Alegre El Dorado,ETAPA 1,9/30/2025,No,Banco,Referido Alcaldía,"1,184,494,350,000",2025-9,2025-9,KAPPA,OMEGA,20 a 35 años,,,ZETA,
INARI,ETAPA 1,8/23/2025,No,Colsubsidio,Activación,"2,506,000,000,000",2025-8,2025-8,NU,OMEGA,20 a 35 años,,,NU,
La Arboleda,ETAPA 2,8/23/2025,No,Colsubsidio,Whatsapp,"1,786,492,500,000",2025-8,2025-8,NU,OMEGA,20 a 35 años,,,NU,
Agrupación De Vivienda Monguí,ETAPA 1,9/21/2025,No,Colsubsidio,Banderas y/o señalización,"1,762,293,000,000",2025-9,2025-9,KAPPA,OMEGA,20 a 35 años,,,TAU,
INARI,ETAPA 1,8/24/2025,No,Colsubsidio,Activación,"2,506,000,000,000",2025-8,2025-8,SIGMA,OMEGA,36 a 45 años,,,TAU,
INARI,1,11/14/2024,Si,Banco,Sin Informacion,"2,506,000,000,000",2024-11,2024-11,NU,ETA,20 - 35 años,,,RHO,X
Agrupación De Vivienda Monguí,,3/23/2025,Si,Banco,Sin Informacion,"1,750,905,000,000",2025-3,2025-3,KAPPA,OMEGA,36 a 45 años,,,ALPHA,
Agrupación De Vivienda Monguí,ETAPA 2,3/14/2025,No,Banco,Banderas y/o señalización,"1,898,949,000,000",2025-3,2025-3,KAPPA,OMEGA,36 a 45 años,2,2,GAMMA,
Agrupacion De Vivienda Payande,ETAPA 3,8/21/2025,No,Banco,Ferias empresariales,"1,861,725,000,000",2025-8,2025-8,NU,OMEGA,20 a 35 años,,,GAMMA,
Agrupación De Vivienda La Macarena,ETAPA 3,3/20/2025,No,Banco,Banderas y/o señalización,"1,622,790,000,000",2025-3,2025-3,SIGMA,OMEGA,36 a 45 años,1,,NU,
VERDE ESPERANZA EL DORADO,ETAPA 1,9/30/2025,No,Colsubsidio,Valla ,"1,578,000,000,000",2025-9,2025-9,KAPPA,OMEGA,20 a 35 años,1,1,NU,
Versalles,ETAPA 1,9/13/2025,No,Banco,Banderas y/o señalización,"1,987,000,000,000",2025-9,2025-9,SIGMA,OMEGA,36 a 45 años,2,1,NU,
Proyecto Karakalí,ETAPA 1,8/23/2025,No,Colsubsidio,Ferias empresariales,"2,451,267,000,000",2025-8,2025-8,NU,OMEGA,20 a 35 años,,,TAU,
Agrupación De Vivienda Monguí,ETAPA 1,3/18/2025,No,Banco,Referido,"1,750,905,000,000",2025-3,2025-3,KAPPA,OMEGA,Menor de 19 años,,,NU,
Agrupacion De Vivienda Payande,ETAPA 1,3/10/2025,No,Colsubsidio,Banderas y/o señalización,"1,639,375,000,000",2025-3,2025-3,SIGMA,OMEGA,20 a 35 años,1,,TAU,
Agrupación De Vivienda Pamplona I,ETAPA 2,3/16/2025,No,Banco,Ferias empresariales,"2,095,000,000,000",2025-3,2025-3,KAPPA,OMEGA,46 a 55 años,4,1,TAU,
VILLA FIORITA,ETAPA 3,8/27/2025,No,Colsubsidio,Whatsapp,"2,135,250,000,000",2025-8,2025-8,NU,OMEGA,Menor de 19 años,,,TAU,
AGRUPACIÓN DE VIVIENDA SAMÁN ,ETAPA 1,9/14/2025,No,Banco,Redes Sociales,"2,550,000,000,000",2025-9,2025-9,KAPPA,OMEGA,20 a 35 años,,,TAU,
Agrupación De Vivienda La Macarena,ETAPA 3,8/30/2025,No,Colsubsidio,Activación,"1,487,557,500,000",2025-8,2025-8,NU,OMEGA,36 a 45 años,,,TAU,
Agrupación De Vivienda Monguí,ETAPA 2,10/23/2025,No,Banco,Banderas y/o señalización,"1,651,260,000,000",2025-10,2025-10,SIGMA,OMEGA,36 a 45 años,1,1,ALPHA,
Agrupación De Vivienda Monguí,ETAPA 2,1/17/2026,No,Colsubsidio,Banderas y/o señalización,"1,979,590,000,000",2026-1,2026-1,NU,OMEGA,20 a 35 años,,,RHO,X
Agrupación De Vivienda La Macarena,3,1/26/2024,Si,Banco,Sin Informacion,"1,528,839,000,000",2024-1,2024-1,KAPPA,OMEGA,Mayor de 55 años,1,1,RHO,X
La Arboleda,ETAPA 2,1/30/2024,No,Banco,Banderas y/o señalización,"1,954,465,500,000",2024-1,2024-1,SIGMA,OMEGA,20 - 35 años,2,1,RHO,X
AGRUPACIÓN DE VIVIENDA SAMÁN ,ETAPA 1,1/12/2026,No,Banco,Redes Sociales,"2,550,000,000,000",2026-1,2026-1,SIGMA,OMEGA,36 a 45 años,2,2,RHO,X
La Arboleda,ETAPA 1,1/5/2024,No,Colsubsidio,Contact Center,"1,601,600,000,000",2024-1,2024-1,SIGMA,OMEGA,20 - 35 años,1,1,RHO,X
La Arboleda,ETAPA 3,7/27/2025,No,Banco,Whatsapp,"2,446,170,000,000",2025-7,2025-7,NU,OMEGA,20 a 35 años,,,GAMMA,
INARI,ETAPA 1,7/15/2025,No,Colsubsidio,Banderas y/o señalización,"2,506,000,000,000",2025-7,2025-7,KAPPA,OMEGA,46 a 55 años,,,ZETA,
AGRUPACIÓN DE VIVIENDA SAMÁN ,ETAPA 1,1/28/2026,No,Banco,Página web ,"2,550,000,000,000",2026-1,2026-1,KAPPA,ETA,36 a 45 años,2,,IOTA,
INARI,ETAPA 1,5/31/2026,No,Colsubsidio,Activación,"2,506,000,000,000",2026-5,2026-5,KAPPA,OMEGA,36 a 45 años,2,,RHO,X
Agrupación De Vivienda Monguí,ETAPA 2,9/6/2024,No,Banco,Banderas y/o señalización,"1,984,359,000,000",2024-9,2024-9,NU,OMEGA,20 - 35 años,0,0,RHO,X
La Arboleda,ETAPA 2,6/13/2025,No,Banco,Página web ,"1,790,763,000,000",2025-6,2025-6,KAPPA,OMEGA,20 a 35 años,1,1,RHO,X
Agrupacion De Vivienda Bosque De Arrayan,,6/29/2024,Si,Colsubsidio,Sin Informacion,"1,686,100,000,000",2024-6,2024-6,SIGMA,OMEGA,46 - 55 años,,,GAMMA,
INARI,ETAPA 1,9/24/2024,No,Banco,Banderas y/o señalización,"2,808,000,000,000",2024-9,2024-9,KAPPA,OMEGA,20 - 35 años,0,0,TAU,
INARI,ETAPA 1,6/13/2025,No,Colsubsidio,Activación,"2,506,000,000,000",2025-6,2025-6,KAPPA,OMEGA,36 a 45 años,3,2,TAU,
Agrupación De Vivienda Monguí,ETAPA 2,6/13/2025,No,Colsubsidio,Activación,"1,910,337,000,000",2025-6,2025-6,SIGMA,OMEGA,46 a 55 años,,,TAU,
VERDE ESPERANZA EL DORADO,ETAPA 1,5/24/2026,No,Banco,Banderas y/o señalización,"1,793,000,000,000",2026-5,2026-5,KAPPA,OMEGA,36 a 45 años,,,TAU,
ABETO,ETAPA 3,5/27/2026,No,Banco,Activación,"4,388,000,000,000",2026-5,2026-5,NU,OMEGA,20 a 35 años,,,TAU,
Agrupación De Vivienda Monguí,ETAPA 2,6/14/2024,No,Banco,Ferias empresariales,"1,964,430,000,000",2024-6,2024-6,SIGMA,OMEGA,36 - 45 años,2,,ALPHA,
Agrupación De Vivienda Pamplona I,,9/9/2024,Si,Banco,Sin Informacion,"2,078,310,000,000",2024-9,2024-9,SIGMA,ETA,Mayor de 55 años,0,0,RHO,X
Agrupación De Vivienda Monguí,ETAPA 1,2/27/2025,No,Banco,Activación,"1,954,465,500,000",2025-2,2025-2,KAPPA,OMEGA,20 a 35 años,,,GAMMA,
Agrupación De Vivienda Monguí,ETAPA 1,5/29/2025,No,Banco,Página web ,"1,740,940,500,000",2025-5,2025-5,NU,OMEGA,36 a 45 años,,,GAMMA,
La Arboleda,ETAPA 4,5/23/2026,No,Colsubsidio,Ferias empresariales,"1,976,071,000,000",2026-5,2026-5,SIGMA,OMEGA,36 a 45 años,2,1,NU,
AGRUPACIÓN DE VIVIENDA SAMÁN ,ETAPA 1,6/14/2025,No,Colsubsidio,Ferias empresariales,"2,550,000,000,000",2025-6,2025-6,KAPPA,OMEGA,20 a 35 años,3,3,TAU,
VERDE ESPERANZA EL DORADO,ETAPA 1,5/25/2026,No,Banco,Banderas y/o señalización,"1,793,000,000,000",2026-5,2026-5,KAPPA,OMEGA,20 a 35 años,3,2,TAU,